application_id,candidate_id,department_id,application_date,status
1,1,4,2026-02-22,Rejected
2,2,5,2026-07-02,Shortlisted
3,3,2,2026-02-10,Rejected
4,4,6,2026-03-09,Rejected
5,5,4,2026-02-12,Rejected
6,6,6,2026-03-01,Withdrawn
7,7,1,2026-04-18,Shortlisted
8,8,4,2026-06-23,Shortlisted
9,9,5,2025-10-09,Withdrawn
10,10,1,2026-02-07,Shortlisted
11,11,6,2025-10-15,Rejected
12,12,6,2026-04-09,Rejected
13,13,4,2025-10-31,Rejected
14,14,1,2026-01-27,Rejected
15,15,2,2026-05-20,Shortlisted
16,16,3,2026-03-04,Rejected
17,17,5,2026-07-11,Rejected
18,18,3,2025-09-28,Shortlisted
19,19,3,2026-06-16,Shortlisted
20,20,6,2026-06-17,Rejected
21,21,2,2026-04-06,Rejected
22,22,3,2026-01-20,Rejected
23,23,5,2025-11-17,Shortlisted
24,24,2,2025-10-17,Rejected
25,25,6,2026-08-19,Rejected
26,26,4,2025-12-21,Rejected
27,27,4,2026-07-06,Rejected
28,28,5,2026-08-30,Withdrawn
29,29,1,2026-02-18,Rejected
30,30,1,2025-12-18,Withdrawn
31,31,4,2026-04-03,Rejected
32,32,4,2026-01-26,Shortlisted
33,33,4,2026-04-30,Withdrawn
34,34,4,2026-05-20,Shortlisted
35,35,1,2025-10-18,Rejected
36,36,5,2026-03-08,Shortlisted
37,37,6,2026-09-07,Rejected
38,38,1,2025-11-19,Rejected
39,39,4,2026-06-24,Withdrawn
40,40,6,2025-11-06,Rejected
41,41,5,2025-11-08,Shortlisted
42,42,6,2026-01-05,Withdrawn
43,43,4,2026-03-18,Rejected
44,44,1,2025-12-08,Shortlisted
45,45,4,2026-01-02,Shortlisted
46,46,3,2025-09-27,Withdrawn
47,47,3,2026-02-10,Shortlisted
48,48,6,2026-04-02,Rejected
49,49,1,2025-11-04,Withdrawn
50,50,5,2025-12-25,Shortlisted
51,51,5,2025-10-20,Rejected
52,52,3,2026-02-08,Shortlisted
53,53,3,2026-08-24,Rejected
54,54,4,2025-09-18,Shortlisted
55,55,6,2026-06-27,Rejected
56,56,6,2026-08-06,Rejected
57,57,5,2026-04-28,Rejected
58,58,3,2025-12-24,Withdrawn
59,59,2,2026-05-07,Shortlisted
60,60,6,2026-06-21,Rejected
61,61,3,2026-03-05,Rejected
62,62,6,2026-05-02,Rejected
63,63,1,2026-04-02,Shortlisted
64,64,5,2026-03-26,Rejected
65,65,1,2026-07-10,Rejected
66,66,3,2025-12-15,Shortlisted
67,67,3,2026-02-04,Withdrawn
68,68,2,2026-01-26,Shortlisted
69,69,6,2026-08-09,Rejected
70,70,5,2026-03-08,Rejected
71,71,5,2025-09-22,Withdrawn
72,72,2,2026-02-18,Rejected
73,73,5,2026-02-12,Withdrawn
74,74,1,2025-09-24,Rejected
75,75,6,2026-02-02,Rejected
76,76,6,2025-11-06,Shortlisted
77,77,5,2026-07-09,Rejected
78,78,6,2026-02-26,Rejected
79,79,5,2025-12-02,Withdrawn
80,80,5,2026-08-13,Rejected
81,81,3,2026-03-16,Rejected
82,82,4,2026-05-21,Rejected
83,83,6,2026-05-06,Rejected
84,84,1,2026-05-08,Rejected
85,85,1,2026-01-23,Rejected
86,86,2,2026-05-13,Rejected
87,87,6,2026-03-30,Rejected
88,88,6,2025-12-02,Rejected
89,89,1,2025-09-18,Rejected
90,90,2,2026-04-14,Rejected
91,91,1,2026-03-15,Rejected
92,92,5,2026-04-13,Rejected
93,93,4,2026-03-25,Withdrawn
94,94,6,2026-08-06,Rejected
95,95,5,2026-01-14,Shortlisted
96,96,1,2026-09-05,Rejected
97,97,6,2026-01-16,Shortlisted
98,98,5,2025-10-30,Shortlisted
99,99,5,2026-04-08,Shortlisted
100,100,2,2026-06-04,Rejected
101,101,6,2026-04-26,Rejected
102,102,6,2026-06-12,Rejected
103,103,4,2025-09-13,Rejected
104,104,6,2026-09-06,Shortlisted
105,105,4,2026-03-07,Rejected
106,106,4,2026-01-03,Rejected
107,107,6,2026-07-08,Rejected
108,108,3,2026-07-04,Rejected
109,109,4,2025-10-05,Shortlisted
110,110,4,2026-04-18,Rejected
111,111,6,2025-09-11,Shortlisted
112,112,5,2026-03-18,Rejected
113,113,5,2026-03-16,Shortlisted
114,114,5,2026-07-28,Shortlisted
115,115,4,2026-07-10,Rejected
116,116,1,2026-06-21,Rejected
117,117,1,2026-08-17,Shortlisted
118,118,3,2026-02-23,Rejected
119,119,2,2026-07-24,Shortlisted
120,120,4,2026-08-15,Withdrawn
121,121,4,2026-05-08,Rejected
122,122,2,2026-04-02,Shortlisted
123,123,2,2025-09-27,Rejected
124,124,4,2026-09-09,Rejected
125,125,3,2026-07-02,Rejected
126,126,3,2026-05-07,Withdrawn
127,127,2,2026-01-25,Shortlisted
128,128,5,2026-05-21,Withdrawn
129,129,1,2026-09-01,Withdrawn
130,130,4,2025-10-23,Rejected
131,131,3,2025-12-21,Rejected
132,132,1,2026-07-17,Rejected
133,133,2,2025-10-03,Rejected
134,134,4,2025-09-15,Rejected
135,135,2,2025-10-01,Rejected
136,136,3,2026-02-09,Rejected
137,137,6,2026-03-16,Rejected
138,138,1,2026-04-09,Shortlisted
139,139,6,2025-12-25,Rejected
140,140,4,2026-08-09,Rejected
141,141,5,2025-12-26,Rejected
142,142,1,2026-08-19,Shortlisted
143,143,3,2026-03-06,Rejected
144,144,2,2026-01-27,Rejected
145,145,4,2026-02-02,Rejected
146,146,2,2026-01-20,Shortlisted
147,147,4,2025-09-15,Rejected
148,148,2,2026-03-07,Withdrawn
149,149,2,2026-01-06,Shortlisted
150,150,3,2025-11-24,Rejected
151,151,2,2026-06-15,Rejected
152,152,5,2026-04-23,Shortlisted
153,153,2,2026-04-22,Rejected
154,154,2,2025-11-15,Rejected
155,155,2,2026-09-06,Shortlisted
156,156,5,2025-11-26,Shortlisted
157,157,1,2026-08-29,Shortlisted
158,158,2,2026-02-25,Rejected
159,159,6,2025-11-07,Rejected
160,160,1,2026-07-31,Shortlisted
161,161,6,2026-07-12,Rejected
162,162,2,2026-04-25,Rejected
163,163,3,2026-02-21,Withdrawn
164,164,1,2026-07-25,Shortlisted
165,165,4,2025-11-24,Shortlisted
166,166,2,2026-06-17,Shortlisted
167,167,2,2026-02-01,Rejected
168,168,6,2025-11-11,Rejected
169,169,5,2026-08-16,Shortlisted
170,170,3,2025-12-15,Rejected
171,171,6,2025-11-02,Rejected
172,172,1,2025-12-28,Shortlisted
173,173,6,2026-05-24,Rejected
174,174,5,2026-09-07,Rejected
175,175,1,2026-02-18,Shortlisted
176,176,2,2025-12-11,Rejected
177,177,5,2026-06-12,Rejected
178,178,6,2025-10-21,Rejected
179,179,3,2026-02-19,Rejected
180,180,6,2026-05-02,Rejected
181,181,4,2026-04-16,Withdrawn
182,182,5,2025-09-16,Rejected
183,183,5,2026-04-16,Shortlisted
184,184,6,2026-04-18,Rejected
185,185,3,2026-02-25,Rejected
186,186,6,2025-11-05,Rejected
187,187,3,2026-02-05,Rejected
188,188,6,2026-08-18,Shortlisted
189,189,3,2026-07-04,Rejected
190,190,6,2025-12-05,Rejected
191,191,2,2026-02-16,Rejected
192,192,6,2025-09-11,Shortlisted
193,193,3,2025-11-26,Shortlisted
194,194,2,2025-12-20,Rejected
195,195,6,2025-11-21,Rejected
196,196,2,2025-12-04,Rejected
197,197,5,2025-10-15,Rejected
198,198,5,2026-07-31,Rejected
199,199,2,2025-11-07,Shortlisted
200,200,2,2026-04-22,Rejected
201,201,5,2026-09-11,Shortlisted
202,202,5,2025-11-29,Shortlisted
203,203,5,2026-01-25,Rejected
204,204,5,2026-06-03,Rejected
205,205,6,2025-11-28,Rejected
206,206,2,2026-08-13,Rejected
207,207,1,2025-11-03,Rejected
208,208,1,2026-01-13,Shortlisted
209,209,1,2025-10-29,Rejected
210,210,3,2026-06-07,Rejected
211,211,6,2026-06-10,Rejected
212,212,3,2026-03-07,Rejected
213,213,1,2025-12-23,Rejected
214,214,6,2026-02-01,Shortlisted
215,215,3,2026-01-15,Shortlisted
216,216,4,2025-09-30,Rejected
217,217,6,2025-10-15,Rejected
218,218,4,2026-04-17,Rejected
219,219,1,2025-11-23,Rejected
220,220,4,2025-11-29,Shortlisted
221,221,3,2026-04-23,Rejected
222,222,4,2026-05-10,Shortlisted
223,223,3,2026-04-23,Rejected
224,224,5,2026-07-01,Rejected
225,225,4,2026-02-17,Shortlisted
226,226,5,2025-12-10,Rejected
227,227,6,2026-09-04,Rejected
228,228,6,2026-03-10,Shortlisted
229,229,5,2026-01-25,Rejected
230,230,3,2026-06-21,Shortlisted
231,231,4,2026-03-23,Rejected
232,232,2,2025-12-24,Shortlisted
233,233,3,2026-04-22,Rejected
234,234,4,2025-10-07,Shortlisted
235,235,6,2026-04-03,Rejected
236,236,2,2026-07-24,Rejected
237,237,4,2025-11-29,Shortlisted
238,238,5,2025-11-07,Shortlisted
239,239,3,2025-12-22,Withdrawn
240,240,3,2026-07-27,Shortlisted
241,241,5,2026-05-15,Rejected
242,242,3,2025-11-21,Rejected
243,243,3,2026-07-26,Rejected
244,244,4,2025-12-08,Rejected
245,245,6,2026-01-17,Rejected
246,246,1,2026-05-21,Rejected
247,247,5,2026-09-06,Rejected
248,248,1,2026-07-11,Shortlisted
249,249,6,2026-03-19,Rejected
250,250,1,2026-07-15,Rejected
251,251,6,2026-06-13,Rejected
252,252,4,2026-01-22,Withdrawn
253,253,4,2026-02-22,Rejected
254,254,2,2026-02-15,Rejected
255,255,2,2026-04-26,Rejected
256,256,4,2026-06-03,Rejected
257,257,4,2026-08-26,Shortlisted
258,258,6,2026-01-02,Rejected
259,259,2,2026-07-13,Withdrawn
260,260,2,2025-09-16,Shortlisted
261,261,5,2026-08-26,Rejected
262,262,5,2026-02-07,Shortlisted
263,263,1,2025-09-30,Rejected
264,264,4,2025-10-14,Shortlisted
265,265,1,2026-09-07,Rejected
266,266,1,2026-08-26,Rejected
267,267,3,2026-03-25,Rejected
268,268,4,2025-11-24,Rejected
269,269,6,2026-03-07,Shortlisted
270,270,4,2026-07-15,Shortlisted
271,271,6,2026-02-24,Shortlisted
272,272,3,2026-01-10,Rejected
273,273,4,2026-02-08,Rejected
274,274,5,2026-01-30,Rejected
275,275,6,2025-12-20,Rejected
276,276,6,2026-05-31,Rejected
277,277,3,2025-09-15,Rejected
278,278,6,2025-11-16,Withdrawn
279,279,1,2026-08-22,Rejected
280,280,4,2026-04-05,Rejected
281,281,5,2026-01-09,Rejected
282,282,5,2026-02-09,Shortlisted
283,283,1,2025-12-31,Withdrawn
284,284,3,2026-02-19,Withdrawn
285,285,6,2026-01-21,Rejected
286,286,3,2026-06-02,Rejected
287,287,5,2025-12-16,Shortlisted
288,288,3,2026-05-21,Rejected
289,289,4,2026-07-14,Rejected
290,290,6,2025-10-16,Shortlisted
291,291,4,2026-01-14,Withdrawn
292,292,3,2025-11-19,Shortlisted
293,293,4,2026-04-23,Rejected
294,294,6,2026-02-12,Withdrawn
295,295,2,2026-03-10,Rejected
296,296,5,2026-08-19,Rejected
297,297,6,2025-10-21,Rejected
298,298,6,2026-05-18,Rejected
299,299,5,2026-04-27,Withdrawn
300,300,1,2026-06-06,Rejected
301,301,4,2026-08-11,Rejected
302,302,1,2026-07-21,Rejected
303,303,4,2026-02-05,Rejected
304,304,3,2026-08-02,Rejected
305,305,4,2025-10-24,Shortlisted
306,306,5,2026-01-05,Withdrawn
307,307,5,2025-10-31,Rejected
308,308,4,2025-10-11,Shortlisted
309,309,3,2026-03-11,Rejected
310,310,5,2026-08-19,Rejected
311,311,5,2026-09-08,Rejected
312,312,2,2026-07-30,Rejected
313,313,4,2025-12-04,Shortlisted
314,314,3,2026-04-18,Shortlisted
315,315,2,2026-08-12,Shortlisted
316,316,5,2025-11-10,Rejected
317,317,6,2026-08-12,Rejected
318,318,4,2026-06-26,Rejected
319,319,6,2026-05-03,Shortlisted
320,320,2,2026-07-01,Shortlisted
321,321,2,2026-05-15,Rejected
322,322,5,2026-06-05,Rejected
323,323,3,2026-03-01,Shortlisted
324,324,1,2026-05-29,Shortlisted
325,325,1,2026-05-20,Rejected
326,326,4,2026-02-13,Shortlisted
327,327,2,2026-08-27,Rejected
328,328,1,2026-02-24,Shortlisted
329,329,5,2025-11-23,Shortlisted
330,330,3,2026-04-14,Rejected
331,331,4,2026-03-27,Rejected
332,332,4,2026-01-19,Rejected
333,333,3,2026-08-23,Rejected
334,334,1,2026-01-31,Shortlisted
335,335,4,2025-12-27,Shortlisted
336,336,3,2026-03-12,Rejected
337,337,6,2025-12-20,Withdrawn
338,338,1,2026-08-24,Rejected
339,339,1,2026-05-10,Rejected
340,340,2,2025-12-04,Shortlisted
341,341,3,2026-01-24,Shortlisted
342,342,2,2026-05-24,Rejected
343,343,6,2025-10-24,Rejected
344,344,3,2026-07-15,Withdrawn
345,345,5,2026-04-22,Rejected
346,346,6,2025-10-23,Rejected
347,347,6,2025-11-05,Shortlisted
348,348,5,2025-11-21,Withdrawn
349,349,1,2025-11-25,Shortlisted
350,350,3,2026-02-26,Shortlisted
351,351,5,2025-12-31,Rejected
352,352,2,2026-02-05,Shortlisted
353,353,2,2026-04-08,Rejected
354,354,4,2025-11-12,Rejected
355,355,6,2026-06-17,Rejected
356,356,1,2026-01-13,Rejected
357,357,5,2025-10-09,Rejected
358,358,6,2026-05-31,Shortlisted
359,359,1,2026-04-09,Shortlisted
360,360,3,2025-12-28,Rejected
361,361,4,2026-05-23,Shortlisted
362,362,5,2026-03-12,Shortlisted
363,363,1,2026-08-10,Shortlisted
364,364,3,2025-11-19,Rejected
365,365,4,2026-07-19,Shortlisted
366,366,5,2026-04-05,Shortlisted
367,367,3,2026-03-15,Rejected
368,368,4,2026-01-11,Rejected
369,369,6,2025-11-21,Rejected
370,370,5,2026-05-13,Shortlisted
371,371,5,2026-07-21,Rejected
372,372,1,2025-10-20,Shortlisted
373,373,4,2025-09-26,Rejected
374,374,6,2026-01-01,Rejected
375,375,3,2026-07-21,Rejected
376,376,5,2025-12-04,Shortlisted
377,377,6,2026-07-27,Rejected
378,378,2,2025-10-29,Rejected
379,379,5,2026-05-19,Rejected
380,380,4,2025-12-06,Shortlisted
381,381,4,2026-05-13,Rejected
382,382,4,2026-04-02,Shortlisted
383,383,1,2025-10-02,Rejected
384,384,6,2026-02-15,Rejected
385,385,2,2026-01-22,Rejected
386,386,2,2026-08-22,Rejected
387,387,5,2026-02-02,Withdrawn
388,388,3,2025-09-16,Shortlisted
389,389,6,2025-12-04,Shortlisted
390,390,4,2026-05-25,Shortlisted
391,391,5,2026-06-28,Shortlisted
392,392,2,2026-08-23,Shortlisted
393,393,2,2026-08-02,Shortlisted
394,394,3,2025-12-07,Shortlisted
395,395,2,2025-12-01,Shortlisted
396,396,3,2026-08-09,Shortlisted
397,397,1,2025-11-19,Withdrawn
398,398,2,2026-01-24,Rejected
399,399,6,2025-10-18,Shortlisted
400,400,4,2025-11-20,Rejected
401,401,5,2026-08-13,Rejected
402,402,4,2026-02-05,Shortlisted
403,403,4,2026-07-07,Shortlisted
404,404,1,2026-07-21,Rejected
405,405,1,2025-10-18,Shortlisted
406,406,2,2026-07-04,Withdrawn
407,407,6,2026-08-24,Shortlisted
408,408,1,2025-09-27,Rejected
409,409,1,2025-12-02,Withdrawn
410,410,5,2026-09-10,Withdrawn
411,411,3,2026-07-18,Withdrawn
412,412,4,2026-07-01,Rejected
413,413,6,2026-03-29,Shortlisted
414,414,1,2026-05-30,Shortlisted
415,415,4,2026-09-04,Shortlisted
416,416,6,2025-11-07,Shortlisted
417,417,1,2025-09-18,Rejected
418,418,6,2026-07-20,Rejected
419,419,6,2026-05-15,Rejected
420,420,2,2026-08-09,Rejected
421,421,5,2025-09-12,Rejected
422,422,2,2025-12-15,Shortlisted
423,423,2,2025-11-21,Rejected
424,424,5,2025-12-19,Rejected
425,425,5,2026-07-07,Rejected
426,426,5,2026-01-19,Rejected
427,427,2,2026-02-06,Shortlisted
428,428,2,2026-09-07,Shortlisted
429,429,3,2026-04-17,Rejected
430,430,3,2025-12-19,Rejected
431,431,5,2026-07-27,Rejected
432,432,5,2026-08-03,Rejected
433,433,1,2026-07-10,Rejected
434,434,5,2025-11-15,Rejected
435,435,6,2026-01-22,Shortlisted
436,436,4,2026-06-03,Rejected
437,437,1,2026-06-10,Withdrawn
438,438,3,2026-01-05,Shortlisted
439,439,2,2026-04-13,Shortlisted
440,440,2,2025-11-03,Rejected
441,441,2,2025-11-05,Rejected
442,442,1,2025-12-04,Rejected
443,443,4,2026-05-21,Rejected
444,444,1,2026-07-17,Withdrawn
445,445,5,2025-12-08,Rejected
446,446,3,2026-01-26,Shortlisted
447,447,4,2026-06-27,Rejected
448,448,5,2026-08-24,Rejected
449,449,6,2025-10-31,Rejected
450,450,1,2025-10-08,Shortlisted
451,451,5,2026-03-22,Rejected
452,452,3,2026-05-17,Rejected
453,453,3,2025-11-01,Shortlisted
454,454,5,2025-10-06,Rejected
455,455,1,2025-09-16,Rejected
456,456,1,2026-06-27,Rejected
457,457,6,2026-04-19,Rejected
458,458,5,2026-05-05,Shortlisted
459,459,2,2026-04-28,Rejected
460,460,4,2026-09-02,Shortlisted
461,461,4,2025-11-27,Rejected
462,462,5,2025-12-09,Shortlisted
463,463,5,2026-01-10,Rejected
464,464,3,2025-11-11,Rejected
465,465,1,2026-01-27,Rejected
466,466,2,2026-02-26,Rejected
467,467,3,2026-06-07,Shortlisted
468,468,2,2026-01-21,Rejected
469,469,6,2026-01-03,Shortlisted
470,470,5,2026-04-15,Rejected
471,471,6,2026-04-15,Rejected
472,472,4,2026-06-05,Shortlisted
473,473,2,2026-07-08,Rejected
474,474,6,2026-07-21,Rejected
475,475,4,2026-04-13,Rejected
476,476,4,2026-03-16,Rejected
477,477,5,2025-10-23,Rejected
478,478,2,2026-01-19,Shortlisted
479,479,4,2026-05-30,Withdrawn
480,480,3,2026-04-15,Rejected
481,481,5,2025-10-01,Withdrawn
482,482,4,2025-12-07,Shortlisted
483,483,3,2025-11-13,Rejected
484,484,4,2025-12-14,Rejected
485,485,3,2026-05-09,Rejected
486,486,1,2025-12-13,Shortlisted
487,487,6,2026-01-23,Rejected
488,488,5,2026-06-09,Rejected
489,489,4,2025-10-26,Shortlisted
490,490,4,2026-02-10,Rejected
491,491,6,2026-01-26,Rejected
492,492,4,2025-12-06,Shortlisted
493,493,2,2026-02-10,Rejected
494,494,5,2025-12-02,Shortlisted
495,495,4,2026-04-30,Rejected
496,496,5,2025-12-23,Withdrawn
497,497,6,2025-10-01,Rejected
498,498,6,2025-11-02,Shortlisted
499,499,4,2026-04-02,Rejected
500,500,2,2026-06-15,Rejected
501,501,6,2025-11-18,Rejected
502,502,6,2026-03-22,Shortlisted
503,503,2,2026-09-11,Shortlisted
504,504,3,2026-04-10,Rejected
505,505,4,2025-11-12,Withdrawn
506,506,2,2025-12-03,Shortlisted
507,507,2,2026-06-16,Rejected
508,508,3,2026-07-27,Shortlisted
509,509,2,2026-03-12,Rejected
510,510,3,2026-01-05,Rejected
511,511,4,2025-12-30,Rejected
512,512,1,2026-08-08,Rejected
513,513,6,2025-12-04,Rejected
514,514,5,2026-01-14,Rejected
515,515,4,2025-12-01,Rejected
516,516,4,2026-05-22,Shortlisted
517,517,3,2026-07-22,Withdrawn
518,518,1,2025-11-18,Rejected
519,519,2,2025-11-02,Shortlisted
520,520,3,2025-10-05,Withdrawn
521,521,2,2026-09-11,Rejected
522,522,1,2026-06-30,Shortlisted
523,523,1,2026-06-22,Rejected
524,524,3,2025-11-09,Withdrawn
525,525,1,2026-06-05,Rejected
526,526,5,2026-06-22,Shortlisted
527,527,6,2026-02-24,Shortlisted
528,528,2,2026-01-02,Shortlisted
529,529,6,2026-08-01,Rejected
530,530,1,2026-06-12,Rejected
531,531,2,2025-10-31,Withdrawn
532,532,5,2026-02-22,Shortlisted
533,533,3,2026-06-02,Rejected
534,534,2,2026-07-15,Rejected
535,535,3,2026-02-06,Withdrawn
536,536,6,2026-02-28,Rejected
537,537,3,2026-02-09,Rejected
538,538,5,2026-06-26,Withdrawn
539,539,4,2026-03-24,Rejected
540,540,3,2026-02-25,Rejected
541,541,2,2026-09-01,Rejected
542,542,6,2026-01-02,Rejected
543,543,4,2026-01-07,Rejected
544,544,5,2025-11-15,Shortlisted
545,545,3,2025-11-19,Shortlisted
546,546,2,2026-04-12,Shortlisted
547,547,1,2025-11-16,Rejected
548,548,5,2026-01-14,Shortlisted
549,549,1,2026-08-17,Shortlisted
550,550,5,2026-01-22,Withdrawn
551,551,6,2026-02-17,Withdrawn
552,552,5,2026-06-24,Shortlisted
553,553,1,2026-07-13,Rejected
554,554,1,2026-07-29,Rejected
555,555,5,2026-04-01,Rejected
556,556,3,2026-07-30,Shortlisted
557,557,4,2026-05-24,Rejected
558,558,4,2025-12-10,Rejected
559,559,5,2026-04-19,Rejected
560,560,4,2026-03-28,Rejected
561,561,6,2025-10-19,Rejected
562,562,5,2026-02-28,Rejected
563,563,3,2026-01-23,Rejected
564,564,3,2026-05-11,Rejected
565,565,4,2026-07-13,Shortlisted
566,566,6,2026-05-24,Rejected
567,567,5,2026-06-15,Withdrawn
568,568,2,2026-04-21,Shortlisted
569,569,4,2025-09-12,Rejected
570,570,2,2025-11-13,Rejected
571,571,3,2026-07-30,Rejected
572,572,2,2026-07-05,Rejected
573,573,2,2026-08-22,Rejected
574,574,1,2026-08-20,Rejected
575,575,5,2025-12-25,Rejected
576,576,2,2025-11-21,Rejected
577,577,3,2025-10-16,Shortlisted
578,578,2,2026-06-10,Shortlisted
579,579,3,2025-10-04,Shortlisted
580,580,6,2026-08-13,Rejected
581,581,5,2026-05-21,Withdrawn
582,582,2,2026-02-06,Shortlisted
583,583,3,2026-06-17,Rejected
584,584,4,2026-01-15,Rejected
585,585,4,2025-12-18,Rejected
586,586,5,2026-02-04,Shortlisted
587,587,5,2026-01-27,Withdrawn
588,588,3,2026-01-27,Rejected
589,589,6,2026-03-21,Rejected
590,590,4,2026-04-20,Shortlisted
591,591,6,2025-10-09,Shortlisted
592,592,6,2025-11-06,Rejected
593,593,2,2026-03-17,Shortlisted
594,594,2,2026-08-16,Rejected
595,595,4,2026-08-19,Rejected
596,596,5,2025-11-09,Shortlisted
597,597,3,2026-02-28,Rejected
598,598,6,2026-04-16,Shortlisted
599,599,2,2026-07-07,Shortlisted
600,600,6,2026-05-18,Shortlisted
601,601,3,2026-08-27,Rejected
602,602,1,2026-08-02,Shortlisted
603,603,3,2026-01-01,Shortlisted
604,604,6,2026-05-28,Rejected
605,605,1,2025-10-08,Rejected
606,606,1,2025-11-11,Shortlisted
607,607,3,2026-01-02,Rejected
608,608,5,2026-03-25,Rejected
609,609,5,2025-10-24,Rejected
610,610,3,2026-04-28,Rejected
611,611,4,2025-12-18,Rejected
612,612,2,2026-04-03,Shortlisted
613,613,5,2026-02-17,Rejected
614,614,4,2025-11-30,Shortlisted
615,615,1,2026-01-15,Rejected
616,616,3,2026-05-06,Shortlisted
617,617,2,2025-09-11,Rejected
618,618,5,2026-02-13,Withdrawn
619,619,2,2026-01-08,Rejected
620,620,5,2026-03-29,Rejected
621,621,1,2026-05-11,Shortlisted
622,622,1,2026-05-20,Rejected
623,623,6,2026-01-07,Rejected
624,624,3,2026-03-01,Rejected
625,625,5,2026-02-04,Rejected
626,626,6,2026-08-19,Rejected
627,627,6,2026-05-30,Rejected
628,628,5,2025-12-27,Rejected
629,629,6,2026-08-22,Shortlisted
630,630,5,2026-07-30,Rejected
631,631,1,2026-01-26,Rejected
632,632,4,2026-01-02,Rejected
633,633,1,2026-07-17,Withdrawn
634,634,2,2025-10-23,Shortlisted
635,635,5,2026-01-26,Rejected
636,636,4,2026-05-13,Rejected
637,637,2,2026-05-19,Rejected
638,638,2,2026-05-26,Rejected
639,639,4,2026-06-26,Withdrawn
640,640,5,2025-09-16,Rejected
641,641,2,2026-02-03,Shortlisted
642,642,2,2026-04-12,Shortlisted
643,643,2,2025-11-22,Rejected
644,644,3,2026-04-14,Shortlisted
645,645,1,2026-05-19,Withdrawn
646,646,4,2026-08-12,Shortlisted
647,647,4,2026-02-22,Shortlisted
648,648,1,2026-01-26,Withdrawn
649,649,6,2026-01-06,Withdrawn
650,650,6,2026-02-09,Rejected
651,651,5,2025-11-18,Shortlisted
652,652,4,2025-12-04,Rejected
653,653,3,2026-08-09,Rejected
654,654,6,2025-09-26,Rejected
655,655,3,2026-07-31,Shortlisted
656,656,1,2025-12-04,Shortlisted
657,657,4,2026-08-14,Rejected
658,658,3,2026-07-14,Rejected
659,659,1,2025-10-05,Rejected
660,660,4,2025-10-24,Rejected
661,661,6,2026-03-22,Shortlisted
662,662,5,2025-12-07,Rejected
663,663,1,2026-03-13,Rejected
664,664,2,2026-03-06,Rejected
665,665,6,2026-05-04,Rejected
666,666,1,2025-10-29,Rejected
667,667,2,2026-08-05,Rejected
668,668,5,2025-11-26,Rejected
669,669,5,2026-09-08,Shortlisted
670,670,5,2025-09-23,Rejected
671,671,4,2026-01-16,Shortlisted
672,672,3,2026-08-01,Rejected
673,673,2,2026-05-17,Rejected
674,674,2,2026-03-23,Rejected
675,675,3,2025-10-19,Rejected
676,676,3,2025-10-08,Rejected
677,677,4,2026-05-25,Rejected
678,678,6,2026-02-19,Rejected
679,679,4,2025-11-20,Rejected
680,680,4,2025-12-10,Shortlisted
681,681,3,2026-01-14,Rejected
682,682,2,2026-07-25,Shortlisted
683,683,2,2026-01-16,Shortlisted
684,684,3,2026-03-17,Shortlisted
685,685,3,2025-10-16,Rejected
686,686,6,2025-11-05,Shortlisted
687,687,5,2026-08-12,Shortlisted
688,688,5,2025-12-16,Rejected
689,689,4,2026-05-06,Rejected
690,690,2,2025-12-20,Withdrawn
691,691,2,2026-07-26,Shortlisted
692,692,4,2026-01-08,Rejected
693,693,4,2026-07-26,Rejected
694,694,1,2026-03-07,Rejected
695,695,6,2026-03-02,Shortlisted
696,696,5,2025-11-01,Rejected
697,697,2,2026-06-11,Rejected
698,698,3,2025-09-14,Rejected
699,699,5,2026-02-02,Shortlisted
700,700,6,2026-03-15,Rejected
701,701,3,2025-11-19,Rejected
702,702,3,2026-05-07,Rejected
703,703,5,2025-12-14,Rejected
704,704,6,2025-10-02,Rejected
705,705,3,2025-12-18,Shortlisted
706,706,5,2026-02-26,Shortlisted
707,707,5,2026-02-02,Rejected
708,708,1,2026-09-02,Shortlisted
709,709,4,2026-02-13,Shortlisted
710,710,6,2026-05-15,Rejected
711,711,5,2026-06-22,Rejected
712,712,4,2025-10-17,Rejected
713,713,4,2026-03-09,Rejected
714,714,4,2026-03-22,Rejected
715,715,5,2026-04-03,Shortlisted
716,716,5,2026-02-24,Rejected
717,717,2,2026-04-08,Rejected
718,718,3,2026-03-01,Shortlisted
719,719,3,2025-12-11,Withdrawn
720,720,1,2026-04-28,Rejected
721,721,2,2025-10-28,Rejected
722,722,5,2026-08-15,Shortlisted
723,723,5,2026-04-19,Rejected
724,724,3,2026-06-12,Shortlisted
725,725,4,2025-10-30,Rejected
726,726,2,2026-02-08,Shortlisted
727,727,5,2026-03-14,Shortlisted
728,728,4,2026-09-06,Rejected
729,729,1,2025-09-12,Rejected
730,730,1,2026-09-02,Shortlisted
731,731,1,2026-07-05,Shortlisted
732,732,5,2026-06-05,Shortlisted
733,733,3,2025-12-20,Rejected
734,734,1,2026-01-18,Rejected
735,735,2,2026-02-25,Rejected
736,736,4,2026-01-24,Withdrawn
737,737,4,2025-12-23,Rejected
738,738,1,2026-07-08,Shortlisted
739,739,5,2025-11-20,Rejected
740,740,1,2026-04-06,Shortlisted
741,741,6,2025-11-19,Rejected
742,742,4,2026-01-19,Shortlisted
743,743,4,2026-06-12,Rejected
744,744,3,2026-03-24,Rejected
745,745,6,2026-03-22,Rejected
746,746,3,2026-05-12,Rejected
747,747,6,2026-05-11,Rejected
748,748,1,2026-01-13,Rejected
749,749,4,2026-05-06,Shortlisted
750,750,6,2025-11-10,Withdrawn
751,751,4,2026-04-02,Rejected
752,752,5,2025-11-30,Rejected
753,753,6,2026-05-10,Shortlisted
754,754,4,2026-07-27,Shortlisted
755,755,1,2026-07-04,Rejected
756,756,4,2025-10-27,Shortlisted
757,757,2,2026-01-06,Rejected
758,758,4,2026-03-01,Shortlisted
759,759,3,2026-07-10,Shortlisted
760,760,2,2026-02-04,Shortlisted
761,761,5,2026-02-18,Rejected
762,762,5,2025-10-01,Rejected
763,763,2,2025-11-16,Rejected
764,764,3,2025-11-04,Rejected
765,765,4,2026-03-14,Shortlisted
766,766,6,2026-08-25,Rejected
767,767,6,2026-06-06,Rejected
768,768,2,2025-10-03,Shortlisted
769,769,4,2026-03-28,Rejected
770,770,1,2026-02-13,Shortlisted
771,771,3,2026-09-03,Rejected
772,772,5,2026-09-11,Shortlisted
773,773,4,2026-06-17,Rejected
774,774,2,2026-04-05,Rejected
775,775,2,2026-03-16,Rejected
776,776,4,2025-10-14,Shortlisted
777,777,5,2025-09-25,Rejected
778,778,3,2026-06-30,Rejected
779,779,5,2025-12-02,Rejected
780,780,6,2026-07-03,Rejected
781,781,4,2026-07-11,Rejected
782,782,1,2025-11-05,Withdrawn
783,783,5,2026-02-22,Rejected
784,784,5,2026-02-20,Rejected
785,785,3,2026-01-13,Rejected
786,786,4,2025-10-24,Rejected
787,787,5,2026-06-10,Shortlisted
788,788,2,2026-04-02,Withdrawn
789,789,2,2025-10-01,Withdrawn
790,790,4,2026-01-05,Shortlisted
791,791,4,2026-03-24,Shortlisted
792,792,4,2025-12-14,Shortlisted
793,793,4,2026-06-21,Rejected
794,794,4,2026-08-09,Rejected
795,795,3,2026-04-04,Rejected
796,796,3,2025-11-11,Rejected
797,797,5,2025-09-24,Rejected
798,798,6,2026-05-20,Rejected
799,799,5,2026-02-03,Shortlisted
800,800,5,2026-08-20,Rejected
801,801,4,2026-06-07,Rejected
802,802,3,2026-08-30,Rejected
803,803,6,2026-06-16,Rejected
804,804,2,2026-01-03,Shortlisted
805,805,4,2026-01-16,Withdrawn
806,806,3,2026-06-12,Rejected
807,807,6,2026-03-24,Rejected
808,808,3,2026-05-13,Shortlisted
809,809,3,2026-03-17,Shortlisted
810,810,4,2026-06-30,Shortlisted
811,811,6,2025-11-29,Shortlisted
812,812,6,2025-12-27,Shortlisted
813,813,6,2026-04-26,Rejected
814,814,4,2026-07-14,Rejected
815,815,2,2026-01-01,Rejected
816,816,3,2025-12-19,Rejected
817,817,1,2026-01-31,Shortlisted
818,818,3,2025-09-23,Shortlisted
819,819,1,2025-11-08,Rejected
820,820,4,2025-12-18,Rejected
821,821,3,2026-02-17,Shortlisted
822,822,2,2025-12-03,Shortlisted
823,823,5,2026-08-12,Rejected
824,824,4,2026-05-05,Rejected
825,825,2,2026-03-12,Rejected
826,826,1,2026-05-30,Shortlisted
827,827,5,2026-08-09,Rejected
828,828,6,2026-02-13,Rejected
829,829,6,2026-03-14,Withdrawn
830,830,1,2026-07-26,Rejected
831,831,4,2026-04-25,Shortlisted
832,832,3,2026-03-19,Shortlisted
833,833,1,2025-09-26,Rejected
834,834,4,2026-01-21,Shortlisted
835,835,6,2026-08-15,Shortlisted
836,836,1,2025-12-02,Rejected
837,837,1,2026-08-16,Rejected
838,838,2,2026-06-22,Rejected
839,839,5,2026-05-20,Shortlisted
840,840,5,2026-01-09,Rejected
841,841,5,2026-07-05,Rejected
842,842,2,2026-08-11,Rejected
843,843,4,2026-04-10,Rejected
844,844,6,2026-08-04,Rejected
845,845,6,2026-01-23,Withdrawn
846,846,4,2026-09-08,Rejected
847,847,6,2026-03-20,Shortlisted
848,848,2,2025-10-03,Rejected
849,849,2,2025-10-19,Withdrawn
850,850,2,2025-12-20,Rejected
851,851,5,2026-03-13,Rejected
852,852,3,2026-03-23,Shortlisted
853,853,5,2025-09-30,Shortlisted
854,854,1,2026-07-28,Rejected
855,855,5,2026-03-06,Shortlisted
856,856,1,2026-02-02,Shortlisted
857,857,1,2025-11-08,Shortlisted
858,858,6,2026-06-21,Rejected
859,859,1,2026-05-28,Rejected
860,860,5,2025-11-11,Shortlisted
861,861,5,2026-05-10,Rejected
862,862,4,2026-06-28,Shortlisted
863,863,5,2026-04-15,Shortlisted
864,864,4,2026-04-09,Rejected
865,865,6,2026-02-11,Rejected
866,866,5,2026-05-05,Shortlisted
867,867,2,2026-05-20,Rejected
868,868,1,2026-06-22,Rejected
869,869,3,2026-04-28,Shortlisted
870,870,3,2026-08-24,Rejected
871,871,6,2025-10-13,Rejected
872,872,6,2026-07-25,Withdrawn
873,873,5,2026-07-06,Rejected
874,874,3,2025-09-30,Shortlisted
875,875,3,2026-09-04,Rejected
876,876,6,2026-01-08,Rejected
877,877,4,2025-09-11,Shortlisted
878,878,4,2025-09-20,Shortlisted
879,879,4,2026-06-13,Rejected
880,880,4,2026-08-26,Rejected
881,881,4,2026-06-20,Shortlisted
882,882,1,2025-10-17,Rejected
883,883,6,2026-06-07,Rejected
884,884,1,2025-11-23,Withdrawn
885,885,5,2025-10-11,Shortlisted
886,886,6,2026-01-24,Rejected
887,887,1,2026-03-07,Rejected
888,888,5,2025-10-11,Shortlisted
889,889,2,2026-01-23,Rejected
890,890,3,2026-08-19,Rejected
891,891,6,2026-07-23,Rejected
892,892,3,2026-01-23,Withdrawn
893,893,1,2025-12-18,Rejected
894,894,2,2026-03-27,Withdrawn
895,895,2,2025-11-07,Rejected
896,896,5,2025-11-17,Rejected
897,897,3,2026-05-28,Withdrawn
898,898,5,2026-05-15,Rejected
899,899,1,2025-12-24,Rejected
900,900,1,2025-09-29,Rejected
901,901,6,2026-06-30,Rejected
902,902,4,2026-07-22,Rejected
903,903,3,2026-02-27,Shortlisted
904,904,1,2025-11-16,Rejected
905,905,3,2026-08-09,Shortlisted
906,906,1,2026-01-20,Withdrawn
907,907,5,2026-01-10,Shortlisted
908,908,5,2026-01-16,Rejected
909,909,3,2025-12-05,Rejected
910,910,6,2026-07-01,Shortlisted
911,911,2,2025-12-30,Rejected
912,912,2,2026-08-14,Shortlisted
913,913,3,2026-05-24,Rejected
914,914,4,2025-10-18,Withdrawn
915,915,3,2026-08-18,Rejected
916,916,6,2026-03-10,Rejected
917,917,3,2026-05-27,Rejected
918,918,5,2026-01-15,Shortlisted
919,919,2,2026-05-03,Rejected
920,920,5,2026-03-31,Shortlisted
921,921,1,2026-06-13,Rejected
922,922,5,2025-09-14,Rejected
923,923,5,2025-10-27,Shortlisted
924,924,6,2025-12-31,Rejected
925,925,3,2026-08-03,Shortlisted
926,926,1,2026-02-22,Rejected
927,927,6,2025-11-20,Rejected
928,928,6,2025-11-24,Rejected
929,929,3,2026-06-26,Withdrawn
930,930,3,2026-07-19,Rejected
931,931,5,2025-11-29,Rejected
932,932,5,2026-06-09,Withdrawn
933,933,6,2025-10-20,Rejected
934,934,1,2026-05-22,Shortlisted
935,935,2,2025-10-01,Withdrawn
936,936,1,2026-06-18,Rejected
937,937,3,2025-12-20,Rejected
938,938,6,2025-09-13,Rejected
939,939,2,2025-11-27,Rejected
940,940,5,2026-06-19,Rejected
941,941,1,2026-03-20,Rejected
942,942,2,2025-09-13,Shortlisted
943,943,6,2025-09-12,Shortlisted
944,944,2,2026-02-12,Rejected
945,945,5,2026-04-19,Rejected
946,946,4,2026-02-02,Rejected
947,947,2,2026-03-29,Shortlisted
948,948,5,2026-05-21,Rejected
949,949,2,2026-06-26,Withdrawn
950,950,3,2025-11-27,Rejected
951,951,4,2025-09-21,Rejected
952,952,1,2025-10-15,Withdrawn
953,953,1,2026-02-20,Rejected
954,954,6,2026-02-18,Rejected
955,955,3,2026-02-18,Shortlisted
956,956,1,2026-03-05,Rejected
957,957,6,2025-10-27,Rejected
958,958,2,2026-03-23,Shortlisted
959,959,2,2025-10-05,Rejected
960,960,6,2025-12-23,Rejected
961,961,2,2025-09-12,Shortlisted
962,962,3,2026-08-08,Shortlisted
963,963,3,2026-01-04,Shortlisted
964,964,1,2026-03-17,Rejected
965,965,5,2025-09-20,Shortlisted
966,966,1,2025-11-12,Rejected
967,967,6,2025-12-17,Rejected
968,968,5,2026-01-09,Shortlisted
969,969,1,2026-02-12,Rejected
970,970,1,2025-11-07,Rejected
971,971,1,2026-03-01,Rejected
972,972,1,2026-01-22,Withdrawn
973,973,3,2026-02-14,Shortlisted
974,974,3,2025-09-14,Rejected
975,975,2,2026-08-24,Withdrawn
976,976,3,2026-08-31,Rejected
977,977,4,2026-01-26,Rejected
978,978,2,2026-07-21,Rejected
979,979,5,2026-03-17,Withdrawn
980,980,2,2025-11-07,Shortlisted
981,981,6,2025-09-30,Rejected
982,982,6,2026-07-04,Rejected
983,983,5,2026-01-31,Rejected
984,984,3,2026-04-28,Rejected
985,985,5,2026-06-08,Shortlisted
986,986,2,2026-03-22,Rejected
987,987,2,2026-08-24,Rejected
988,988,2,2026-07-10,Rejected
989,989,3,2025-10-31,Rejected
990,990,5,2026-01-23,Rejected
991,991,1,2026-04-07,Rejected
992,992,2,2026-04-25,Rejected
993,993,3,2025-10-23,Rejected
994,994,6,2026-08-05,Rejected
995,995,5,2025-11-26,Rejected
996,996,6,2026-02-05,Rejected
997,997,3,2026-06-06,Withdrawn
998,998,5,2026-03-05,Shortlisted
999,999,1,2025-10-02,Withdrawn
1000,1000,1,2026-05-01,Rejected
1001,1001,6,2026-07-06,Rejected
1002,1002,5,2025-10-10,Rejected
1003,1003,3,2026-02-06,Shortlisted
1004,1004,5,2026-06-28,Rejected
1005,1005,1,2026-05-17,Rejected
1006,1006,3,2026-01-17,Shortlisted
1007,1007,6,2026-02-02,Rejected
1008,1008,5,2026-08-23,Rejected
1009,1009,5,2026-03-01,Rejected
1010,1010,6,2026-04-29,Rejected
1011,1011,6,2026-05-26,Shortlisted
1012,1012,5,2025-10-31,Shortlisted
1013,1013,3,2026-02-27,Shortlisted
1014,1014,6,2026-03-28,Shortlisted
1015,1015,2,2026-03-07,Withdrawn
1016,1016,1,2025-10-15,Rejected
1017,1017,4,2025-12-15,Rejected
1018,1018,3,2025-10-21,Rejected
1019,1019,3,2026-05-30,Rejected
1020,1020,2,2025-12-27,Rejected
1021,1021,3,2025-11-09,Rejected
1022,1022,1,2025-12-22,Rejected
1023,1023,5,2026-04-10,Rejected
1024,1024,2,2026-05-05,Rejected
1025,1025,4,2026-07-21,Rejected
1026,1026,3,2025-12-23,Rejected
1027,1027,4,2026-02-17,Rejected
1028,1028,4,2026-06-28,Shortlisted
1029,1029,5,2025-11-23,Rejected
1030,1030,3,2025-11-19,Shortlisted
1031,1031,6,2025-09-24,Shortlisted
1032,1032,2,2026-06-07,Rejected
1033,1033,2,2026-07-19,Rejected
1034,1034,6,2026-05-18,Rejected
1035,1035,2,2026-05-30,Rejected
1036,1036,4,2026-05-01,Rejected
1037,1037,1,2026-08-17,Rejected
1038,1038,6,2026-08-12,Shortlisted
1039,1039,3,2026-04-10,Rejected
1040,1040,5,2026-04-21,Withdrawn
1041,1041,5,2025-12-01,Rejected
1042,1042,5,2026-05-25,Rejected
1043,1043,4,2025-09-29,Rejected
1044,1044,3,2026-01-17,Withdrawn
1045,1045,1,2025-12-30,Rejected
1046,1046,2,2025-12-26,Shortlisted
1047,1047,5,2025-12-15,Rejected
1048,1048,4,2026-01-30,Rejected
1049,1049,4,2025-11-28,Shortlisted
1050,1050,3,2025-09-16,Rejected
1051,1051,2,2025-10-08,Rejected
1052,1052,1,2026-07-14,Withdrawn
1053,1053,4,2025-11-11,Rejected
1054,1054,3,2026-02-07,Rejected
1055,1055,1,2026-03-03,Rejected
1056,1056,1,2026-05-03,Rejected
1057,1057,2,2026-04-01,Rejected
1058,1058,6,2025-10-27,Rejected
1059,1059,3,2025-11-29,Shortlisted
1060,1060,1,2026-03-19,Withdrawn
1061,1061,3,2025-10-28,Withdrawn
1062,1062,6,2025-10-26,Rejected
1063,1063,3,2026-01-22,Shortlisted
1064,1064,6,2026-08-31,Rejected
1065,1065,1,2026-07-05,Rejected
1066,1066,3,2026-02-19,Rejected
1067,1067,2,2026-08-05,Rejected
1068,1068,3,2025-10-30,Rejected
1069,1069,3,2026-09-04,Rejected
1070,1070,3,2026-01-05,Withdrawn
1071,1071,2,2026-08-13,Withdrawn
1072,1072,4,2025-11-23,Withdrawn
1073,1073,6,2026-08-31,Shortlisted
1074,1074,3,2025-12-27,Rejected
1075,1075,6,2026-02-26,Rejected
1076,1076,4,2025-12-15,Rejected
1077,1077,1,2026-04-16,Rejected
1078,1078,5,2026-05-06,Rejected
1079,1079,1,2026-07-13,Rejected
1080,1080,6,2026-07-14,Rejected
1081,1081,1,2026-06-23,Rejected
1082,1082,6,2025-11-29,Shortlisted
1083,1083,2,2026-01-15,Shortlisted
1084,1084,1,2026-06-16,Rejected
1085,1085,3,2025-10-20,Rejected
1086,1086,5,2025-09-21,Rejected
1087,1087,2,2026-06-03,Shortlisted
1088,1088,6,2026-01-23,Rejected
1089,1089,5,2026-04-05,Shortlisted
1090,1090,4,2025-11-30,Rejected
1091,1091,1,2026-06-09,Rejected
1092,1092,5,2025-09-18,Rejected
1093,1093,2,2025-12-24,Rejected
1094,1094,6,2026-03-02,Rejected
1095,1095,1,2026-05-27,Rejected
1096,1096,5,2026-06-30,Withdrawn
1097,1097,5,2025-12-10,Rejected
1098,1098,6,2025-11-01,Shortlisted
1099,1099,1,2026-03-19,Shortlisted
1100,1100,3,2026-04-24,Rejected
1101,1101,5,2026-07-19,Shortlisted
1102,1102,1,2026-06-10,Shortlisted
1103,1103,3,2026-08-20,Rejected
1104,1104,2,2026-04-22,Shortlisted
1105,1105,4,2026-07-31,Shortlisted
1106,1106,1,2025-12-29,Rejected
1107,1107,2,2026-09-09,Rejected
1108,1108,6,2026-01-25,Shortlisted
1109,1109,2,2026-04-17,Withdrawn
1110,1110,4,2026-03-02,Shortlisted
1111,1111,5,2026-04-13,Shortlisted
1112,1112,1,2026-04-27,Rejected
1113,1113,2,2026-08-09,Rejected
1114,1114,6,2025-11-07,Rejected
1115,1115,2,2026-04-07,Withdrawn
1116,1116,1,2025-10-21,Rejected
1117,1117,5,2026-07-14,Shortlisted
1118,1118,3,2025-11-11,Shortlisted
1119,1119,4,2026-07-02,Rejected
1120,1120,4,2025-12-25,Rejected
1121,1121,4,2025-10-21,Rejected
1122,1122,6,2026-04-17,Rejected
1123,1123,2,2026-05-06,Rejected
1124,1124,5,2026-08-22,Shortlisted
1125,1125,5,2026-01-18,Rejected
1126,1126,2,2026-03-14,Shortlisted
1127,1127,6,2026-02-13,Rejected
1128,1128,4,2025-10-12,Shortlisted
1129,1129,3,2026-07-01,Shortlisted
1130,1130,4,2025-10-12,Rejected
1131,1131,1,2026-02-06,Shortlisted
1132,1132,6,2026-05-27,Rejected
1133,1133,6,2025-10-24,Rejected
1134,1134,4,2025-12-25,Rejected
1135,1135,4,2025-12-29,Rejected
1136,1136,4,2025-12-07,Rejected
1137,1137,6,2025-11-20,Rejected
1138,1138,1,2026-07-06,Rejected
1139,1139,5,2025-10-07,Rejected
1140,1140,3,2026-08-27,Shortlisted
1141,1141,5,2025-12-18,Shortlisted
1142,1142,4,2026-07-23,Rejected
1143,1143,6,2026-07-25,Shortlisted
1144,1144,3,2026-02-23,Rejected
1145,1145,5,2026-02-27,Shortlisted
1146,1146,5,2026-09-08,Rejected
1147,1147,3,2025-11-04,Shortlisted
1148,1148,3,2026-05-31,Rejected
1149,1149,4,2026-09-07,Rejected
1150,1150,6,2025-12-14,Shortlisted
1151,1151,5,2025-12-16,Shortlisted
1152,1152,2,2026-08-20,Rejected
1153,1153,5,2025-11-29,Rejected
1154,1154,5,2025-12-26,Withdrawn
1155,1155,4,2025-12-29,Shortlisted
1156,1156,5,2026-05-26,Rejected
1157,1157,4,2026-02-03,Rejected
1158,1158,5,2026-03-04,Shortlisted
1159,1159,1,2025-12-28,Rejected
1160,1160,5,2025-10-19,Shortlisted
1161,1161,2,2026-03-29,Rejected
1162,1162,2,2026-05-10,Shortlisted
1163,1163,6,2026-04-05,Rejected
1164,1164,6,2026-02-10,Shortlisted
1165,1165,4,2025-11-18,Rejected
1166,1166,2,2025-10-17,Shortlisted
1167,1167,1,2025-11-04,Shortlisted
1168,1168,2,2026-07-18,Shortlisted
1169,1169,6,2026-07-30,Rejected
1170,1170,3,2026-09-01,Shortlisted
1171,1171,4,2025-11-11,Rejected
1172,1172,1,2026-05-27,Shortlisted
1173,1173,4,2026-07-27,Rejected
1174,1174,3,2025-09-16,Rejected
1175,1175,5,2026-08-02,Withdrawn
1176,1176,4,2026-05-14,Rejected
1177,1177,1,2025-12-24,Withdrawn
1178,1178,3,2026-05-23,Rejected
1179,1179,4,2026-03-03,Rejected
1180,1180,3,2026-03-29,Rejected
1181,1181,4,2026-06-17,Rejected
1182,1182,6,2026-04-20,Rejected
1183,1183,3,2025-10-09,Rejected
1184,1184,4,2026-02-23,Rejected
1185,1185,5,2025-10-15,Rejected
1186,1186,1,2026-01-17,Rejected
1187,1187,3,2026-03-24,Shortlisted
1188,1188,6,2026-02-05,Shortlisted
1189,1189,4,2025-09-19,Rejected
1190,1190,4,2026-04-09,Rejected
1191,1191,3,2026-09-01,Rejected
1192,1192,5,2026-02-05,Shortlisted
1193,1193,4,2026-06-10,Withdrawn
1194,1194,2,2026-03-23,Rejected
1195,1195,3,2026-01-12,Rejected
1196,1196,3,2026-04-15,Withdrawn
1197,1197,3,2025-09-11,Shortlisted
1198,1198,3,2026-02-12,Rejected
1199,1199,2,2026-03-01,Shortlisted
1200,1200,3,2026-08-16,Shortlisted
1201,1201,6,2025-09-11,Rejected
1202,1202,4,2026-02-15,Shortlisted
1203,1203,6,2026-07-13,Shortlisted
1204,1204,3,2025-09-26,Shortlisted
1205,1205,2,2026-09-09,Rejected
1206,1206,6,2026-03-31,Rejected
1207,1207,5,2025-10-15,Withdrawn
1208,1208,3,2026-01-29,Rejected
1209,1209,6,2026-02-18,Shortlisted
1210,1210,3,2025-11-10,Rejected
1211,1211,6,2026-05-02,Shortlisted
1212,1212,2,2025-10-14,Rejected
1213,1213,5,2025-11-26,Rejected
1214,1214,5,2026-02-26,Shortlisted
1215,1215,3,2026-01-19,Withdrawn
1216,1216,2,2025-10-03,Rejected
1217,1217,6,2026-05-02,Rejected
1218,1218,4,2026-01-17,Rejected
1219,1219,4,2026-01-16,Rejected
1220,1220,2,2026-05-28,Shortlisted
1221,1221,4,2025-11-16,Rejected
1222,1222,6,2026-01-27,Rejected
1223,1223,3,2026-07-13,Shortlisted
1224,1224,2,2025-10-23,Rejected
1225,1225,1,2025-11-23,Rejected
1226,1226,6,2025-10-26,Rejected
1227,1227,5,2026-03-30,Withdrawn
1228,1228,6,2026-05-13,Rejected
1229,1229,1,2026-07-30,Shortlisted
1230,1230,2,2025-11-15,Shortlisted
1231,1231,1,2026-03-19,Rejected
1232,1232,3,2026-02-09,Rejected
1233,1233,6,2025-09-15,Rejected
1234,1234,3,2025-11-03,Rejected
1235,1235,4,2025-11-26,Rejected
1236,1236,5,2025-12-14,Shortlisted
1237,1237,2,2026-03-25,Rejected
1238,1238,6,2026-01-03,Shortlisted
1239,1239,5,2026-06-26,Rejected
1240,1240,1,2025-12-11,Withdrawn
1241,1241,3,2025-09-28,Shortlisted
1242,1242,5,2026-08-24,Rejected
1243,1243,1,2026-03-09,Rejected
1244,1244,1,2026-09-11,Rejected
1245,1245,4,2025-11-20,Rejected
1246,1246,6,2025-10-10,Rejected
1247,1247,1,2026-09-11,Shortlisted
1248,1248,4,2025-12-30,Shortlisted
1249,1249,5,2025-09-20,Rejected
1250,1250,2,2026-03-11,Shortlisted
1251,1251,5,2026-05-23,Rejected
1252,1252,3,2025-10-01,Rejected
1253,1253,2,2025-10-06,Rejected
1254,1254,1,2025-11-23,Shortlisted
1255,1255,4,2026-08-30,Shortlisted
1256,1256,2,2025-11-18,Shortlisted
1257,1257,2,2026-04-22,Shortlisted
1258,1258,2,2026-07-17,Rejected
1259,1259,2,2026-06-05,Rejected
1260,1260,2,2026-02-27,Rejected
1261,1261,4,2025-11-04,Rejected
1262,1262,1,2026-04-08,Shortlisted
1263,1263,2,2025-10-15,Rejected
1264,1264,4,2026-05-22,Withdrawn
1265,1265,3,2025-09-24,Rejected
1266,1266,4,2026-04-15,Rejected
1267,1267,3,2025-12-07,Rejected
1268,1268,3,2026-01-19,Rejected
1269,1269,4,2026-03-24,Rejected
1270,1270,2,2026-06-18,Rejected
1271,1271,6,2026-01-27,Shortlisted
1272,1272,6,2026-07-31,Rejected
1273,1273,6,2026-08-01,Shortlisted
1274,1274,4,2026-05-20,Rejected
1275,1275,1,2026-01-08,Shortlisted
1276,1276,3,2025-12-01,Withdrawn
1277,1277,6,2026-06-12,Withdrawn
1278,1278,5,2026-05-06,Rejected
1279,1279,4,2025-10-05,Rejected
1280,1280,3,2025-10-26,Rejected
1281,1281,1,2026-04-03,Rejected
1282,1282,2,2026-07-02,Shortlisted
1283,1283,5,2025-12-21,Shortlisted
1284,1284,4,2025-11-05,Rejected
1285,1285,6,2026-03-21,Rejected
1286,1286,2,2026-02-19,Withdrawn
1287,1287,3,2026-02-15,Rejected
1288,1288,2,2025-10-26,Rejected
1289,1289,2,2026-06-26,Rejected
1290,1290,2,2026-07-27,Shortlisted
1291,1291,3,2026-02-03,Shortlisted
1292,1292,3,2026-08-12,Rejected
1293,1293,6,2025-10-03,Rejected
1294,1294,1,2026-08-17,Rejected
1295,1295,4,2025-12-11,Rejected
1296,1296,1,2026-07-18,Rejected
1297,1297,5,2026-08-13,Shortlisted
1298,1298,2,2026-04-17,Rejected
1299,1299,6,2026-08-19,Rejected
1300,1300,1,2026-04-07,Shortlisted
1301,1301,2,2026-01-06,Rejected
1302,1302,3,2025-12-22,Rejected
1303,1303,5,2025-11-26,Rejected
1304,1304,6,2026-01-29,Withdrawn
1305,1305,3,2026-06-27,Rejected
1306,1306,5,2026-04-08,Shortlisted
1307,1307,6,2026-01-11,Shortlisted
1308,1308,1,2026-05-17,Rejected
1309,1309,6,2026-02-01,Withdrawn
1310,1310,3,2025-11-13,Rejected
1311,1311,5,2025-12-10,Rejected
1312,1312,3,2026-08-03,Shortlisted
1313,1313,5,2025-11-03,Shortlisted
1314,1314,3,2026-08-27,Rejected
1315,1315,3,2026-08-26,Rejected
1316,1316,2,2025-09-16,Withdrawn
1317,1317,2,2026-05-03,Rejected
1318,1318,1,2026-06-28,Rejected
1319,1319,6,2026-04-20,Rejected
1320,1320,6,2025-10-02,Rejected
1321,1321,4,2026-08-29,Rejected
1322,1322,1,2025-12-23,Shortlisted
1323,1323,5,2025-09-15,Rejected
1324,1324,1,2026-03-30,Rejected
1325,1325,3,2026-01-23,Shortlisted
1326,1326,4,2025-11-09,Shortlisted
1327,1327,6,2026-04-05,Shortlisted
1328,1328,4,2026-08-24,Shortlisted
1329,1329,6,2025-09-17,Shortlisted
1330,1330,1,2026-04-25,Shortlisted
1331,1331,2,2026-04-30,Rejected
1332,1332,6,2026-03-07,Rejected
1333,1333,2,2026-04-15,Rejected
1334,1334,6,2026-02-26,Rejected
1335,1335,2,2026-04-02,Rejected
1336,1336,6,2026-03-14,Rejected
1337,1337,6,2025-10-21,Rejected
1338,1338,4,2026-08-29,Rejected
1339,1339,5,2025-11-26,Rejected
1340,1340,5,2025-10-10,Shortlisted
1341,1341,4,2025-12-13,Rejected
1342,1342,3,2026-05-22,Shortlisted
1343,1343,5,2026-03-27,Shortlisted
1344,1344,6,2026-02-23,Shortlisted
1345,1345,6,2025-12-29,Rejected
1346,1346,2,2025-11-28,Shortlisted
1347,1347,6,2026-06-23,Shortlisted
1348,1348,1,2025-09-23,Rejected
1349,1349,6,2025-12-16,Rejected
1350,1350,5,2026-03-05,Shortlisted
1351,1351,4,2025-12-29,Rejected
1352,1352,5,2025-11-14,Shortlisted
1353,1353,6,2025-12-17,Rejected
1354,1354,4,2026-01-14,Rejected
1355,1355,4,2026-02-03,Shortlisted
1356,1356,4,2026-03-21,Shortlisted
1357,1357,5,2026-04-25,Rejected
1358,1358,3,2025-12-12,Rejected
1359,1359,1,2026-03-12,Rejected
1360,1360,6,2025-11-04,Rejected
1361,1361,6,2026-07-06,Shortlisted
1362,1362,3,2026-04-11,Rejected
1363,1363,6,2026-01-08,Rejected
1364,1364,2,2025-11-16,Withdrawn
1365,1365,3,2025-11-08,Rejected
1366,1366,6,2025-10-12,Rejected
1367,1367,4,2025-12-11,Rejected
1368,1368,1,2026-01-06,Rejected
1369,1369,4,2025-11-10,Shortlisted
1370,1370,1,2026-05-18,Rejected
1371,1371,6,2026-07-26,Rejected
1372,1372,2,2026-02-22,Rejected
1373,1373,6,2026-08-28,Shortlisted
1374,1374,1,2026-07-11,Rejected
1375,1375,2,2025-10-26,Rejected
1376,1376,2,2025-12-15,Withdrawn
1377,1377,6,2026-08-26,Rejected
1378,1378,6,2025-09-16,Rejected
1379,1379,1,2026-05-11,Shortlisted
1380,1380,4,2026-04-22,Rejected
1381,1381,1,2025-10-02,Rejected
1382,1382,1,2025-09-11,Withdrawn
1383,1383,2,2026-05-16,Rejected
1384,1384,1,2025-09-16,Rejected
1385,1385,1,2026-03-14,Rejected
1386,1386,5,2025-11-07,Shortlisted
1387,1387,5,2025-10-07,Shortlisted
1388,1388,4,2025-11-13,Shortlisted
1389,1389,2,2026-06-11,Withdrawn
1390,1390,4,2026-04-23,Rejected
1391,1391,6,2025-11-27,Shortlisted
1392,1392,1,2025-09-18,Rejected
1393,1393,6,2026-07-06,Rejected
1394,1394,5,2025-09-14,Rejected
1395,1395,4,2026-01-15,Rejected
1396,1396,1,2026-06-11,Shortlisted
1397,1397,6,2026-08-21,Rejected
1398,1398,2,2026-06-02,Rejected
1399,1399,5,2026-02-02,Shortlisted
1400,1400,1,2026-05-10,Shortlisted
1401,1401,3,2026-06-23,Rejected
1402,1402,6,2025-11-14,Rejected
1403,1403,5,2026-06-14,Withdrawn
1404,1404,3,2026-07-27,Rejected
1405,1405,4,2026-01-08,Rejected
1406,1406,6,2026-04-02,Rejected
1407,1407,5,2025-09-22,Rejected
1408,1408,6,2026-01-08,Rejected
1409,1409,6,2026-01-02,Shortlisted
1410,1410,5,2025-11-24,Rejected
1411,1411,2,2026-01-12,Shortlisted
1412,1412,1,2025-11-24,Withdrawn
1413,1413,3,2026-08-23,Rejected
1414,1414,6,2026-02-14,Rejected
1415,1415,6,2026-03-17,Rejected
1416,1416,3,2026-07-19,Rejected
1417,1417,6,2026-05-03,Rejected
1418,1418,3,2025-12-28,Shortlisted
1419,1419,4,2026-02-26,Rejected
1420,1420,4,2026-05-16,Rejected
1421,1421,3,2026-02-28,Rejected
1422,1422,6,2025-12-11,Rejected
1423,1423,6,2026-03-07,Rejected
1424,1424,3,2025-10-03,Rejected
1425,1425,5,2026-07-18,Shortlisted
1426,1426,1,2025-09-21,Rejected
1427,1427,4,2026-05-18,Shortlisted
1428,1428,4,2026-06-24,Withdrawn
1429,1429,3,2026-08-06,Rejected
1430,1430,5,2026-04-24,Shortlisted
1431,1431,5,2026-03-10,Withdrawn
1432,1432,6,2026-09-07,Rejected
1433,1433,3,2025-11-10,Rejected
1434,1434,3,2026-04-06,Shortlisted
1435,1435,2,2026-06-02,Rejected
1436,1436,5,2026-03-26,Rejected
1437,1437,4,2026-03-30,Rejected
1438,1438,2,2025-12-24,Rejected
1439,1439,1,2025-11-09,Rejected
1440,1440,5,2026-04-20,Shortlisted
1441,1441,6,2026-05-11,Rejected
1442,1442,3,2026-06-04,Rejected
1443,1443,5,2026-08-11,Shortlisted
1444,1444,4,2025-09-24,Rejected
1445,1445,1,2026-08-23,Rejected
1446,1446,5,2026-07-10,Rejected
1447,1447,5,2026-08-07,Rejected
1448,1448,2,2026-03-01,Rejected
1449,1449,6,2025-11-20,Shortlisted
1450,1450,6,2026-03-27,Shortlisted
1451,1451,5,2026-05-26,Rejected
1452,1452,2,2025-10-17,Shortlisted
1453,1453,6,2025-10-03,Rejected
1454,1454,2,2026-09-05,Rejected
1455,1455,6,2026-08-26,Rejected
1456,1456,4,2026-02-13,Rejected
1457,1457,2,2026-06-15,Rejected
1458,1458,3,2026-06-12,Shortlisted
1459,1459,6,2025-09-20,Shortlisted
1460,1460,2,2025-09-19,Rejected
1461,1461,3,2025-10-13,Rejected
1462,1462,4,2025-11-14,Shortlisted
1463,1463,5,2026-07-26,Shortlisted
1464,1464,2,2025-11-29,Rejected
1465,1465,4,2026-07-07,Rejected
1466,1466,6,2025-12-27,Rejected
1467,1467,3,2025-10-26,Rejected
1468,1468,1,2026-02-04,Rejected
1469,1469,5,2025-10-14,Withdrawn
1470,1470,2,2026-05-07,Shortlisted
1471,1471,2,2026-01-07,Shortlisted
1472,1472,6,2026-06-14,Rejected
1473,1473,4,2026-01-26,Rejected
1474,1474,1,2025-11-21,Rejected
1475,1475,5,2025-10-14,Rejected
1476,1476,6,2025-12-01,Rejected
1477,1477,4,2025-10-27,Rejected
1478,1478,6,2026-06-22,Rejected
1479,1479,3,2025-11-18,Rejected
1480,1480,4,2026-08-16,Rejected
1481,1481,4,2025-10-01,Rejected
1482,1482,5,2025-11-12,Shortlisted
1483,1483,3,2026-03-20,Shortlisted
1484,1484,2,2026-03-21,Rejected
1485,1485,2,2026-02-20,Rejected
1486,1486,3,2026-01-04,Shortlisted
1487,1487,2,2026-03-31,Rejected
1488,1488,6,2026-02-12,Shortlisted
1489,1489,6,2026-06-19,Rejected
1490,1490,3,2025-09-23,Shortlisted
1491,1491,5,2026-02-23,Shortlisted
1492,1492,4,2025-11-03,Shortlisted
1493,1493,5,2025-12-17,Shortlisted
1494,1494,1,2025-09-17,Rejected
1495,1495,2,2026-02-03,Rejected
1496,1496,6,2025-12-18,Rejected
1497,1497,4,2025-10-20,Rejected
1498,1498,4,2026-03-09,Shortlisted
1499,1499,5,2026-01-05,Shortlisted
1500,1500,2,2026-03-07,Rejected
1501,1501,4,2026-08-02,Rejected
1502,1502,4,2026-01-05,Withdrawn
1503,1503,5,2026-03-06,Rejected
1504,1504,3,2026-04-14,Shortlisted
1505,1505,5,2026-05-30,Rejected
1506,1506,2,2026-09-03,Rejected
1507,1507,5,2026-08-21,Rejected
1508,1508,3,2026-02-08,Shortlisted
1509,1509,1,2026-08-07,Shortlisted
1510,1510,6,2025-09-18,Shortlisted
1511,1511,3,2026-06-13,Shortlisted
1512,1512,4,2026-07-25,Rejected
1513,1513,5,2026-02-01,Rejected
1514,1514,5,2026-06-30,Shortlisted
1515,1515,3,2025-12-08,Rejected
1516,1516,2,2026-04-15,Shortlisted
1517,1517,1,2026-08-08,Shortlisted
1518,1518,5,2026-03-30,Rejected
1519,1519,5,2026-07-11,Rejected
1520,1520,6,2026-07-11,Rejected
1521,1521,5,2026-07-04,Rejected
1522,1522,5,2025-10-26,Rejected
1523,1523,2,2026-02-19,Withdrawn
1524,1524,6,2026-03-05,Rejected
1525,1525,3,2026-07-08,Rejected
1526,1526,3,2026-02-22,Shortlisted
1527,1527,3,2026-03-10,Rejected
1528,1528,6,2026-08-02,Shortlisted
1529,1529,1,2025-11-24,Rejected
1530,1530,4,2026-04-13,Shortlisted
1531,1531,2,2025-12-11,Shortlisted
1532,1532,3,2026-03-15,Rejected
1533,1533,6,2026-04-20,Shortlisted
1534,1534,4,2026-07-04,Shortlisted
1535,1535,6,2026-01-21,Shortlisted
1536,1536,2,2026-06-30,Rejected
1537,1537,3,2025-10-27,Withdrawn
1538,1538,3,2026-08-27,Rejected
1539,1539,2,2026-08-16,Shortlisted
1540,1540,2,2026-07-29,Withdrawn
1541,1541,2,2026-06-19,Rejected
1542,1542,3,2026-06-18,Rejected
1543,1543,5,2026-02-02,Rejected
1544,1544,2,2025-11-08,Shortlisted
1545,1545,2,2026-01-25,Rejected
1546,1546,1,2026-08-22,Rejected
1547,1547,1,2025-10-01,Rejected
1548,1548,2,2025-09-26,Rejected
1549,1549,2,2025-10-25,Shortlisted
1550,1550,4,2026-05-10,Withdrawn
1551,1551,5,2026-07-06,Withdrawn
1552,1552,3,2026-07-03,Rejected
1553,1553,1,2025-11-04,Rejected
1554,1554,1,2025-10-24,Rejected
1555,1555,2,2026-05-04,Withdrawn
1556,1556,5,2026-01-17,Rejected
1557,1557,1,2026-01-01,Shortlisted
1558,1558,5,2025-12-08,Withdrawn
1559,1559,3,2026-04-26,Shortlisted
1560,1560,2,2025-10-15,Rejected
1561,1561,1,2025-10-03,Shortlisted
1562,1562,6,2026-01-08,Shortlisted
1563,1563,2,2025-11-05,Shortlisted
1564,1564,2,2026-05-12,Shortlisted
1565,1565,6,2026-08-05,Shortlisted
1566,1566,3,2026-02-13,Rejected
1567,1567,4,2026-01-18,Rejected
1568,1568,5,2026-01-17,Rejected
1569,1569,3,2025-09-30,Rejected
1570,1570,1,2026-05-25,Rejected
1571,1571,3,2026-07-02,Shortlisted
1572,1572,2,2026-05-26,Shortlisted
1573,1573,2,2026-05-25,Rejected
1574,1574,3,2025-12-20,Rejected
1575,1575,1,2025-11-04,Shortlisted
1576,1576,3,2025-10-14,Withdrawn
1577,1577,5,2026-08-16,Rejected
1578,1578,1,2026-02-24,Rejected
1579,1579,4,2025-10-23,Rejected
1580,1580,3,2025-12-22,Rejected
1581,1581,4,2025-12-02,Rejected
1582,1582,1,2026-05-09,Rejected
1583,1583,6,2026-08-17,Rejected
1584,1584,2,2026-02-07,Rejected
1585,1585,6,2026-03-01,Rejected
1586,1586,6,2025-11-02,Rejected
1587,1587,5,2025-09-26,Shortlisted
1588,1588,1,2026-02-14,Rejected
1589,1589,1,2025-11-23,Rejected
1590,1590,1,2025-10-25,Rejected
1591,1591,2,2026-02-01,Rejected
1592,1592,5,2026-01-05,Shortlisted
1593,1593,1,2026-07-29,Shortlisted
1594,1594,3,2026-06-29,Shortlisted
1595,1595,1,2026-06-27,Shortlisted
1596,1596,5,2025-10-01,Withdrawn
1597,1597,6,2026-01-01,Rejected
1598,1598,5,2025-11-30,Rejected
1599,1599,5,2025-10-09,Shortlisted
1600,1600,2,2026-08-31,Rejected
1601,1601,2,2025-12-07,Shortlisted
1602,1602,1,2026-02-11,Rejected
1603,1603,6,2026-02-22,Shortlisted
1604,1604,4,2026-04-28,Rejected
1605,1605,1,2026-07-10,Shortlisted
1606,1606,5,2026-08-25,Withdrawn
1607,1607,6,2026-02-01,Rejected
1608,1608,3,2026-05-01,Rejected
1609,1609,5,2026-06-04,Rejected
1610,1610,5,2025-11-01,Rejected
1611,1611,3,2025-11-09,Rejected
1612,1612,5,2026-01-20,Shortlisted
1613,1613,5,2025-12-25,Shortlisted
1614,1614,2,2025-11-10,Withdrawn
1615,1615,5,2026-08-23,Shortlisted
1616,1616,6,2026-08-16,Rejected
1617,1617,6,2026-08-27,Rejected
1618,1618,5,2026-07-26,Withdrawn
1619,1619,4,2025-10-05,Rejected
1620,1620,3,2026-08-23,Rejected
1621,1621,5,2026-04-28,Shortlisted
1622,1622,3,2025-12-20,Shortlisted
1623,1623,2,2026-05-20,Rejected
1624,1624,5,2026-06-13,Rejected
1625,1625,1,2026-01-07,Shortlisted
1626,1626,1,2026-08-29,Rejected
1627,1627,2,2026-08-18,Shortlisted
1628,1628,3,2026-04-14,Rejected
1629,1629,5,2026-07-16,Rejected
1630,1630,2,2025-10-10,Shortlisted
1631,1631,5,2026-05-21,Shortlisted
1632,1632,6,2025-11-25,Withdrawn
1633,1633,6,2026-08-25,Shortlisted
1634,1634,6,2025-09-18,Rejected
1635,1635,3,2026-03-04,Rejected
1636,1636,4,2026-07-14,Rejected
1637,1637,1,2025-10-21,Rejected
1638,1638,2,2026-05-20,Shortlisted
1639,1639,2,2026-05-02,Rejected
1640,1640,3,2026-08-28,Shortlisted
1641,1641,5,2025-11-03,Rejected
1642,1642,1,2025-09-13,Rejected
1643,1643,4,2026-08-18,Rejected
1644,1644,3,2025-09-28,Rejected
1645,1645,5,2026-06-18,Withdrawn
1646,1646,2,2026-07-17,Rejected
1647,1647,6,2026-08-02,Withdrawn
1648,1648,6,2026-06-24,Rejected
1649,1649,5,2025-10-22,Rejected
1650,1650,6,2025-11-15,Withdrawn
1651,1651,4,2026-06-11,Rejected
1652,1652,4,2025-12-05,Rejected
1653,1653,5,2025-11-18,Rejected
1654,1654,4,2026-03-07,Rejected
1655,1655,2,2026-04-19,Shortlisted
1656,1656,4,2025-11-10,Rejected
1657,1657,2,2026-07-11,Rejected
1658,1658,6,2026-02-27,Shortlisted
1659,1659,2,2026-09-06,Rejected
1660,1660,6,2026-03-19,Shortlisted
1661,1661,3,2026-04-19,Rejected
1662,1662,1,2026-01-10,Rejected
1663,1663,5,2026-07-21,Rejected
1664,1664,4,2026-04-18,Withdrawn
1665,1665,2,2026-08-23,Shortlisted
1666,1666,4,2025-12-19,Rejected
1667,1667,2,2026-04-01,Rejected
1668,1668,2,2026-03-31,Rejected
1669,1669,3,2026-08-19,Rejected
1670,1670,4,2026-04-22,Rejected
1671,1671,6,2026-01-03,Withdrawn
1672,1672,5,2026-08-26,Rejected
1673,1673,5,2026-07-28,Shortlisted
1674,1674,4,2026-04-24,Rejected
1675,1675,6,2025-10-03,Rejected
1676,1676,5,2025-09-18,Rejected
1677,1677,6,2026-07-19,Shortlisted
1678,1678,5,2026-04-17,Rejected
1679,1679,5,2026-08-05,Shortlisted
1680,1680,5,2026-01-08,Rejected
1681,1681,4,2026-02-25,Rejected
1682,1682,6,2026-01-10,Rejected
1683,1683,4,2026-05-04,Rejected
1684,1684,4,2025-11-25,Rejected
1685,1685,4,2026-05-15,Rejected
1686,1686,6,2026-03-22,Withdrawn
1687,1687,3,2025-11-01,Shortlisted
1688,1688,2,2026-01-14,Rejected
1689,1689,4,2026-05-24,Rejected
1690,1690,2,2026-07-30,Shortlisted
1691,1691,5,2026-02-25,Rejected
1692,1692,5,2026-03-18,Shortlisted
1693,1693,1,2026-07-24,Rejected
1694,1694,6,2026-05-24,Rejected
1695,1695,2,2025-12-02,Rejected
1696,1696,6,2026-05-19,Shortlisted
1697,1697,2,2025-10-13,Rejected
1698,1698,4,2026-02-17,Rejected
1699,1699,3,2026-06-24,Shortlisted
1700,1700,4,2026-05-03,Withdrawn
1701,1701,6,2026-08-11,Shortlisted
1702,1702,4,2025-10-18,Rejected
1703,1703,6,2026-02-06,Rejected
1704,1704,3,2026-03-14,Rejected
1705,1705,6,2025-10-30,Rejected
1706,1706,5,2026-07-19,Rejected
1707,1707,4,2026-08-01,Shortlisted
1708,1708,3,2026-07-08,Rejected
1709,1709,5,2025-10-27,Rejected
1710,1710,4,2026-01-29,Shortlisted
1711,1711,1,2026-07-17,Shortlisted
1712,1712,1,2025-11-28,Rejected
1713,1713,5,2026-04-17,Rejected
1714,1714,5,2026-04-19,Rejected
1715,1715,3,2026-08-17,Rejected
1716,1716,6,2026-01-04,Rejected
1717,1717,6,2026-08-27,Shortlisted
1718,1718,3,2025-09-20,Rejected
1719,1719,3,2025-10-09,Shortlisted
1720,1720,2,2026-08-29,Rejected
1721,1721,6,2026-01-18,Rejected
1722,1722,1,2025-11-28,Rejected
1723,1723,1,2026-07-04,Rejected
1724,1724,2,2026-05-17,Rejected
1725,1725,3,2026-05-25,Shortlisted
1726,1726,6,2026-08-04,Rejected
1727,1727,1,2026-03-09,Shortlisted
1728,1728,4,2026-08-26,Rejected
1729,1729,3,2025-12-06,Shortlisted
1730,1730,2,2025-09-22,Withdrawn
1731,1731,4,2026-02-07,Shortlisted
1732,1732,3,2026-07-13,Rejected
1733,1733,1,2026-03-10,Withdrawn
1734,1734,3,2026-02-27,Rejected
1735,1735,3,2025-11-18,Shortlisted
1736,1736,2,2025-12-04,Rejected
1737,1737,2,2026-01-18,Shortlisted
1738,1738,3,2026-03-16,Shortlisted
1739,1739,6,2026-02-20,Rejected
1740,1740,5,2026-01-24,Rejected
1741,1741,4,2026-02-28,Rejected
1742,1742,1,2026-03-13,Withdrawn
1743,1743,2,2026-04-04,Rejected
1744,1744,6,2025-10-12,Shortlisted
1745,1745,6,2025-12-14,Rejected
1746,1746,1,2026-01-21,Shortlisted
1747,1747,1,2025-10-17,Rejected
1748,1748,5,2025-10-15,Rejected
1749,1749,6,2025-10-24,Rejected
1750,1750,2,2026-07-17,Rejected
1751,1751,3,2026-02-13,Rejected
1752,1752,6,2026-02-08,Rejected
1753,1753,6,2026-09-04,Rejected
1754,1754,2,2026-01-29,Withdrawn
1755,1755,1,2025-12-21,Shortlisted
1756,1756,2,2026-07-06,Rejected
1757,1757,3,2025-12-25,Withdrawn
1758,1758,4,2026-03-23,Shortlisted
1759,1759,4,2025-10-06,Rejected
1760,1760,2,2026-02-08,Shortlisted
1761,1761,3,2026-06-23,Rejected
1762,1762,2,2026-08-03,Shortlisted
1763,1763,1,2026-03-07,Rejected
1764,1764,5,2026-03-30,Rejected
1765,1765,2,2026-07-11,Withdrawn
1766,1766,1,2026-09-08,Rejected
1767,1767,6,2026-06-19,Rejected
1768,1768,5,2026-04-02,Rejected
1769,1769,6,2026-02-07,Rejected
1770,1770,1,2026-01-14,Shortlisted
1771,1771,5,2025-09-20,Shortlisted
1772,1772,1,2025-12-14,Shortlisted
1773,1773,4,2026-07-13,Shortlisted
1774,1774,3,2026-02-22,Rejected
1775,1775,6,2026-04-07,Shortlisted
1776,1776,1,2026-01-28,Shortlisted
1777,1777,5,2026-06-21,Shortlisted
1778,1778,1,2026-05-18,Rejected
1779,1779,1,2025-12-27,Rejected
1780,1780,4,2026-01-29,Shortlisted
1781,1781,5,2025-12-07,Shortlisted
1782,1782,4,2026-03-16,Shortlisted
1783,1783,6,2026-01-03,Rejected
1784,1784,5,2026-05-05,Rejected
1785,1785,6,2025-12-19,Shortlisted
1786,1786,1,2026-05-01,Shortlisted
1787,1787,5,2026-02-26,Rejected
1788,1788,1,2026-05-09,Shortlisted
1789,1789,2,2026-06-12,Withdrawn
1790,1790,3,2026-01-01,Shortlisted
1791,1791,3,2026-02-06,Rejected
1792,1792,3,2026-08-06,Shortlisted
1793,1793,2,2026-03-14,Rejected
1794,1794,2,2026-05-17,Shortlisted
1795,1795,4,2025-11-19,Rejected
1796,1796,1,2026-01-21,Rejected
1797,1797,3,2025-12-28,Rejected
1798,1798,1,2025-09-26,Shortlisted
1799,1799,6,2026-01-29,Shortlisted
1800,1800,2,2026-02-08,Shortlisted
1801,1801,3,2026-03-28,Rejected
1802,1802,6,2026-08-22,Rejected
1803,1803,3,2026-02-10,Shortlisted
1804,1804,6,2026-03-21,Rejected
1805,1805,2,2026-05-24,Rejected
1806,1806,2,2025-09-22,Rejected
1807,1807,5,2026-03-13,Withdrawn
1808,1808,4,2025-10-02,Rejected
1809,1809,6,2026-06-08,Rejected
1810,1810,6,2025-12-04,Shortlisted
1811,1811,4,2026-04-18,Rejected
1812,1812,1,2026-02-20,Rejected
1813,1813,5,2026-01-05,Rejected
1814,1814,5,2026-03-10,Withdrawn
1815,1815,5,2025-11-21,Rejected
1816,1816,5,2026-04-14,Withdrawn
1817,1817,4,2026-06-28,Rejected
1818,1818,4,2026-01-07,Rejected
1819,1819,3,2025-11-17,Rejected
1820,1820,2,2026-05-09,Rejected
1821,1821,4,2026-07-25,Rejected
1822,1822,2,2025-12-26,Rejected
1823,1823,5,2026-01-26,Rejected
1824,1824,5,2026-04-26,Withdrawn
1825,1825,2,2025-10-22,Rejected
1826,1826,6,2026-06-11,Rejected
1827,1827,2,2026-03-09,Shortlisted
1828,1828,5,2025-12-25,Rejected
1829,1829,1,2026-04-24,Shortlisted
1830,1830,1,2025-12-15,Rejected
1831,1831,3,2026-06-29,Rejected
1832,1832,5,2025-11-18,Rejected
1833,1833,5,2025-09-28,Rejected
1834,1834,1,2026-04-16,Rejected
1835,1835,4,2025-10-29,Rejected
1836,1836,2,2026-07-31,Shortlisted
1837,1837,5,2026-08-15,Rejected
1838,1838,6,2025-11-08,Shortlisted
1839,1839,5,2026-03-16,Rejected
1840,1840,3,2025-10-04,Rejected
1841,1841,1,2026-05-01,Shortlisted
1842,1842,6,2026-01-13,Rejected
1843,1843,3,2026-08-01,Rejected
1844,1844,3,2026-08-22,Rejected
1845,1845,5,2026-01-23,Shortlisted
1846,1846,5,2026-06-19,Shortlisted
1847,1847,5,2026-06-20,Rejected
1848,1848,2,2025-09-24,Rejected
1849,1849,6,2025-09-13,Shortlisted
1850,1850,3,2026-01-16,Withdrawn
1851,1851,3,2026-08-05,Rejected
1852,1852,2,2025-11-26,Rejected
1853,1853,4,2026-06-04,Shortlisted
1854,1854,5,2026-04-22,Rejected
1855,1855,1,2025-10-13,Withdrawn
1856,1856,2,2025-10-12,Rejected
1857,1857,4,2025-09-23,Rejected
1858,1858,1,2026-07-20,Shortlisted
1859,1859,1,2025-09-23,Rejected
1860,1860,6,2026-08-15,Shortlisted
1861,1861,3,2026-03-15,Shortlisted
1862,1862,5,2025-10-29,Rejected
1863,1863,2,2025-11-23,Shortlisted
1864,1864,3,2026-02-18,Rejected
1865,1865,6,2026-07-30,Rejected
1866,1866,3,2026-07-27,Rejected
1867,1867,6,2025-09-26,Rejected
1868,1868,3,2026-04-24,Withdrawn
1869,1869,1,2026-05-28,Rejected
1870,1870,5,2026-04-23,Rejected
1871,1871,6,2026-03-19,Rejected
1872,1872,4,2026-08-15,Rejected
1873,1873,5,2026-04-17,Rejected
1874,1874,5,2026-04-17,Withdrawn
1875,1875,5,2026-01-08,Withdrawn
1876,1876,2,2026-05-14,Rejected
1877,1877,6,2025-09-17,Shortlisted
1878,1878,1,2026-06-01,Rejected
1879,1879,1,2026-01-18,Rejected
1880,1880,4,2025-10-17,Rejected
1881,1881,6,2026-08-14,Rejected
1882,1882,3,2026-07-06,Shortlisted
1883,1883,5,2025-10-23,Rejected
1884,1884,1,2026-03-13,Withdrawn
1885,1885,2,2026-09-05,Shortlisted
1886,1886,1,2026-08-26,Rejected
1887,1887,3,2026-04-11,Rejected
1888,1888,5,2026-05-14,Rejected
1889,1889,3,2026-03-03,Shortlisted
1890,1890,1,2025-09-27,Withdrawn
1891,1891,3,2026-04-30,Rejected
1892,1892,4,2025-12-23,Rejected
1893,1893,5,2026-03-25,Rejected
1894,1894,3,2026-04-01,Shortlisted
1895,1895,4,2025-11-28,Shortlisted
1896,1896,3,2026-08-17,Rejected
1897,1897,4,2026-08-10,Shortlisted
1898,1898,3,2025-12-26,Rejected
1899,1899,4,2025-11-02,Rejected
1900,1900,1,2026-02-02,Rejected
1901,1901,1,2026-01-12,Rejected
1902,1902,4,2026-06-01,Rejected
1903,1903,2,2025-09-15,Shortlisted
1904,1904,3,2025-10-18,Rejected
1905,1905,1,2026-07-14,Rejected
1906,1906,6,2026-07-02,Shortlisted
1907,1907,1,2025-10-12,Rejected
1908,1908,2,2026-07-14,Rejected
1909,1909,4,2026-02-20,Rejected
1910,1910,5,2026-06-18,Rejected
1911,1911,5,2026-05-10,Rejected
1912,1912,6,2026-05-20,Rejected
1913,1913,5,2026-02-11,Rejected
1914,1914,6,2026-09-01,Shortlisted
1915,1915,2,2026-01-22,Rejected
1916,1916,1,2026-02-26,Shortlisted
1917,1917,2,2026-07-23,Rejected
1918,1918,1,2025-10-07,Rejected
1919,1919,4,2025-11-17,Rejected
1920,1920,6,2026-07-13,Rejected
1921,1921,5,2026-02-01,Rejected
1922,1922,3,2026-05-18,Rejected
1923,1923,5,2026-06-13,Shortlisted
1924,1924,4,2025-11-26,Shortlisted
1925,1925,5,2025-11-28,Shortlisted
1926,1926,6,2025-09-26,Shortlisted
1927,1927,1,2026-08-09,Rejected
1928,1928,3,2026-06-21,Shortlisted
1929,1929,2,2026-05-30,Shortlisted
1930,1930,3,2026-03-07,Withdrawn
1931,1931,6,2026-08-16,Rejected
1932,1932,3,2026-03-20,Shortlisted
1933,1933,1,2026-02-08,Shortlisted
1934,1934,3,2026-01-02,Rejected
1935,1935,4,2026-06-20,Shortlisted
1936,1936,2,2025-12-06,Shortlisted
1937,1937,4,2026-02-10,Shortlisted
1938,1938,6,2026-07-20,Rejected
1939,1939,3,2025-12-05,Rejected
1940,1940,6,2026-01-24,Rejected
1941,1941,1,2026-05-24,Withdrawn
1942,1942,6,2025-10-17,Rejected
1943,1943,4,2025-12-22,Shortlisted
1944,1944,1,2025-10-22,Rejected
1945,1945,6,2026-07-31,Shortlisted
1946,1946,1,2025-11-09,Shortlisted
1947,1947,3,2026-05-26,Shortlisted
1948,1948,6,2026-07-01,Shortlisted
1949,1949,5,2026-02-22,Rejected
1950,1950,1,2026-08-24,Rejected
1951,1951,1,2026-01-19,Rejected
1952,1952,4,2026-05-04,Shortlisted
1953,1953,6,2025-12-02,Rejected
1954,1954,5,2025-12-12,Shortlisted
1955,1955,1,2026-06-14,Rejected
1956,1956,2,2026-03-08,Shortlisted
1957,1957,6,2025-10-08,Rejected
1958,1958,2,2026-06-02,Rejected
1959,1959,4,2026-03-28,Rejected
1960,1960,4,2025-10-12,Rejected
1961,1961,2,2025-12-19,Rejected
1962,1962,3,2026-01-04,Rejected
1963,1963,5,2026-01-08,Shortlisted
1964,1964,2,2026-05-24,Rejected
1965,1965,4,2025-09-29,Shortlisted
1966,1966,4,2025-09-18,Shortlisted
1967,1967,6,2025-10-12,Rejected
1968,1968,5,2025-10-04,Rejected
1969,1969,5,2026-07-27,Rejected
1970,1970,6,2026-01-01,Shortlisted
1971,1971,6,2026-01-12,Shortlisted
1972,1972,3,2026-02-16,Rejected
1973,1973,3,2026-07-07,Rejected
1974,1974,4,2025-10-13,Rejected
1975,1975,3,2026-09-02,Rejected
1976,1976,2,2026-07-25,Rejected
1977,1977,2,2026-06-03,Rejected
1978,1978,5,2025-11-12,Rejected
1979,1979,5,2026-04-24,Shortlisted
1980,1980,5,2026-07-21,Rejected
1981,1981,6,2026-05-22,Rejected
1982,1982,1,2026-05-22,Shortlisted
1983,1983,2,2026-05-07,Shortlisted
1984,1984,3,2025-09-25,Rejected
1985,1985,5,2025-10-20,Shortlisted
1986,1986,3,2025-12-25,Rejected
1987,1987,6,2026-05-04,Shortlisted
1988,1988,6,2026-07-04,Rejected
1989,1989,6,2026-03-30,Rejected
1990,1990,6,2025-09-30,Shortlisted
1991,1991,5,2025-10-17,Shortlisted
1992,1992,1,2026-02-10,Withdrawn
1993,1993,4,2026-03-15,Rejected
1994,1994,4,2026-06-17,Rejected
1995,1995,5,2026-05-14,Shortlisted
1996,1996,6,2026-03-05,Rejected
1997,1997,6,2026-08-19,Rejected
1998,1998,2,2025-10-09,Rejected
1999,1999,3,2026-02-15,Withdrawn
2000,2000,3,2026-06-03,Shortlisted
2001,2001,6,2026-06-02,Rejected
2002,2002,4,2026-02-04,Rejected
2003,2003,3,2026-05-01,Shortlisted
2004,2004,3,2026-01-02,Rejected
2005,2005,3,2025-11-23,Rejected
2006,2006,2,2025-11-13,Shortlisted
2007,2007,4,2025-11-30,Shortlisted
2008,2008,1,2025-10-24,Shortlisted
2009,2009,1,2026-04-15,Rejected
2010,2010,5,2026-05-01,Rejected
2011,2011,2,2025-11-17,Rejected
2012,2012,5,2026-07-15,Rejected
2013,2013,6,2026-04-09,Rejected
2014,2014,3,2026-01-21,Rejected
2015,2015,2,2026-04-04,Rejected
2016,2016,5,2026-08-26,Shortlisted
2017,2017,5,2025-11-26,Rejected
2018,2018,6,2026-07-06,Rejected
2019,2019,6,2026-03-06,Rejected
2020,2020,1,2026-03-15,Rejected
2021,2021,2,2026-07-28,Shortlisted
2022,2022,3,2026-01-28,Shortlisted
2023,2023,2,2026-02-02,Rejected
2024,2024,3,2026-01-10,Rejected
2025,2025,3,2026-05-15,Rejected
2026,2026,5,2025-12-08,Rejected
2027,2027,1,2026-06-28,Rejected
2028,2028,1,2026-03-27,Rejected
2029,2029,5,2026-03-27,Rejected
2030,2030,2,2026-01-04,Shortlisted
2031,2031,6,2026-07-11,Rejected
2032,2032,4,2026-06-22,Shortlisted
2033,2033,5,2025-10-21,Shortlisted
2034,2034,2,2026-09-01,Rejected
2035,2035,1,2026-04-02,Rejected
2036,2036,3,2026-03-12,Shortlisted
2037,2037,6,2026-08-08,Rejected
2038,2038,1,2026-05-05,Shortlisted
2039,2039,3,2026-04-12,Shortlisted
2040,2040,2,2026-06-30,Rejected
2041,2041,6,2026-08-14,Rejected
2042,2042,3,2025-12-03,Shortlisted
2043,2043,6,2026-05-30,Rejected
2044,2044,5,2026-09-04,Shortlisted
2045,2045,3,2026-03-26,Withdrawn
2046,2046,4,2025-10-04,Rejected
2047,2047,3,2026-08-22,Shortlisted
2048,2048,2,2026-08-29,Rejected
2049,2049,4,2026-03-27,Rejected
2050,2050,3,2026-07-24,Rejected
2051,2051,6,2026-06-08,Shortlisted
2052,2052,3,2025-10-24,Rejected
2053,2053,6,2025-11-22,Rejected
2054,2054,6,2026-09-05,Rejected
2055,2055,4,2026-05-18,Rejected
2056,2056,1,2026-08-24,Shortlisted
2057,2057,6,2026-05-03,Shortlisted
2058,2058,1,2025-12-21,Rejected
2059,2059,3,2025-11-10,Rejected
2060,2060,6,2025-12-20,Rejected
2061,2061,4,2026-03-18,Rejected
2062,2062,5,2025-10-09,Shortlisted
2063,2063,2,2025-12-18,Withdrawn
2064,2064,3,2025-09-24,Withdrawn
2065,2065,2,2025-12-16,Shortlisted
2066,2066,2,2026-02-19,Rejected
2067,2067,6,2026-03-03,Withdrawn
2068,2068,4,2026-05-25,Rejected
2069,2069,4,2026-02-18,Rejected
2070,2070,3,2025-10-15,Rejected
2071,2071,6,2026-07-04,Shortlisted
2072,2072,1,2026-03-29,Shortlisted
2073,2073,4,2026-07-05,Rejected
2074,2074,3,2026-01-05,Shortlisted
2075,2075,2,2025-11-08,Rejected
2076,2076,2,2026-01-28,Rejected
2077,2077,1,2026-07-08,Withdrawn
2078,2078,3,2026-07-05,Shortlisted
2079,2079,2,2026-01-23,Rejected
2080,2080,2,2025-11-24,Rejected
2081,2081,5,2026-03-26,Shortlisted
2082,2082,4,2026-02-12,Rejected
2083,2083,3,2025-12-15,Rejected
2084,2084,3,2026-07-22,Rejected
2085,2085,2,2026-03-20,Rejected
2086,2086,5,2026-07-21,Withdrawn
2087,2087,2,2025-09-17,Rejected
2088,2088,4,2026-07-24,Rejected
2089,2089,3,2025-09-24,Shortlisted
2090,2090,5,2025-09-22,Shortlisted
2091,2091,6,2026-04-29,Shortlisted
2092,2092,2,2026-06-05,Rejected
2093,2093,4,2025-12-06,Shortlisted
2094,2094,2,2026-06-30,Rejected
2095,2095,5,2026-02-16,Withdrawn
2096,2096,5,2026-01-04,Rejected
2097,2097,6,2025-12-07,Rejected
2098,2098,1,2026-02-23,Rejected
2099,2099,3,2025-12-23,Shortlisted
2100,2100,1,2025-10-07,Shortlisted
2101,2101,1,2026-01-01,Rejected
2102,2102,2,2026-08-28,Shortlisted
2103,2103,2,2026-09-11,Rejected
2104,2104,6,2026-01-30,Shortlisted
2105,2105,6,2026-09-04,Rejected
2106,2106,5,2026-06-13,Rejected
2107,2107,4,2025-11-29,Withdrawn
2108,2108,3,2026-05-04,Shortlisted
2109,2109,4,2026-08-08,Shortlisted
2110,2110,3,2026-06-13,Rejected
2111,2111,1,2026-04-10,Withdrawn
2112,2112,3,2026-05-14,Shortlisted
2113,2113,5,2026-07-29,Rejected
2114,2114,2,2026-04-25,Shortlisted
2115,2115,4,2025-12-21,Shortlisted
2116,2116,6,2026-08-15,Rejected
2117,2117,3,2026-04-04,Shortlisted
2118,2118,5,2025-12-27,Shortlisted
2119,2119,2,2026-01-28,Rejected
2120,2120,2,2026-02-17,Shortlisted
2121,2121,2,2026-08-30,Rejected
2122,2122,2,2026-07-06,Rejected
2123,2123,3,2025-10-14,Withdrawn
2124,2124,6,2025-10-17,Rejected
2125,2125,3,2026-07-29,Shortlisted
2126,2126,2,2025-09-30,Rejected
2127,2127,4,2026-06-04,Rejected
2128,2128,3,2026-06-22,Rejected
2129,2129,6,2026-01-10,Shortlisted
2130,2130,2,2026-08-31,Rejected
2131,2131,6,2026-06-20,Shortlisted
2132,2132,5,2025-11-14,Shortlisted
2133,2133,2,2026-08-17,Shortlisted
2134,2134,5,2026-06-07,Rejected
2135,2135,4,2026-02-27,Shortlisted
2136,2136,2,2026-05-12,Withdrawn
2137,2137,1,2026-04-26,Rejected
2138,2138,3,2026-08-06,Rejected
2139,2139,2,2026-05-03,Rejected
2140,2140,6,2025-10-23,Rejected
2141,2141,5,2026-04-14,Rejected
2142,2142,1,2026-02-22,Shortlisted
2143,2143,2,2026-05-19,Shortlisted
2144,2144,3,2026-01-10,Rejected
2145,2145,5,2026-07-01,Rejected
2146,2146,4,2026-02-12,Withdrawn
2147,2147,1,2026-04-18,Rejected
2148,2148,4,2026-01-13,Rejected
2149,2149,1,2025-10-27,Shortlisted
2150,2150,2,2026-03-09,Shortlisted
2151,2151,5,2026-08-22,Rejected
2152,2152,1,2026-01-16,Rejected
2153,2153,1,2026-08-12,Rejected
2154,2154,3,2026-06-08,Withdrawn
2155,2155,4,2026-04-30,Rejected
2156,2156,2,2025-11-03,Withdrawn
2157,2157,6,2026-05-29,Shortlisted
2158,2158,2,2025-12-13,Withdrawn
2159,2159,1,2026-03-08,Rejected
2160,2160,6,2025-12-25,Rejected
2161,2161,4,2026-05-24,Rejected
2162,2162,5,2026-02-07,Rejected
2163,2163,4,2026-01-30,Rejected
2164,2164,6,2025-10-28,Rejected
2165,2165,1,2026-06-02,Rejected
2166,2166,5,2026-03-10,Rejected
2167,2167,3,2025-12-17,Rejected
2168,2168,3,2026-01-11,Rejected
2169,2169,4,2026-09-08,Shortlisted
2170,2170,2,2025-10-07,Rejected
2171,2171,5,2026-06-19,Shortlisted
2172,2172,4,2025-12-20,Shortlisted
2173,2173,2,2026-01-09,Rejected
2174,2174,3,2025-10-18,Shortlisted
2175,2175,1,2025-09-16,Shortlisted
2176,2176,6,2025-12-17,Shortlisted
2177,2177,3,2026-07-01,Rejected
2178,2178,2,2026-07-22,Rejected
2179,2179,3,2026-04-13,Rejected
2180,2180,3,2026-07-02,Withdrawn
2181,2181,6,2025-11-06,Withdrawn
2182,2182,3,2026-04-01,Withdrawn
2183,2183,2,2025-11-23,Shortlisted
2184,2184,4,2026-06-18,Shortlisted
2185,2185,2,2026-02-07,Withdrawn
2186,2186,5,2026-05-04,Rejected
2187,2187,5,2026-07-22,Withdrawn
2188,2188,1,2026-05-13,Rejected
2189,2189,6,2026-07-04,Rejected
2190,2190,4,2025-09-13,Rejected
2191,2191,1,2026-09-06,Rejected
2192,2192,6,2025-12-24,Rejected
2193,2193,6,2025-09-21,Rejected
2194,2194,5,2025-12-29,Rejected
2195,2195,6,2026-06-25,Rejected
2196,2196,3,2025-09-27,Rejected
2197,2197,4,2026-05-19,Shortlisted
2198,2198,1,2026-03-30,Withdrawn
2199,2199,1,2026-06-02,Shortlisted
2200,2200,6,2026-01-18,Rejected
2201,2201,4,2026-04-19,Rejected
2202,2202,2,2026-01-24,Withdrawn
2203,2203,3,2025-12-15,Withdrawn
2204,2204,5,2026-08-09,Rejected
2205,2205,2,2025-09-25,Rejected
2206,2206,4,2026-05-02,Rejected
2207,2207,3,2026-07-25,Shortlisted
2208,2208,4,2026-02-28,Shortlisted
2209,2209,2,2026-03-07,Shortlisted
2210,2210,2,2026-06-07,Rejected
2211,2211,1,2026-08-26,Rejected
2212,2212,3,2025-12-11,Rejected
2213,2213,6,2026-03-27,Rejected
2214,2214,2,2026-06-13,Withdrawn
2215,2215,3,2026-01-28,Withdrawn
2216,2216,4,2025-10-25,Rejected
2217,2217,3,2026-05-17,Rejected
2218,2218,3,2026-04-15,Shortlisted
2219,2219,6,2026-05-15,Rejected
2220,2220,4,2025-12-18,Rejected
2221,2221,5,2026-05-27,Rejected
2222,2222,3,2026-03-05,Rejected
2223,2223,5,2026-03-31,Shortlisted
2224,2224,4,2026-04-03,Rejected
2225,2225,5,2025-12-15,Shortlisted
2226,2226,1,2025-09-18,Rejected
2227,2227,2,2026-08-29,Rejected
2228,2228,6,2026-03-04,Shortlisted
2229,2229,2,2025-11-26,Withdrawn
2230,2230,4,2026-03-26,Shortlisted
2231,2231,3,2025-10-20,Rejected
2232,2232,4,2025-10-23,Withdrawn
2233,2233,1,2026-01-22,Shortlisted
2234,2234,2,2026-02-22,Shortlisted
2235,2235,5,2026-05-14,Rejected
2236,2236,4,2026-03-31,Rejected
2237,2237,5,2026-05-23,Rejected
2238,2238,5,2025-10-01,Shortlisted
2239,2239,2,2026-04-15,Shortlisted
2240,2240,3,2026-03-30,Shortlisted
2241,2241,4,2025-11-07,Rejected
2242,2242,1,2026-03-31,Rejected
2243,2243,6,2026-01-15,Rejected
2244,2244,3,2025-12-01,Withdrawn
2245,2245,5,2026-09-08,Shortlisted
2246,2246,6,2026-05-26,Rejected
2247,2247,6,2026-06-08,Withdrawn
2248,2248,1,2025-12-27,Shortlisted
2249,2249,3,2026-05-29,Shortlisted
2250,2250,2,2025-10-31,Rejected
2251,2251,4,2026-07-22,Rejected
2252,2252,2,2026-07-04,Shortlisted
2253,2253,5,2026-03-15,Rejected
2254,2254,6,2025-12-18,Withdrawn
2255,2255,3,2026-02-27,Rejected
2256,2256,6,2026-08-08,Rejected
2257,2257,4,2026-05-17,Rejected
2258,2258,4,2026-01-19,Rejected
2259,2259,1,2025-12-06,Rejected
2260,2260,1,2025-10-23,Rejected
2261,2261,1,2026-05-05,Rejected
2262,2262,4,2025-11-12,Shortlisted
2263,2263,3,2025-10-11,Rejected
2264,2264,2,2025-11-01,Rejected
2265,2265,1,2026-04-03,Withdrawn
2266,2266,3,2026-01-01,Rejected
2267,2267,1,2025-10-31,Rejected
2268,2268,6,2026-06-18,Rejected
2269,2269,3,2025-11-29,Rejected
2270,2270,3,2025-11-06,Shortlisted
2271,2271,5,2025-12-17,Rejected
2272,2272,6,2026-03-12,Rejected
2273,2273,4,2026-07-11,Shortlisted
2274,2274,6,2025-09-25,Rejected
2275,2275,2,2025-11-26,Rejected
2276,2276,3,2026-03-12,Rejected
2277,2277,6,2025-11-26,Rejected
2278,2278,3,2025-11-10,Rejected
2279,2279,6,2026-02-06,Rejected
2280,2280,3,2026-08-31,Rejected
2281,2281,4,2026-05-25,Rejected
2282,2282,5,2025-11-08,Shortlisted
2283,2283,5,2025-09-17,Rejected
2284,2284,3,2026-02-14,Shortlisted
2285,2285,2,2025-09-22,Rejected
2286,2286,3,2026-08-21,Rejected
2287,2287,6,2026-05-02,Shortlisted
2288,2288,1,2026-06-21,Rejected
2289,2289,5,2026-07-04,Rejected
2290,2290,4,2025-12-08,Shortlisted
2291,2291,2,2026-08-15,Rejected
2292,2292,6,2026-03-14,Rejected
2293,2293,1,2026-08-19,Rejected
2294,2294,2,2025-09-11,Shortlisted
2295,2295,2,2025-11-18,Rejected
2296,2296,5,2025-10-09,Rejected
2297,2297,5,2025-11-26,Rejected
2298,2298,2,2026-06-26,Shortlisted
2299,2299,5,2026-07-18,Rejected
2300,2300,1,2026-04-01,Rejected
2301,2301,1,2025-12-29,Shortlisted
2302,2302,2,2026-05-19,Rejected
2303,2303,1,2026-07-30,Shortlisted
2304,2304,3,2026-04-05,Withdrawn
2305,2305,3,2025-12-23,Withdrawn
2306,2306,3,2026-05-27,Rejected
2307,2307,4,2026-03-31,Shortlisted
2308,2308,6,2026-06-06,Shortlisted
2309,2309,6,2026-01-07,Withdrawn
2310,2310,6,2026-06-01,Rejected
2311,2311,4,2026-09-03,Shortlisted
2312,2312,3,2026-01-06,Rejected
2313,2313,5,2025-10-29,Rejected
2314,2314,5,2025-11-08,Shortlisted
2315,2315,1,2026-02-16,Rejected
2316,2316,6,2025-11-05,Rejected
2317,2317,4,2026-04-19,Rejected
2318,2318,4,2025-12-29,Withdrawn
2319,2319,6,2025-12-27,Withdrawn
2320,2320,4,2026-06-20,Withdrawn
2321,2321,4,2025-10-27,Rejected
2322,2322,4,2026-04-07,Rejected
2323,2323,3,2026-03-10,Rejected
2324,2324,4,2026-07-21,Shortlisted
2325,2325,3,2026-03-16,Shortlisted
2326,2326,5,2026-06-24,Rejected
2327,2327,3,2025-09-11,Rejected
2328,2328,2,2025-12-05,Rejected
2329,2329,3,2025-09-14,Rejected
2330,2330,3,2026-02-28,Withdrawn
2331,2331,1,2025-09-27,Rejected
2332,2332,1,2025-09-29,Shortlisted
2333,2333,5,2026-02-24,Rejected
2334,2334,4,2026-02-18,Rejected
2335,2335,5,2025-12-17,Rejected
2336,2336,4,2026-08-26,Withdrawn
2337,2337,4,2026-07-17,Rejected
2338,2338,6,2026-01-18,Shortlisted
2339,2339,2,2025-11-28,Shortlisted
2340,2340,1,2026-03-20,Rejected
2341,2341,5,2026-05-14,Rejected
2342,2342,1,2026-02-15,Rejected
2343,2343,5,2026-02-12,Shortlisted
2344,2344,5,2026-06-10,Rejected
2345,2345,6,2026-05-21,Shortlisted
2346,2346,5,2025-12-22,Rejected
2347,2347,6,2025-12-11,Shortlisted
2348,2348,1,2025-09-29,Rejected
2349,2349,4,2026-03-29,Shortlisted
2350,2350,4,2025-10-27,Rejected
2351,2351,4,2025-12-21,Shortlisted
2352,2352,1,2026-08-14,Shortlisted
2353,2353,1,2026-03-20,Shortlisted
2354,2354,1,2026-02-03,Shortlisted
2355,2355,5,2026-03-31,Rejected
2356,2356,5,2026-04-23,Rejected
2357,2357,2,2026-06-15,Shortlisted
2358,2358,1,2026-04-15,Rejected
2359,2359,1,2025-10-22,Withdrawn
2360,2360,5,2026-08-05,Shortlisted
2361,2361,1,2025-10-20,Rejected
2362,2362,3,2026-09-10,Rejected
2363,2363,3,2026-03-15,Rejected
2364,2364,4,2026-07-23,Rejected
2365,2365,2,2026-04-18,Rejected
2366,2366,3,2026-08-09,Shortlisted
2367,2367,4,2026-08-24,Shortlisted
2368,2368,1,2026-05-25,Shortlisted
2369,2369,4,2025-11-19,Rejected
2370,2370,3,2025-10-01,Rejected
2371,2371,6,2025-11-27,Withdrawn
2372,2372,2,2026-07-31,Rejected
2373,2373,4,2026-01-07,Withdrawn
2374,2374,5,2026-08-25,Shortlisted
2375,2375,5,2025-10-05,Rejected
2376,2376,1,2026-07-19,Rejected
2377,2377,3,2026-01-31,Rejected
2378,2378,4,2026-05-09,Withdrawn
2379,2379,5,2026-05-05,Rejected
2380,2380,2,2026-01-14,Rejected
2381,2381,2,2026-03-05,Rejected
2382,2382,5,2025-10-26,Rejected
2383,2383,5,2026-03-12,Rejected
2384,2384,6,2026-01-13,Rejected
2385,2385,6,2025-12-22,Shortlisted
2386,2386,4,2026-06-06,Rejected
2387,2387,2,2026-08-18,Rejected
2388,2388,6,2026-08-26,Rejected
2389,2389,1,2025-09-12,Rejected
2390,2390,5,2025-12-28,Rejected
2391,2391,5,2025-11-19,Withdrawn
2392,2392,6,2026-05-24,Rejected
2393,2393,3,2026-01-02,Rejected
2394,2394,5,2025-11-01,Rejected
2395,2395,4,2026-08-06,Rejected
2396,2396,2,2026-02-22,Rejected
2397,2397,4,2025-11-24,Rejected
2398,2398,6,2026-07-17,Withdrawn
2399,2399,3,2026-05-24,Shortlisted
2400,2400,5,2026-04-30,Rejected
2401,2401,1,2025-10-25,Rejected
2402,2402,5,2026-07-18,Rejected
2403,2403,4,2026-09-03,Rejected
2404,2404,6,2026-07-17,Rejected
2405,2405,1,2025-11-30,Shortlisted
2406,2406,1,2026-02-27,Shortlisted
2407,2407,4,2026-08-11,Rejected
2408,2408,5,2026-07-27,Rejected
2409,2409,6,2026-08-08,Rejected
2410,2410,5,2026-07-28,Rejected
2411,2411,6,2026-07-04,Rejected
2412,2412,2,2025-09-30,Rejected
2413,2413,2,2026-02-25,Rejected
2414,2414,6,2026-02-17,Rejected
2415,2415,1,2026-05-02,Withdrawn
2416,2416,1,2026-07-17,Rejected
2417,2417,3,2026-06-04,Rejected
2418,2418,5,2025-12-17,Shortlisted
2419,2419,3,2026-07-30,Rejected
2420,2420,6,2026-01-04,Rejected
2421,2421,2,2025-12-15,Rejected
2422,2422,6,2026-05-15,Shortlisted
2423,2423,6,2026-07-12,Shortlisted
2424,2424,1,2026-06-24,Shortlisted
2425,2425,3,2026-03-04,Rejected
2426,2426,2,2026-05-03,Rejected
2427,2427,2,2026-06-12,Rejected
2428,2428,6,2026-04-04,Rejected
2429,2429,5,2025-11-29,Shortlisted
2430,2430,2,2026-03-15,Rejected
2431,2431,4,2026-05-29,Shortlisted
2432,2432,2,2026-03-24,Rejected
2433,2433,1,2026-03-04,Withdrawn
2434,2434,1,2026-07-23,Shortlisted
2435,2435,6,2025-10-20,Rejected
2436,2436,3,2026-05-15,Withdrawn
2437,2437,5,2025-10-04,Rejected
2438,2438,3,2026-02-04,Shortlisted
2439,2439,3,2025-09-20,Rejected
2440,2440,1,2025-10-18,Shortlisted
2441,2441,3,2026-04-02,Rejected
2442,2442,2,2026-03-05,Rejected
2443,2443,3,2026-08-13,Shortlisted
2444,2444,3,2026-07-20,Rejected
2445,2445,6,2025-12-14,Rejected
2446,2446,6,2026-01-24,Rejected
2447,2447,2,2026-08-17,Rejected
2448,2448,5,2026-02-25,Rejected
2449,2449,5,2026-02-11,Rejected
2450,2450,4,2026-02-13,Shortlisted
2451,2451,3,2026-03-09,Shortlisted
2452,2452,3,2025-09-19,Withdrawn
2453,2453,2,2026-03-29,Shortlisted
2454,2454,5,2025-09-22,Shortlisted
2455,2455,4,2026-04-17,Shortlisted
2456,2456,5,2025-10-11,Shortlisted
2457,2457,6,2026-04-21,Rejected
2458,2458,6,2026-08-17,Shortlisted
2459,2459,2,2026-05-25,Rejected
2460,2460,4,2026-06-04,Rejected
2461,2461,6,2026-01-12,Shortlisted
2462,2462,4,2025-10-21,Rejected
2463,2463,3,2026-05-03,Rejected
2464,2464,1,2025-10-09,Rejected
2465,2465,4,2025-10-24,Rejected
2466,2466,2,2026-08-27,Rejected
2467,2467,3,2026-05-26,Rejected
2468,2468,1,2025-11-13,Shortlisted
2469,2469,1,2025-12-25,Shortlisted
2470,2470,4,2026-01-12,Rejected
2471,2471,1,2026-04-10,Rejected
2472,2472,6,2026-03-15,Shortlisted
2473,2473,2,2026-08-28,Rejected
2474,2474,5,2026-07-06,Rejected
2475,2475,2,2026-01-02,Rejected
2476,2476,2,2026-01-15,Rejected
2477,2477,1,2026-09-03,Rejected
2478,2478,1,2026-07-19,Rejected
2479,2479,6,2026-07-23,Shortlisted
2480,2480,3,2025-12-25,Rejected
2481,2481,2,2025-11-19,Rejected
2482,2482,5,2026-09-10,Shortlisted
2483,2483,2,2026-07-04,Rejected
2484,2484,6,2025-10-26,Rejected
2485,2485,5,2026-09-09,Rejected
2486,2486,3,2026-08-19,Rejected
2487,2487,3,2026-08-22,Rejected
2488,2488,4,2026-03-05,Shortlisted
2489,2489,6,2025-09-25,Rejected
2490,2490,5,2026-08-19,Shortlisted
2491,2491,2,2025-09-27,Rejected
2492,2492,5,2025-09-20,Rejected
2493,2493,2,2026-06-10,Rejected
2494,2494,1,2026-03-05,Rejected
2495,2495,1,2026-03-24,Shortlisted
2496,2496,4,2026-02-02,Rejected
2497,2497,2,2025-11-26,Rejected
2498,2498,3,2026-02-13,Rejected
2499,2499,6,2025-11-29,Withdrawn
2500,2500,3,2025-10-20,Rejected
2501,2501,1,2026-07-20,Rejected
2502,2502,1,2025-09-11,Rejected
2503,2503,6,2025-09-14,Shortlisted
2504,2504,2,2026-03-29,Shortlisted
2505,2505,6,2026-01-08,Rejected
2506,2506,6,2026-07-04,Rejected
2507,2507,3,2026-08-08,Rejected
2508,2508,1,2026-08-21,Shortlisted
2509,2509,3,2026-09-06,Rejected
2510,2510,2,2026-03-05,Rejected
2511,2511,2,2026-06-27,Rejected
2512,2512,3,2026-01-02,Shortlisted
2513,2513,2,2026-04-30,Rejected
2514,2514,5,2026-07-16,Rejected
2515,2515,4,2026-02-16,Rejected
2516,2516,3,2026-02-01,Shortlisted
2517,2517,6,2026-06-22,Rejected
2518,2518,6,2026-05-23,Shortlisted
2519,2519,1,2025-11-18,Rejected
2520,2520,2,2026-04-20,Shortlisted
2521,2521,4,2025-10-15,Rejected
2522,2522,5,2026-01-01,Shortlisted
2523,2523,2,2026-02-05,Rejected
2524,2524,1,2026-02-25,Rejected
2525,2525,5,2025-10-20,Withdrawn
2526,2526,4,2026-05-18,Withdrawn
2527,2527,3,2025-09-21,Rejected
2528,2528,1,2026-03-08,Shortlisted
2529,2529,2,2026-03-12,Shortlisted
2530,2530,3,2026-04-11,Shortlisted
2531,2531,1,2026-08-08,Shortlisted
2532,2532,1,2026-01-20,Rejected
2533,2533,6,2025-09-20,Rejected
2534,2534,6,2026-07-08,Withdrawn
2535,2535,3,2026-06-22,Rejected
2536,2536,4,2026-04-02,Rejected
2537,2537,4,2025-12-09,Withdrawn
2538,2538,3,2026-07-04,Shortlisted
2539,2539,3,2026-04-07,Rejected
2540,2540,1,2026-01-10,Rejected
2541,2541,5,2026-04-04,Rejected
2542,2542,4,2026-02-21,Rejected
2543,2543,2,2026-05-01,Shortlisted
2544,2544,4,2026-07-18,Rejected
2545,2545,2,2026-08-15,Shortlisted
2546,2546,3,2026-06-19,Rejected
2547,2547,3,2026-04-27,Rejected
2548,2548,6,2026-04-13,Rejected
2549,2549,5,2026-03-19,Shortlisted
2550,2550,1,2025-12-27,Rejected
2551,2551,6,2026-06-13,Rejected
2552,2552,2,2025-09-15,Rejected
2553,2553,4,2025-12-02,Rejected
2554,2554,2,2026-03-04,Rejected
2555,2555,1,2025-10-15,Rejected
2556,2556,5,2026-06-12,Rejected
2557,2557,6,2026-07-01,Rejected
2558,2558,4,2026-04-17,Rejected
2559,2559,6,2026-01-21,Rejected
2560,2560,6,2026-07-26,Rejected
2561,2561,3,2026-03-25,Withdrawn
2562,2562,4,2026-03-23,Rejected
2563,2563,4,2026-08-07,Shortlisted
2564,2564,6,2026-09-10,Withdrawn
2565,2565,2,2026-03-01,Rejected
2566,2566,4,2026-03-06,Rejected
2567,2567,2,2026-06-28,Shortlisted
2568,2568,4,2026-01-27,Rejected
2569,2569,5,2026-08-06,Shortlisted
2570,2570,2,2026-01-27,Shortlisted
2571,2571,5,2026-06-22,Shortlisted
2572,2572,2,2026-09-07,Rejected
2573,2573,6,2026-09-05,Shortlisted
2574,2574,3,2026-04-21,Rejected
2575,2575,5,2026-07-15,Rejected
2576,2576,6,2026-02-08,Shortlisted
2577,2577,6,2025-12-28,Shortlisted
2578,2578,4,2026-04-13,Rejected
2579,2579,1,2026-02-11,Shortlisted
2580,2580,3,2026-08-04,Shortlisted
2581,2581,4,2025-11-07,Rejected
2582,2582,1,2026-03-09,Shortlisted
2583,2583,4,2025-10-13,Shortlisted
2584,2584,1,2025-12-29,Shortlisted
2585,2585,4,2025-12-29,Shortlisted
2586,2586,5,2025-11-08,Rejected
2587,2587,1,2026-06-06,Shortlisted
2588,2588,2,2026-06-20,Rejected
2589,2589,2,2026-05-28,Rejected
2590,2590,6,2026-08-16,Shortlisted
2591,2591,2,2025-09-20,Shortlisted
2592,2592,6,2025-10-30,Rejected
2593,2593,1,2026-02-23,Rejected
2594,2594,6,2026-02-27,Rejected
2595,2595,3,2026-01-22,Rejected
2596,2596,2,2025-10-31,Rejected
2597,2597,1,2026-06-30,Rejected
2598,2598,4,2026-02-01,Rejected
2599,2599,6,2026-03-14,Rejected
2600,2600,3,2026-04-17,Shortlisted
2601,2601,1,2026-03-31,Withdrawn
2602,2602,4,2026-08-12,Rejected
2603,2603,2,2025-10-18,Rejected
2604,2604,6,2026-02-17,Shortlisted
2605,2605,4,2026-01-09,Rejected
2606,2606,6,2025-11-21,Rejected
2607,2607,1,2025-11-17,Withdrawn
2608,2608,4,2026-04-16,Rejected
2609,2609,3,2025-12-22,Rejected
2610,2610,4,2025-09-28,Withdrawn
2611,2611,4,2026-04-14,Rejected
2612,2612,6,2025-11-08,Rejected
2613,2613,4,2026-07-17,Withdrawn
2614,2614,1,2026-04-14,Rejected
2615,2615,5,2026-01-06,Rejected
2616,2616,2,2026-07-31,Rejected
2617,2617,5,2026-03-24,Shortlisted
2618,2618,6,2026-03-30,Rejected
2619,2619,6,2026-02-04,Shortlisted
2620,2620,3,2026-04-11,Rejected
2621,2621,2,2025-10-09,Rejected
2622,2622,6,2025-11-02,Rejected
2623,2623,5,2026-06-10,Rejected
2624,2624,2,2026-05-20,Rejected
2625,2625,5,2026-05-29,Rejected
2626,2626,2,2026-07-10,Shortlisted
2627,2627,2,2025-11-20,Rejected
2628,2628,6,2026-07-16,Rejected
2629,2629,4,2025-10-07,Shortlisted
2630,2630,3,2026-06-24,Rejected
2631,2631,4,2026-09-02,Withdrawn
2632,2632,6,2026-07-29,Rejected
2633,2633,2,2026-08-08,Rejected
2634,2634,1,2026-06-22,Rejected
2635,2635,3,2026-04-01,Rejected
2636,2636,2,2026-09-03,Rejected
2637,2637,6,2025-12-12,Shortlisted
2638,2638,6,2026-03-25,Shortlisted
2639,2639,4,2026-01-13,Rejected
2640,2640,1,2026-07-21,Shortlisted
2641,2641,1,2025-09-21,Withdrawn
2642,2642,3,2026-03-30,Rejected
2643,2643,6,2025-12-29,Rejected
2644,2644,5,2026-02-07,Shortlisted
2645,2645,4,2026-01-01,Rejected
2646,2646,4,2026-06-16,Shortlisted
2647,2647,5,2026-04-20,Rejected
2648,2648,6,2026-05-02,Rejected
2649,2649,6,2025-10-24,Rejected
2650,2650,4,2026-02-28,Withdrawn
2651,2651,5,2026-09-07,Withdrawn
2652,2652,3,2026-08-19,Withdrawn
2653,2653,5,2026-04-29,Rejected
2654,2654,3,2026-06-08,Rejected
2655,2655,2,2026-01-14,Rejected
2656,2656,6,2026-01-19,Rejected
2657,2657,5,2025-11-05,Rejected
2658,2658,5,2025-12-05,Withdrawn
2659,2659,5,2026-03-24,Rejected
2660,2660,4,2025-10-18,Rejected
2661,2661,2,2026-02-01,Rejected
2662,2662,3,2026-02-25,Shortlisted
2663,2663,5,2026-07-18,Withdrawn
2664,2664,2,2025-09-25,Rejected
2665,2665,2,2026-02-19,Rejected
2666,2666,5,2026-06-19,Shortlisted
2667,2667,1,2025-10-05,Shortlisted
2668,2668,5,2025-09-30,Rejected
2669,2669,3,2026-08-19,Rejected
2670,2670,5,2025-12-06,Shortlisted
2671,2671,2,2026-07-11,Rejected
2672,2672,2,2026-04-16,Rejected
2673,2673,4,2025-12-19,Rejected
2674,2674,2,2026-01-27,Rejected
2675,2675,5,2026-05-27,Rejected
2676,2676,1,2026-03-16,Shortlisted
2677,2677,6,2026-05-23,Rejected
2678,2678,2,2025-09-24,Withdrawn
2679,2679,1,2025-12-14,Shortlisted
2680,2680,2,2025-12-11,Shortlisted
2681,2681,3,2026-03-06,Shortlisted
2682,2682,1,2026-01-28,Rejected
2683,2683,2,2026-05-13,Rejected
2684,2684,3,2026-02-13,Shortlisted
2685,2685,1,2026-04-08,Withdrawn
2686,2686,2,2026-01-07,Rejected
2687,2687,4,2026-06-13,Rejected
2688,2688,6,2026-05-16,Shortlisted
2689,2689,1,2025-11-18,Shortlisted
2690,2690,1,2026-09-03,Rejected
2691,2691,2,2026-05-27,Shortlisted
2692,2692,4,2026-05-23,Shortlisted
2693,2693,2,2025-09-26,Shortlisted
2694,2694,5,2026-03-10,Withdrawn
2695,2695,4,2026-03-01,Shortlisted
2696,2696,1,2026-03-19,Shortlisted
2697,2697,3,2026-01-02,Rejected
2698,2698,2,2026-02-10,Shortlisted
2699,2699,4,2026-04-27,Rejected
2700,2700,3,2026-06-08,Rejected
2701,2701,5,2025-12-13,Rejected
2702,2702,1,2026-02-16,Shortlisted
2703,2703,1,2026-06-09,Rejected
2704,2704,6,2025-11-13,Rejected
2705,2705,6,2026-02-23,Shortlisted
2706,2706,4,2025-10-09,Rejected
2707,2707,3,2026-05-15,Rejected
2708,2708,2,2026-04-05,Rejected
2709,2709,2,2026-07-27,Withdrawn
2710,2710,3,2026-02-28,Rejected
2711,2711,3,2026-01-11,Withdrawn
2712,2712,5,2025-11-25,Withdrawn
2713,2713,4,2025-10-06,Shortlisted
2714,2714,1,2025-11-11,Rejected
2715,2715,6,2026-04-30,Rejected
2716,2716,4,2026-01-07,Rejected
2717,2717,1,2026-06-15,Rejected
2718,2718,6,2026-02-15,Shortlisted
2719,2719,6,2026-04-23,Rejected
2720,2720,4,2026-01-06,Shortlisted
2721,2721,4,2026-01-21,Shortlisted
2722,2722,2,2026-01-31,Withdrawn
2723,2723,3,2026-08-23,Shortlisted
2724,2724,5,2025-11-13,Shortlisted
2725,2725,6,2025-11-27,Rejected
2726,2726,1,2026-08-20,Rejected
2727,2727,5,2025-12-23,Withdrawn
2728,2728,2,2026-03-01,Shortlisted
2729,2729,6,2026-05-03,Rejected
2730,2730,1,2026-04-04,Shortlisted
2731,2731,2,2026-07-02,Shortlisted
2732,2732,4,2026-06-30,Rejected
2733,2733,1,2026-03-13,Shortlisted
2734,2734,5,2026-09-06,Rejected
2735,2735,2,2025-12-06,Shortlisted
2736,2736,6,2026-04-26,Shortlisted
2737,2737,2,2026-08-06,Shortlisted
2738,2738,6,2025-10-09,Rejected
2739,2739,2,2026-02-05,Rejected
2740,2740,4,2026-01-15,Shortlisted
2741,2741,2,2025-10-15,Rejected
2742,2742,1,2026-01-11,Rejected
2743,2743,1,2026-01-23,Shortlisted
2744,2744,1,2025-10-05,Rejected
2745,2745,5,2026-08-01,Rejected
2746,2746,3,2026-06-17,Shortlisted
2747,2747,6,2026-06-18,Shortlisted
2748,2748,4,2026-05-08,Rejected
2749,2749,1,2026-04-17,Shortlisted
2750,2750,1,2025-11-30,Rejected
2751,2751,5,2026-09-11,Shortlisted
2752,2752,4,2026-03-09,Withdrawn
2753,2753,4,2026-08-23,Rejected
2754,2754,6,2026-05-05,Rejected
2755,2755,6,2026-03-29,Shortlisted
2756,2756,5,2026-05-10,Shortlisted
2757,2757,3,2025-11-17,Shortlisted
2758,2758,2,2025-12-01,Rejected
2759,2759,3,2026-06-22,Rejected
2760,2760,4,2026-05-25,Rejected
2761,2761,1,2025-09-28,Shortlisted
2762,2762,1,2026-02-06,Rejected
2763,2763,3,2026-02-22,Shortlisted
2764,2764,6,2025-11-12,Rejected
2765,2765,3,2026-08-17,Shortlisted
2766,2766,1,2026-07-28,Shortlisted
2767,2767,6,2025-11-15,Shortlisted
2768,2768,2,2026-09-04,Shortlisted
2769,2769,5,2026-04-14,Shortlisted
2770,2770,1,2026-06-16,Shortlisted
2771,2771,3,2025-12-15,Shortlisted
2772,2772,3,2026-01-19,Rejected
2773,2773,1,2026-03-08,Rejected
2774,2774,5,2025-12-20,Rejected
2775,2775,5,2026-04-29,Shortlisted
2776,2776,4,2026-01-24,Rejected
2777,2777,2,2025-12-01,Rejected
2778,2778,5,2026-06-04,Shortlisted
2779,2779,4,2026-06-03,Rejected
2780,2780,1,2026-03-27,Rejected
2781,2781,5,2026-08-30,Rejected
2782,2782,2,2026-06-27,Withdrawn
2783,2783,6,2026-01-26,Rejected
2784,2784,3,2026-07-05,Rejected
2785,2785,1,2026-03-05,Rejected
2786,2786,5,2025-11-18,Shortlisted
2787,2787,3,2026-02-20,Rejected
2788,2788,1,2026-03-25,Shortlisted
2789,2789,2,2026-04-16,Rejected
2790,2790,4,2025-10-02,Rejected
2791,2791,4,2025-09-27,Shortlisted
2792,2792,6,2026-02-19,Shortlisted
2793,2793,2,2026-02-10,Rejected
2794,2794,1,2026-02-20,Rejected
2795,2795,5,2026-02-11,Withdrawn
2796,2796,2,2026-04-20,Shortlisted
2797,2797,1,2025-10-23,Shortlisted
2798,2798,2,2026-01-22,Shortlisted
2799,2799,2,2025-10-20,Shortlisted
2800,2800,4,2026-08-16,Rejected
2801,2801,4,2026-06-19,Rejected
2802,2802,1,2026-03-30,Rejected
2803,2803,5,2026-08-01,Shortlisted
2804,2804,1,2026-03-19,Shortlisted
2805,2805,1,2026-04-28,Rejected
2806,2806,1,2026-06-06,Shortlisted
2807,2807,4,2025-10-23,Rejected
2808,2808,3,2026-07-30,Rejected
2809,2809,4,2026-01-06,Rejected
2810,2810,6,2026-05-07,Shortlisted
2811,2811,1,2025-09-16,Rejected
2812,2812,3,2026-08-25,Rejected
2813,2813,4,2026-07-04,Rejected
2814,2814,5,2026-06-05,Rejected
2815,2815,2,2026-04-12,Rejected
2816,2816,1,2026-05-20,Shortlisted
2817,2817,3,2026-04-02,Rejected
2818,2818,4,2026-02-26,Rejected
2819,2819,5,2025-10-29,Shortlisted
2820,2820,6,2026-05-29,Shortlisted
2821,2821,6,2026-04-26,Shortlisted
2822,2822,2,2026-01-03,Rejected
2823,2823,6,2026-02-07,Rejected
2824,2824,5,2026-03-19,Shortlisted
2825,2825,1,2025-12-28,Shortlisted
2826,2826,3,2026-06-22,Rejected
2827,2827,3,2026-06-11,Rejected
2828,2828,4,2026-08-03,Rejected
2829,2829,4,2026-09-05,Rejected
2830,2830,4,2025-11-07,Withdrawn
2831,2831,5,2026-07-16,Rejected
2832,2832,2,2026-04-24,Shortlisted
2833,2833,4,2026-03-19,Rejected
2834,2834,1,2026-09-10,Rejected
2835,2835,5,2026-04-15,Shortlisted
2836,2836,1,2025-12-29,Rejected
2837,2837,3,2025-09-13,Rejected
2838,2838,4,2026-04-29,Rejected
2839,2839,4,2026-06-21,Rejected
2840,2840,1,2025-11-28,Shortlisted
2841,2841,2,2025-09-30,Rejected
2842,2842,5,2026-04-04,Shortlisted
2843,2843,6,2026-03-22,Withdrawn
2844,2844,2,2026-08-10,Rejected
2845,2845,5,2026-05-04,Rejected
2846,2846,4,2026-01-16,Rejected
2847,2847,2,2025-09-21,Rejected
2848,2848,2,2026-02-20,Rejected
2849,2849,1,2026-04-21,Rejected
2850,2850,3,2026-03-01,Rejected
2851,2851,6,2026-03-09,Rejected
2852,2852,5,2026-03-22,Shortlisted
2853,2853,5,2026-03-01,Rejected
2854,2854,2,2025-11-22,Rejected
2855,2855,5,2025-11-19,Rejected
2856,2856,4,2026-08-15,Withdrawn
2857,2857,5,2026-09-05,Rejected
2858,2858,2,2026-01-28,Shortlisted
2859,2859,6,2026-06-30,Rejected
2860,2860,4,2026-07-02,Rejected
2861,2861,6,2026-03-24,Shortlisted
2862,2862,6,2026-04-07,Withdrawn
2863,2863,1,2026-07-07,Rejected
2864,2864,5,2025-09-29,Shortlisted
2865,2865,5,2025-09-18,Rejected
2866,2866,4,2025-12-06,Shortlisted
2867,2867,5,2025-12-10,Rejected
2868,2868,3,2026-02-24,Rejected
2869,2869,3,2026-02-28,Rejected
2870,2870,3,2026-04-06,Shortlisted
2871,2871,4,2026-01-08,Shortlisted
2872,2872,5,2026-08-31,Shortlisted
2873,2873,6,2026-03-16,Rejected
2874,2874,6,2026-02-23,Rejected
2875,2875,6,2026-01-14,Shortlisted
2876,2876,1,2025-11-27,Rejected
2877,2877,5,2026-07-14,Rejected
2878,2878,4,2025-09-11,Rejected
2879,2879,2,2026-01-08,Rejected
2880,2880,3,2026-03-20,Withdrawn
2881,2881,2,2026-06-10,Rejected
2882,2882,3,2026-05-18,Rejected
2883,2883,4,2026-07-09,Rejected
2884,2884,1,2026-06-04,Rejected
2885,2885,4,2025-11-28,Rejected
2886,2886,2,2026-02-08,Shortlisted
2887,2887,1,2026-03-13,Shortlisted
2888,2888,6,2026-02-08,Rejected
2889,2889,1,2026-02-01,Rejected
2890,2890,6,2026-06-04,Shortlisted
2891,2891,6,2026-02-07,Withdrawn
2892,2892,2,2026-03-16,Withdrawn
2893,2893,4,2025-12-29,Shortlisted
2894,2894,2,2026-02-26,Rejected
2895,2895,5,2026-07-27,Rejected
2896,2896,2,2026-01-09,Rejected
2897,2897,2,2025-12-24,Rejected
2898,2898,1,2025-09-18,Shortlisted
2899,2899,3,2025-09-12,Rejected
2900,2900,6,2026-02-18,Shortlisted
2901,2901,6,2025-10-10,Withdrawn
2902,2902,2,2026-04-19,Shortlisted
2903,2903,3,2025-10-24,Withdrawn
2904,2904,1,2025-09-13,Shortlisted
2905,2905,4,2026-02-17,Rejected
2906,2906,5,2026-03-19,Shortlisted
2907,2907,5,2026-03-09,Rejected
2908,2908,6,2026-09-08,Shortlisted
2909,2909,1,2026-01-25,Rejected
2910,2910,5,2026-07-12,Rejected
2911,2911,2,2025-10-20,Rejected
2912,2912,3,2025-11-15,Rejected
2913,2913,5,2026-07-30,Shortlisted
2914,2914,3,2026-05-05,Shortlisted
2915,2915,5,2025-12-14,Shortlisted
2916,2916,4,2026-03-30,Shortlisted
2917,2917,4,2026-06-21,Rejected
2918,2918,2,2025-11-08,Withdrawn
2919,2919,6,2026-08-29,Rejected
2920,2920,2,2026-05-06,Rejected
2921,2921,5,2026-08-13,Withdrawn
2922,2922,2,2026-06-20,Shortlisted
2923,2923,6,2026-08-04,Shortlisted
2924,2924,2,2026-01-20,Rejected
2925,2925,5,2026-01-06,Rejected
2926,2926,4,2025-10-25,Rejected
2927,2927,6,2025-10-10,Rejected
2928,2928,1,2026-01-08,Rejected
2929,2929,1,2026-03-28,Shortlisted
2930,2930,3,2026-03-26,Rejected
2931,2931,3,2026-05-16,Rejected
2932,2932,6,2025-12-18,Shortlisted
2933,2933,5,2025-09-12,Shortlisted
2934,2934,3,2026-05-02,Rejected
2935,2935,5,2026-02-14,Shortlisted
2936,2936,6,2026-06-01,Rejected
2937,2937,1,2026-07-29,Rejected
2938,2938,4,2026-03-24,Rejected
2939,2939,5,2026-04-24,Shortlisted
2940,2940,3,2025-12-30,Rejected
2941,2941,1,2025-09-14,Shortlisted
2942,2942,5,2026-04-10,Shortlisted
2943,2943,3,2025-10-29,Rejected
2944,2944,3,2026-02-27,Withdrawn
2945,2945,2,2026-08-12,Rejected
2946,2946,5,2026-03-16,Rejected
2947,2947,4,2026-06-18,Withdrawn
2948,2948,3,2026-03-29,Shortlisted
2949,2949,1,2026-03-22,Withdrawn
2950,2950,6,2025-09-19,Shortlisted
2951,2951,3,2026-09-04,Rejected
2952,2952,1,2026-01-14,Rejected
2953,2953,6,2026-03-17,Rejected
2954,2954,4,2025-09-26,Shortlisted
2955,2955,1,2026-06-12,Rejected
2956,2956,5,2026-01-12,Rejected
2957,2957,2,2026-04-02,Rejected
2958,2958,3,2026-05-06,Rejected
2959,2959,2,2026-06-05,Rejected
2960,2960,1,2025-12-09,Rejected
2961,2961,4,2025-11-17,Rejected
2962,2962,6,2026-09-01,Rejected
2963,2963,4,2026-07-28,Rejected
2964,2964,4,2025-10-19,Shortlisted
2965,2965,3,2026-07-20,Rejected
2966,2966,3,2026-08-08,Rejected
2967,2967,1,2026-04-15,Shortlisted
2968,2968,2,2026-05-08,Rejected
2969,2969,2,2026-05-01,Rejected
2970,2970,2,2026-06-02,Shortlisted
2971,2971,1,2025-10-19,Shortlisted
2972,2972,3,2026-08-13,Rejected
2973,2973,2,2025-12-04,Withdrawn
2974,2974,4,2026-01-25,Shortlisted
2975,2975,5,2026-05-26,Rejected
2976,2976,5,2026-09-01,Withdrawn
2977,2977,6,2026-01-25,Shortlisted
2978,2978,2,2026-08-26,Shortlisted
2979,2979,4,2026-02-03,Rejected
2980,2980,3,2026-08-15,Rejected
2981,2981,5,2025-12-07,Rejected
2982,2982,2,2025-11-02,Rejected
2983,2983,4,2026-01-13,Rejected
2984,2984,4,2025-11-05,Rejected
2985,2985,6,2026-07-08,Rejected
2986,2986,4,2025-10-27,Rejected
2987,2987,3,2025-11-06,Shortlisted
2988,2988,1,2025-12-21,Rejected
2989,2989,3,2025-09-23,Shortlisted
2990,2990,3,2026-04-20,Shortlisted
2991,2991,4,2025-11-10,Shortlisted
2992,2992,4,2025-12-29,Shortlisted
2993,2993,4,2026-01-20,Shortlisted
2994,2994,6,2026-04-02,Rejected
2995,2995,4,2025-09-13,Shortlisted
2996,2996,3,2026-02-18,Rejected
2997,2997,2,2026-01-06,Rejected
2998,2998,3,2025-10-12,Rejected
2999,2999,6,2025-10-19,Rejected
3000,3000,3,2026-02-12,Rejected
3001,3001,3,2025-10-04,Rejected
3002,3002,6,2025-12-31,Rejected
3003,3003,4,2026-02-13,Rejected
3004,3004,5,2026-05-25,Rejected
3005,3005,5,2026-06-26,Shortlisted
3006,3006,3,2026-06-15,Rejected
3007,3007,4,2026-09-04,Rejected
3008,3008,6,2026-06-22,Rejected
3009,3009,6,2025-12-17,Rejected
3010,3010,2,2025-12-18,Rejected
3011,3011,4,2026-01-14,Shortlisted
3012,3012,3,2025-11-23,Rejected
3013,3013,1,2026-08-02,Shortlisted
3014,3014,5,2026-06-17,Shortlisted
3015,3015,3,2026-09-04,Rejected
3016,3016,5,2025-11-23,Shortlisted
3017,3017,1,2025-09-28,Rejected
3018,3018,2,2025-12-31,Rejected
3019,3019,2,2025-11-01,Rejected
3020,3020,4,2025-12-16,Rejected
3021,3021,2,2026-03-10,Rejected
3022,3022,5,2026-08-12,Rejected
3023,3023,5,2026-04-14,Rejected
3024,3024,4,2025-10-20,Rejected
3025,3025,1,2026-08-26,Rejected
3026,3026,4,2026-03-23,Shortlisted
3027,3027,3,2026-01-07,Rejected
3028,3028,4,2026-08-11,Shortlisted
3029,3029,4,2026-02-10,Rejected
3030,3030,1,2026-04-07,Rejected
3031,3031,1,2026-08-01,Shortlisted
3032,3032,5,2026-04-22,Shortlisted
3033,3033,4,2025-12-25,Shortlisted
3034,3034,2,2026-02-28,Rejected
3035,3035,6,2026-08-20,Shortlisted
3036,3036,1,2026-06-08,Rejected
3037,3037,2,2026-04-13,Rejected
3038,3038,3,2026-06-29,Rejected
3039,3039,1,2025-09-13,Rejected
3040,3040,5,2025-11-30,Rejected
3041,3041,3,2026-03-25,Rejected
3042,3042,2,2026-09-07,Rejected
3043,3043,3,2026-06-29,Rejected
3044,3044,4,2026-07-01,Rejected
3045,3045,6,2026-07-16,Withdrawn
3046,3046,3,2026-09-01,Shortlisted
3047,3047,4,2025-12-24,Rejected
3048,3048,4,2026-06-24,Withdrawn
3049,3049,3,2026-01-21,Rejected
3050,3050,3,2025-11-18,Rejected
3051,3051,2,2026-03-13,Rejected
3052,3052,3,2026-09-03,Rejected
3053,3053,6,2026-07-16,Rejected
3054,3054,3,2026-09-02,Rejected
3055,3055,6,2026-03-03,Shortlisted
3056,3056,1,2026-05-13,Shortlisted
3057,3057,3,2026-08-11,Withdrawn
3058,3058,6,2026-08-02,Rejected
3059,3059,3,2025-12-31,Rejected
3060,3060,5,2026-08-16,Rejected
3061,3061,1,2025-12-07,Shortlisted
3062,3062,4,2026-04-22,Rejected
3063,3063,2,2025-12-22,Rejected
3064,3064,4,2026-09-03,Rejected
3065,3065,6,2026-05-23,Withdrawn
3066,3066,5,2026-06-27,Shortlisted
3067,3067,6,2026-05-09,Rejected
3068,3068,4,2026-03-17,Rejected
3069,3069,2,2026-06-15,Shortlisted
3070,3070,5,2026-07-07,Rejected
3071,3071,3,2026-04-10,Rejected
3072,3072,5,2026-03-28,Withdrawn
3073,3073,5,2026-08-03,Rejected
3074,3074,2,2026-09-03,Shortlisted
3075,3075,2,2026-08-09,Rejected
3076,3076,3,2025-10-25,Shortlisted
3077,3077,4,2026-08-12,Shortlisted
3078,3078,5,2025-12-19,Shortlisted
3079,3079,1,2026-02-17,Rejected
3080,3080,6,2026-01-03,Shortlisted
3081,3081,2,2026-05-21,Shortlisted
3082,3082,4,2025-09-11,Rejected
3083,3083,3,2026-02-20,Rejected
3084,3084,3,2025-09-15,Shortlisted
3085,3085,6,2026-01-07,Rejected
3086,3086,1,2026-04-17,Rejected
3087,3087,2,2025-11-01,Rejected
3088,3088,5,2026-01-27,Rejected
3089,3089,4,2026-06-13,Rejected
3090,3090,3,2025-10-29,Shortlisted
3091,3091,3,2025-10-02,Rejected
3092,3092,3,2026-01-23,Shortlisted
3093,3093,4,2026-03-22,Rejected
3094,3094,1,2026-05-09,Shortlisted
3095,3095,5,2026-06-20,Rejected
3096,3096,1,2026-05-01,Rejected
3097,3097,2,2026-08-28,Shortlisted
3098,3098,4,2025-12-11,Shortlisted
3099,3099,5,2025-12-30,Rejected
3100,3100,5,2025-10-10,Rejected
3101,3101,4,2026-01-28,Shortlisted
3102,3102,2,2026-04-23,Rejected
3103,3103,3,2026-06-10,Withdrawn
3104,3104,2,2026-05-06,Rejected
3105,3105,6,2026-05-31,Rejected
3106,3106,3,2026-06-15,Shortlisted
3107,3107,5,2026-01-12,Shortlisted
3108,3108,1,2026-05-25,Rejected
3109,3109,4,2026-07-27,Shortlisted
3110,3110,2,2026-02-06,Shortlisted
3111,3111,6,2026-03-27,Rejected
3112,3112,2,2026-03-22,Shortlisted
3113,3113,3,2026-01-14,Shortlisted
3114,3114,1,2026-07-10,Rejected
3115,3115,3,2026-07-10,Shortlisted
3116,3116,6,2025-11-28,Rejected
3117,3117,4,2026-03-31,Shortlisted
3118,3118,2,2025-12-14,Rejected
3119,3119,6,2025-12-19,Rejected
3120,3120,2,2026-06-25,Shortlisted
3121,3121,4,2026-04-21,Withdrawn
3122,3122,5,2026-08-09,Shortlisted
3123,3123,2,2026-03-29,Rejected
3124,3124,1,2026-03-05,Shortlisted
3125,3125,2,2026-01-15,Withdrawn
3126,3126,4,2025-09-19,Rejected
3127,3127,6,2026-03-18,Withdrawn
3128,3128,4,2026-08-31,Withdrawn
3129,3129,4,2026-06-05,Rejected
3130,3130,4,2026-01-17,Rejected
3131,3131,4,2026-01-13,Rejected
3132,3132,3,2026-07-13,Rejected
3133,3133,3,2026-04-28,Rejected
3134,3134,1,2026-02-04,Shortlisted
3135,3135,5,2025-12-30,Shortlisted
3136,3136,3,2026-06-12,Rejected
3137,3137,6,2025-09-21,Shortlisted
3138,3138,3,2025-12-03,Rejected
3139,3139,6,2025-12-06,Shortlisted
3140,3140,1,2026-05-07,Shortlisted
3141,3141,5,2026-07-23,Shortlisted
3142,3142,3,2026-08-11,Rejected
3143,3143,2,2026-08-09,Rejected
3144,3144,5,2025-10-16,Rejected
3145,3145,2,2026-07-23,Shortlisted
3146,3146,2,2026-02-12,Shortlisted
3147,3147,1,2025-09-16,Shortlisted
3148,3148,6,2026-05-18,Rejected
3149,3149,1,2026-01-11,Rejected
3150,3150,6,2026-07-03,Rejected
3151,3151,3,2025-10-11,Rejected
3152,3152,1,2026-07-22,Rejected
3153,3153,2,2026-05-30,Rejected
3154,3154,1,2025-10-10,Rejected
3155,3155,4,2026-08-06,Shortlisted
3156,3156,4,2025-09-22,Shortlisted
3157,3157,1,2026-08-30,Rejected
3158,3158,1,2026-06-09,Rejected
3159,3159,3,2026-01-31,Rejected
3160,3160,5,2025-11-08,Rejected
3161,3161,2,2025-10-22,Shortlisted
3162,3162,4,2026-01-01,Withdrawn
3163,3163,5,2026-09-11,Withdrawn
3164,3164,6,2025-11-29,Withdrawn
3165,3165,6,2026-06-26,Shortlisted
3166,3166,6,2026-05-16,Rejected
3167,3167,5,2026-02-20,Rejected
3168,3168,1,2026-07-08,Shortlisted
3169,3169,3,2025-10-27,Shortlisted
3170,3170,5,2026-08-15,Rejected
3171,3171,4,2025-10-14,Withdrawn
3172,3172,3,2026-05-17,Shortlisted
3173,3173,1,2025-10-31,Shortlisted
3174,3174,6,2026-01-20,Rejected
3175,3175,3,2025-12-04,Rejected
3176,3176,2,2026-02-27,Rejected
3177,3177,1,2026-08-22,Shortlisted
3178,3178,5,2025-10-26,Shortlisted
3179,3179,3,2025-11-27,Rejected
3180,3180,5,2026-04-15,Rejected
3181,3181,1,2026-01-07,Rejected
3182,3182,6,2026-05-18,Rejected
3183,3183,3,2026-05-18,Rejected
3184,3184,3,2026-02-10,Withdrawn
3185,3185,4,2026-08-04,Rejected
3186,3186,3,2026-06-29,Rejected
3187,3187,1,2025-10-01,Rejected
3188,3188,6,2026-02-06,Rejected
3189,3189,3,2026-02-19,Rejected
3190,3190,4,2026-08-01,Rejected
3191,3191,3,2025-12-28,Withdrawn
3192,3192,4,2025-11-15,Shortlisted
3193,3193,3,2025-11-01,Shortlisted
3194,3194,5,2026-01-26,Shortlisted
3195,3195,3,2025-11-04,Shortlisted
3196,3196,3,2026-04-25,Shortlisted
3197,3197,2,2026-03-25,Withdrawn
3198,3198,6,2025-12-24,Rejected
3199,3199,4,2025-11-14,Rejected
3200,3200,3,2026-01-01,Shortlisted
3201,3201,1,2025-09-27,Rejected
3202,3202,5,2026-02-09,Rejected
3203,3203,4,2026-06-08,Rejected
3204,3204,3,2026-05-09,Rejected
3205,3205,1,2026-05-20,Rejected
3206,3206,3,2026-08-16,Rejected
3207,3207,1,2026-02-20,Rejected
3208,3208,5,2025-11-22,Rejected
3209,3209,2,2026-07-31,Rejected
3210,3210,2,2026-06-26,Rejected
3211,3211,3,2026-07-01,Withdrawn
3212,3212,6,2026-08-03,Shortlisted
3213,3213,5,2026-07-21,Rejected
3214,3214,1,2026-08-20,Rejected
3215,3215,3,2026-03-21,Rejected
3216,3216,4,2026-08-16,Rejected
3217,3217,6,2026-02-24,Shortlisted
3218,3218,6,2026-02-19,Rejected
3219,3219,3,2026-05-03,Rejected
3220,3220,4,2026-06-29,Shortlisted
3221,3221,2,2026-06-10,Shortlisted
3222,3222,1,2026-04-11,Shortlisted
3223,3223,3,2025-11-28,Shortlisted
3224,3224,4,2026-02-11,Rejected
3225,3225,2,2025-09-13,Rejected
3226,3226,6,2026-04-01,Shortlisted
3227,3227,3,2025-12-21,Rejected
3228,3228,3,2026-07-08,Rejected
3229,3229,4,2026-08-10,Rejected
3230,3230,6,2026-08-09,Shortlisted
3231,3231,5,2026-08-05,Rejected
3232,3232,6,2026-06-27,Rejected
3233,3233,2,2026-07-26,Rejected
3234,3234,4,2026-03-09,Rejected
3235,3235,5,2026-05-13,Rejected
3236,3236,1,2025-09-19,Withdrawn
3237,3237,6,2025-10-02,Shortlisted
3238,3238,4,2025-10-01,Rejected
3239,3239,5,2026-07-16,Shortlisted
3240,3240,3,2026-09-07,Rejected
3241,3241,1,2026-06-23,Rejected
3242,3242,3,2025-10-30,Rejected
3243,3243,6,2025-10-11,Rejected
3244,3244,4,2025-11-26,Rejected
3245,3245,5,2026-01-10,Rejected
3246,3246,1,2026-06-17,Rejected
3247,3247,4,2025-10-28,Withdrawn
3248,3248,2,2025-11-10,Rejected
3249,3249,4,2026-01-10,Rejected
3250,3250,3,2025-12-01,Rejected
3251,3251,3,2025-10-14,Rejected
3252,3252,6,2026-07-15,Rejected
3253,3253,1,2026-04-15,Shortlisted
3254,3254,5,2026-01-10,Rejected
3255,3255,2,2026-03-10,Shortlisted
3256,3256,3,2025-09-30,Withdrawn
3257,3257,1,2025-12-03,Rejected
3258,3258,3,2025-10-28,Rejected
3259,3259,4,2026-04-23,Shortlisted
3260,3260,2,2026-06-11,Shortlisted
3261,3261,2,2026-07-31,Rejected
3262,3262,4,2026-03-29,Withdrawn
3263,3263,4,2026-05-19,Rejected
3264,3264,3,2026-09-07,Rejected
3265,3265,6,2026-01-21,Rejected
3266,3266,5,2026-03-03,Rejected
3267,3267,3,2026-06-04,Rejected
3268,3268,5,2026-08-26,Rejected
3269,3269,5,2026-05-23,Rejected
3270,3270,4,2026-08-08,Rejected
3271,3271,1,2025-12-27,Rejected
3272,3272,2,2026-04-22,Shortlisted
3273,3273,2,2025-09-16,Rejected
3274,3274,1,2025-10-11,Shortlisted
3275,3275,2,2026-06-05,Rejected
3276,3276,2,2025-11-03,Shortlisted
3277,3277,3,2026-07-05,Rejected
3278,3278,6,2026-05-16,Shortlisted
3279,3279,3,2026-07-28,Shortlisted
3280,3280,1,2025-12-03,Withdrawn
3281,3281,2,2025-11-30,Rejected
3282,3282,4,2025-12-22,Rejected
3283,3283,6,2026-05-14,Rejected
3284,3284,1,2026-06-05,Rejected
3285,3285,2,2026-06-18,Withdrawn
3286,3286,5,2025-11-03,Shortlisted
3287,3287,5,2026-08-21,Rejected
3288,3288,2,2026-08-05,Rejected
3289,3289,6,2025-10-19,Rejected
3290,3290,5,2025-11-17,Rejected
3291,3291,3,2025-11-06,Shortlisted
3292,3292,4,2025-12-14,Shortlisted
3293,3293,2,2025-12-17,Shortlisted
3294,3294,1,2026-08-06,Rejected
3295,3295,3,2026-03-29,Rejected
3296,3296,2,2026-08-14,Rejected
3297,3297,3,2026-08-31,Rejected
3298,3298,3,2026-02-07,Rejected
3299,3299,6,2026-05-10,Shortlisted
3300,3300,5,2025-12-05,Rejected
3301,3301,1,2025-10-05,Shortlisted
3302,3302,3,2025-10-03,Rejected
3303,3303,6,2025-10-27,Shortlisted
3304,3304,6,2025-12-18,Shortlisted
3305,3305,2,2025-10-13,Shortlisted
3306,3306,2,2025-12-10,Rejected
3307,3307,5,2025-10-21,Shortlisted
3308,3308,4,2025-10-06,Rejected
3309,3309,6,2025-10-20,Withdrawn
3310,3310,2,2025-10-20,Rejected
3311,3311,3,2026-04-07,Shortlisted
3312,3312,6,2026-06-26,Shortlisted
3313,3313,3,2026-06-09,Rejected
3314,3314,1,2026-02-04,Shortlisted
3315,3315,5,2026-08-19,Rejected
3316,3316,2,2026-02-16,Shortlisted
3317,3317,2,2025-10-19,Rejected
3318,3318,5,2025-12-04,Shortlisted
3319,3319,4,2025-09-25,Rejected
3320,3320,6,2026-08-27,Rejected
3321,3321,5,2026-05-19,Rejected
3322,3322,6,2025-12-15,Withdrawn
3323,3323,2,2026-03-04,Rejected
3324,3324,5,2026-02-11,Rejected
3325,3325,6,2026-09-10,Withdrawn
3326,3326,1,2025-12-07,Rejected
3327,3327,1,2026-05-13,Rejected
3328,3328,2,2025-10-04,Rejected
3329,3329,1,2026-08-09,Rejected
3330,3330,5,2026-02-09,Shortlisted
3331,3331,2,2026-06-05,Rejected
3332,3332,4,2025-12-21,Rejected
3333,3333,2,2026-02-15,Rejected
3334,3334,6,2026-06-08,Withdrawn
3335,3335,3,2025-11-24,Rejected
3336,3336,5,2025-09-12,Shortlisted
3337,3337,2,2025-11-16,Shortlisted
3338,3338,3,2025-11-03,Rejected
3339,3339,3,2026-02-14,Rejected
3340,3340,2,2026-08-23,Shortlisted
3341,3341,6,2025-10-19,Rejected
3342,3342,1,2026-06-16,Rejected
3343,3343,6,2026-02-15,Rejected
3344,3344,3,2025-11-14,Withdrawn
3345,3345,1,2026-02-25,Rejected
3346,3346,4,2026-04-23,Rejected
3347,3347,3,2026-06-07,Rejected
3348,3348,2,2026-08-18,Rejected
3349,3349,1,2026-03-03,Rejected
3350,3350,2,2026-01-06,Rejected
3351,3351,6,2026-03-07,Rejected
3352,3352,6,2025-11-24,Rejected
3353,3353,6,2025-12-25,Rejected
3354,3354,4,2026-03-30,Rejected
3355,3355,5,2026-04-22,Rejected
3356,3356,1,2025-12-17,Rejected
3357,3357,6,2026-06-06,Shortlisted
3358,3358,3,2025-11-24,Rejected
3359,3359,4,2026-05-25,Rejected
3360,3360,4,2025-10-03,Rejected
3361,3361,2,2025-10-14,Rejected
3362,3362,4,2025-11-02,Rejected
3363,3363,3,2026-06-21,Rejected
3364,3364,5,2025-12-01,Shortlisted
3365,3365,5,2026-04-19,Rejected
3366,3366,5,2026-07-05,Rejected
3367,3367,6,2025-11-14,Rejected
3368,3368,5,2026-05-12,Shortlisted
3369,3369,5,2026-08-11,Rejected
3370,3370,1,2026-08-05,Withdrawn
3371,3371,1,2026-03-08,Rejected
3372,3372,3,2026-03-22,Rejected
3373,3373,4,2026-04-03,Rejected
3374,3374,3,2026-03-15,Rejected
3375,3375,2,2026-06-16,Rejected
3376,3376,1,2026-04-11,Rejected
3377,3377,3,2026-04-25,Rejected
3378,3378,3,2026-07-23,Shortlisted
3379,3379,2,2025-09-28,Withdrawn
3380,3380,6,2025-11-22,Withdrawn
3381,3381,4,2026-06-14,Shortlisted
3382,3382,5,2026-05-14,Rejected
3383,3383,6,2026-05-25,Shortlisted
3384,3384,5,2026-03-21,Rejected
3385,3385,1,2026-03-06,Rejected
3386,3386,2,2026-01-08,Rejected
3387,3387,5,2025-09-30,Rejected
3388,3388,5,2026-06-27,Rejected
3389,3389,2,2026-04-18,Rejected
3390,3390,6,2026-08-03,Rejected
3391,3391,6,2026-07-30,Rejected
3392,3392,4,2026-03-06,Rejected
3393,3393,4,2026-07-31,Rejected
3394,3394,1,2026-05-03,Rejected
3395,3395,2,2026-08-26,Withdrawn
3396,3396,5,2026-07-15,Rejected
3397,3397,3,2025-09-26,Rejected
3398,3398,1,2026-01-11,Rejected
3399,3399,1,2026-03-17,Rejected
3400,3400,5,2026-07-27,Rejected
3401,3401,6,2025-10-07,Rejected
3402,3402,3,2026-07-19,Rejected
3403,3403,6,2025-10-12,Rejected
3404,3404,2,2026-04-27,Shortlisted
3405,3405,2,2025-11-26,Rejected
3406,3406,6,2026-06-22,Withdrawn
3407,3407,3,2025-10-14,Withdrawn
3408,3408,5,2025-12-29,Rejected
3409,3409,4,2025-12-20,Rejected
3410,3410,1,2026-09-08,Rejected
3411,3411,3,2026-07-06,Shortlisted
3412,3412,6,2026-06-03,Rejected
3413,3413,4,2025-10-29,Rejected
3414,3414,5,2025-09-22,Rejected
3415,3415,6,2025-11-25,Shortlisted
3416,3416,1,2026-05-05,Rejected
3417,3417,4,2026-03-21,Rejected
3418,3418,4,2025-11-14,Shortlisted
3419,3419,6,2026-06-21,Shortlisted
3420,3420,2,2026-05-16,Withdrawn
3421,3421,6,2026-03-01,Shortlisted
3422,3422,5,2025-12-19,Shortlisted
3423,3423,1,2026-06-09,Shortlisted
3424,3424,5,2026-04-27,Rejected
3425,3425,4,2025-09-15,Rejected
3426,3426,4,2026-04-26,Withdrawn
3427,3427,4,2025-09-21,Shortlisted
3428,3428,1,2026-07-15,Shortlisted
3429,3429,4,2026-01-12,Shortlisted
3430,3430,3,2025-11-23,Rejected
3431,3431,4,2026-09-10,Rejected
3432,3432,4,2026-04-23,Shortlisted
3433,3433,6,2026-05-24,Shortlisted
3434,3434,6,2026-04-26,Rejected
3435,3435,3,2026-06-05,Rejected
3436,3436,3,2026-02-06,Rejected
3437,3437,3,2026-08-28,Rejected
3438,3438,2,2026-05-16,Rejected
3439,3439,4,2026-08-02,Rejected
3440,3440,3,2026-09-03,Shortlisted
3441,3441,4,2025-11-21,Shortlisted
3442,3442,2,2025-10-28,Shortlisted
3443,3443,3,2026-04-03,Rejected
3444,3444,1,2025-12-10,Rejected
3445,3445,6,2025-10-15,Withdrawn
3446,3446,3,2026-03-27,Withdrawn
3447,3447,5,2025-09-17,Rejected
3448,3448,4,2026-01-01,Rejected
3449,3449,2,2025-09-30,Rejected
3450,3450,1,2025-11-22,Rejected
3451,3451,5,2025-11-14,Withdrawn
3452,3452,4,2026-05-15,Rejected
3453,3453,1,2026-06-09,Rejected
3454,3454,3,2026-01-22,Shortlisted
3455,3455,1,2026-06-07,Shortlisted
3456,3456,5,2025-12-14,Rejected
3457,3457,4,2026-01-19,Rejected
3458,3458,4,2026-07-23,Shortlisted
3459,3459,3,2026-05-19,Withdrawn
3460,3460,5,2025-12-21,Rejected
3461,3461,6,2026-05-12,Shortlisted
3462,3462,3,2026-08-30,Rejected
3463,3463,3,2026-06-26,Shortlisted
3464,3464,1,2026-02-06,Rejected
3465,3465,4,2025-11-03,Shortlisted
3466,3466,3,2025-12-26,Rejected
3467,3467,4,2026-04-30,Rejected
3468,3468,1,2026-09-01,Shortlisted
3469,3469,1,2026-08-31,Withdrawn
3470,3470,6,2026-06-16,Shortlisted
3471,3471,1,2025-09-20,Rejected
3472,3472,5,2025-11-04,Rejected
3473,3473,3,2026-05-22,Shortlisted
3474,3474,4,2026-05-22,Withdrawn
3475,3475,6,2025-09-11,Shortlisted
3476,3476,3,2026-03-30,Rejected
3477,3477,3,2025-09-19,Shortlisted
3478,3478,4,2025-09-11,Rejected
3479,3479,2,2026-01-26,Rejected
3480,3480,6,2026-03-21,Withdrawn
3481,3481,5,2025-10-03,Rejected
3482,3482,1,2025-10-19,Shortlisted
3483,3483,5,2026-08-19,Rejected
3484,3484,5,2025-10-13,Rejected
3485,3485,1,2026-02-02,Rejected
3486,3486,2,2025-10-12,Shortlisted
3487,3487,1,2025-11-09,Rejected
3488,3488,2,2026-09-05,Withdrawn
3489,3489,5,2026-01-22,Rejected
3490,3490,6,2026-01-14,Rejected
3491,3491,2,2026-01-27,Rejected
3492,3492,1,2026-03-11,Shortlisted
3493,3493,5,2025-10-28,Rejected
3494,3494,2,2025-10-22,Rejected
3495,3495,5,2026-08-22,Rejected
3496,3496,6,2026-03-15,Shortlisted
3497,3497,3,2025-11-28,Shortlisted
3498,3498,5,2026-02-23,Shortlisted
3499,3499,2,2026-03-11,Rejected
3500,3500,4,2026-02-04,Rejected
3501,3501,6,2026-02-06,Rejected
3502,3502,1,2025-10-06,Rejected
3503,3503,2,2026-06-14,Rejected
3504,3504,2,2026-02-23,Shortlisted
3505,3505,5,2026-03-18,Rejected
3506,3506,6,2026-05-17,Rejected
3507,3507,4,2025-10-02,Rejected
3508,3508,4,2026-03-06,Shortlisted
3509,3509,6,2026-01-02,Rejected
3510,3510,2,2025-12-06,Rejected
3511,3511,5,2026-04-26,Rejected
3512,3512,3,2025-09-22,Rejected
3513,3513,1,2026-08-09,Rejected
3514,3514,3,2025-11-04,Shortlisted
3515,3515,2,2025-12-08,Rejected
3516,3516,4,2025-10-23,Rejected
3517,3517,5,2026-06-22,Rejected
3518,3518,3,2025-12-12,Rejected
3519,3519,6,2026-04-29,Shortlisted
3520,3520,5,2025-09-15,Shortlisted
3521,3521,2,2026-06-22,Rejected
3522,3522,2,2026-05-10,Rejected
3523,3523,5,2026-05-21,Rejected
3524,3524,6,2026-06-09,Rejected
3525,3525,6,2025-12-15,Rejected
3526,3526,6,2026-08-01,Shortlisted
3527,3527,4,2026-01-14,Rejected
3528,3528,2,2026-06-26,Rejected
3529,3529,1,2026-01-09,Rejected
3530,3530,3,2025-09-17,Withdrawn
3531,3531,5,2026-03-01,Shortlisted
3532,3532,3,2026-03-27,Shortlisted
3533,3533,2,2025-12-11,Rejected
3534,3534,1,2026-02-07,Shortlisted
3535,3535,4,2026-08-02,Rejected
3536,3536,1,2026-06-18,Rejected
3537,3537,4,2026-04-24,Rejected
3538,3538,4,2026-09-09,Rejected
3539,3539,5,2026-04-24,Shortlisted
3540,3540,6,2025-09-26,Rejected
3541,3541,6,2026-05-21,Rejected
3542,3542,5,2025-11-23,Shortlisted
3543,3543,1,2026-05-27,Rejected
3544,3544,1,2026-03-23,Withdrawn
3545,3545,5,2026-01-29,Withdrawn
3546,3546,4,2026-03-05,Rejected
3547,3547,4,2025-11-12,Shortlisted
3548,3548,3,2026-02-13,Rejected
3549,3549,2,2026-02-03,Shortlisted
3550,3550,1,2025-12-18,Shortlisted
3551,3551,1,2025-12-22,Rejected
3552,3552,4,2025-09-26,Rejected
3553,3553,1,2026-04-16,Rejected
3554,3554,6,2025-11-04,Shortlisted
3555,3555,5,2026-03-18,Rejected
3556,3556,2,2026-05-26,Rejected
3557,3557,3,2025-11-24,Rejected
3558,3558,4,2025-09-21,Shortlisted
3559,3559,4,2026-07-25,Shortlisted
3560,3560,4,2025-10-05,Rejected
3561,3561,3,2026-01-01,Rejected
3562,3562,1,2025-11-11,Rejected
3563,3563,3,2026-03-18,Rejected
3564,3564,4,2026-06-12,Rejected
3565,3565,2,2025-09-27,Rejected
3566,3566,6,2025-09-11,Rejected
3567,3567,3,2026-07-12,Rejected
3568,3568,5,2026-07-13,Rejected
3569,3569,3,2025-10-11,Shortlisted
3570,3570,4,2025-10-15,Rejected
3571,3571,5,2026-07-28,Rejected
3572,3572,1,2026-07-10,Rejected
3573,3573,5,2026-08-15,Rejected
3574,3574,1,2026-05-10,Rejected
3575,3575,1,2025-10-18,Rejected
3576,3576,3,2026-07-31,Rejected
3577,3577,4,2026-07-19,Rejected
3578,3578,2,2026-06-28,Rejected
3579,3579,3,2026-03-16,Shortlisted
3580,3580,4,2026-01-04,Rejected
3581,3581,6,2026-06-14,Rejected
3582,3582,1,2025-09-24,Rejected
3583,3583,1,2026-07-12,Rejected
3584,3584,5,2026-05-25,Shortlisted
3585,3585,5,2026-05-22,Rejected
3586,3586,5,2025-10-07,Rejected
3587,3587,1,2026-05-06,Rejected
3588,3588,2,2026-04-13,Shortlisted
3589,3589,3,2026-01-19,Rejected
3590,3590,2,2026-04-30,Rejected
3591,3591,3,2025-11-13,Rejected
3592,3592,4,2025-10-21,Shortlisted
3593,3593,6,2025-12-23,Shortlisted
3594,3594,6,2026-05-17,Rejected
3595,3595,4,2026-05-01,Shortlisted
3596,3596,2,2026-08-02,Rejected
3597,3597,5,2025-10-18,Rejected
3598,3598,2,2026-03-01,Rejected
3599,3599,3,2025-11-23,Shortlisted
3600,3600,3,2026-02-14,Rejected
3601,3601,3,2025-10-11,Shortlisted
3602,3602,3,2026-05-31,Rejected
3603,3603,5,2026-09-06,Withdrawn
3604,3604,6,2026-04-14,Shortlisted
3605,3605,2,2025-12-28,Rejected
3606,3606,1,2026-02-24,Rejected
3607,3607,2,2025-10-03,Rejected
3608,3608,3,2026-06-15,Withdrawn
3609,3609,6,2026-07-20,Rejected
3610,3610,2,2025-10-16,Rejected
3611,3611,4,2026-06-15,Shortlisted
3612,3612,5,2026-06-19,Rejected
3613,3613,4,2026-07-02,Rejected
3614,3614,6,2025-12-15,Withdrawn
3615,3615,5,2026-03-24,Withdrawn
3616,3616,4,2026-07-01,Rejected
3617,3617,4,2025-11-04,Withdrawn
3618,3618,3,2025-10-18,Rejected
3619,3619,6,2026-04-08,Rejected
3620,3620,2,2026-01-21,Rejected
3621,3621,1,2026-08-22,Shortlisted
3622,3622,5,2026-01-20,Rejected
3623,3623,3,2025-12-16,Rejected
3624,3624,4,2026-04-18,Rejected
3625,3625,6,2026-08-05,Shortlisted
3626,3626,5,2026-05-29,Shortlisted
3627,3627,2,2026-08-21,Withdrawn
3628,3628,5,2026-04-23,Shortlisted
3629,3629,6,2026-08-23,Rejected
3630,3630,3,2026-08-30,Shortlisted
3631,3631,6,2026-06-17,Withdrawn
3632,3632,6,2026-08-11,Shortlisted
3633,3633,5,2026-06-15,Rejected
3634,3634,1,2025-12-07,Rejected
3635,3635,4,2026-06-06,Shortlisted
3636,3636,2,2025-11-03,Rejected
3637,3637,3,2026-06-02,Rejected
3638,3638,1,2026-05-23,Withdrawn
3639,3639,3,2026-06-25,Shortlisted
3640,3640,3,2026-05-08,Shortlisted
3641,3641,5,2025-11-15,Rejected
3642,3642,3,2025-11-17,Rejected
3643,3643,5,2026-02-10,Rejected
3644,3644,2,2026-09-09,Shortlisted
3645,3645,1,2026-08-23,Shortlisted
3646,3646,2,2025-09-27,Rejected
3647,3647,2,2026-01-05,Shortlisted
3648,3648,2,2025-12-31,Rejected
3649,3649,4,2026-06-02,Rejected
3650,3650,3,2026-06-17,Rejected
3651,3651,5,2026-05-14,Shortlisted
3652,3652,4,2026-08-06,Rejected
3653,3653,5,2025-11-29,Withdrawn
3654,3654,3,2026-07-22,Rejected
3655,3655,4,2026-01-08,Rejected
3656,3656,5,2026-04-04,Rejected
3657,3657,4,2026-05-06,Rejected
3658,3658,1,2026-03-29,Shortlisted
3659,3659,6,2026-01-23,Rejected
3660,3660,1,2026-02-22,Rejected
3661,3661,2,2026-08-08,Rejected
3662,3662,4,2026-04-12,Withdrawn
3663,3663,3,2026-06-20,Rejected
3664,3664,6,2026-08-01,Shortlisted
3665,3665,4,2026-08-23,Rejected
3666,3666,6,2026-06-21,Rejected
3667,3667,5,2026-06-06,Shortlisted
3668,3668,1,2025-11-27,Rejected
3669,3669,3,2026-02-25,Rejected
3670,3670,2,2026-01-03,Rejected
3671,3671,6,2026-07-18,Rejected
3672,3672,4,2026-02-25,Rejected
3673,3673,6,2025-11-10,Shortlisted
3674,3674,2,2026-03-31,Shortlisted
3675,3675,2,2026-03-30,Shortlisted
3676,3676,5,2025-11-27,Shortlisted
3677,3677,1,2026-01-04,Shortlisted
3678,3678,2,2026-08-22,Rejected
3679,3679,2,2026-02-12,Rejected
3680,3680,1,2026-07-01,Shortlisted
3681,3681,2,2026-02-28,Rejected
3682,3682,4,2025-10-14,Rejected
3683,3683,1,2026-07-30,Rejected
3684,3684,3,2026-08-17,Rejected
3685,3685,6,2026-08-20,Rejected
3686,3686,5,2025-11-14,Shortlisted
3687,3687,1,2025-10-08,Rejected
3688,3688,2,2025-11-30,Shortlisted
3689,3689,6,2025-11-20,Rejected
3690,3690,6,2026-07-04,Shortlisted
3691,3691,1,2026-01-03,Shortlisted
3692,3692,6,2025-11-09,Shortlisted
3693,3693,4,2025-11-26,Shortlisted
3694,3694,4,2025-12-11,Rejected
3695,3695,2,2026-09-02,Rejected
3696,3696,3,2026-06-02,Rejected
3697,3697,3,2026-02-24,Shortlisted
3698,3698,1,2025-11-18,Rejected
3699,3699,3,2025-11-11,Rejected
3700,3700,4,2026-08-09,Shortlisted
3701,3701,5,2026-05-06,Rejected
3702,3702,1,2026-04-11,Rejected
3703,3703,5,2026-08-07,Rejected
3704,3704,4,2026-01-18,Shortlisted
3705,3705,4,2026-03-05,Rejected
3706,3706,4,2026-03-11,Rejected
3707,3707,6,2025-10-19,Rejected
3708,3708,1,2026-05-20,Shortlisted
3709,3709,4,2026-03-09,Rejected
3710,3710,3,2025-10-04,Rejected
3711,3711,1,2026-03-19,Rejected
3712,3712,4,2026-06-06,Shortlisted
3713,3713,6,2026-04-08,Rejected
3714,3714,5,2025-10-15,Rejected
3715,3715,5,2026-05-10,Shortlisted
3716,3716,6,2026-08-05,Rejected
3717,3717,2,2025-11-16,Withdrawn
3718,3718,3,2025-12-31,Shortlisted
3719,3719,1,2026-02-21,Rejected
3720,3720,6,2026-05-25,Rejected
3721,3721,5,2026-04-19,Shortlisted
3722,3722,4,2025-11-07,Rejected
3723,3723,2,2026-03-14,Rejected
3724,3724,2,2026-06-06,Withdrawn
3725,3725,4,2026-02-02,Rejected
3726,3726,2,2025-12-08,Withdrawn
3727,3727,3,2025-10-19,Shortlisted
3728,3728,2,2025-11-16,Rejected
3729,3729,5,2026-06-17,Shortlisted
3730,3730,3,2026-03-31,Rejected
3731,3731,1,2026-03-30,Rejected
3732,3732,1,2026-02-08,Rejected
3733,3733,1,2026-03-16,Rejected
3734,3734,2,2026-07-26,Rejected
3735,3735,3,2026-07-27,Shortlisted
3736,3736,2,2026-03-21,Rejected
3737,3737,1,2026-02-19,Withdrawn
3738,3738,6,2025-12-16,Withdrawn
3739,3739,1,2025-10-22,Rejected
3740,3740,4,2026-04-10,Rejected
3741,3741,3,2026-06-06,Rejected
3742,3742,2,2025-11-21,Withdrawn
3743,3743,6,2026-09-04,Shortlisted
3744,3744,1,2026-06-04,Rejected
3745,3745,1,2025-11-11,Shortlisted
3746,3746,5,2026-03-30,Rejected
3747,3747,3,2026-03-21,Shortlisted
3748,3748,1,2025-12-29,Shortlisted
3749,3749,5,2026-08-28,Rejected
3750,3750,3,2026-06-14,Rejected
3751,3751,5,2026-06-09,Shortlisted
3752,3752,1,2026-05-23,Rejected
3753,3753,2,2026-03-16,Rejected
3754,3754,6,2026-07-11,Withdrawn
3755,3755,1,2026-06-01,Rejected
3756,3756,6,2026-01-08,Shortlisted
3757,3757,5,2026-07-02,Rejected
3758,3758,6,2026-05-09,Rejected
3759,3759,1,2026-04-06,Rejected
3760,3760,4,2026-07-03,Rejected
3761,3761,1,2025-12-21,Withdrawn
3762,3762,2,2025-10-22,Rejected
3763,3763,4,2026-04-20,Shortlisted
3764,3764,1,2026-01-12,Rejected
3765,3765,1,2025-12-23,Rejected
3766,3766,2,2026-02-18,Withdrawn
3767,3767,2,2025-10-29,Shortlisted
3768,3768,5,2026-03-16,Shortlisted
3769,3769,5,2026-01-13,Shortlisted
3770,3770,1,2026-05-02,Shortlisted
3771,3771,6,2026-07-03,Rejected
3772,3772,3,2026-08-20,Shortlisted
3773,3773,2,2026-08-13,Rejected
3774,3774,5,2025-10-30,Rejected
3775,3775,2,2026-03-26,Rejected
3776,3776,2,2025-12-15,Rejected
3777,3777,5,2025-11-07,Withdrawn
3778,3778,3,2026-05-04,Shortlisted
3779,3779,6,2026-05-13,Rejected
3780,3780,4,2026-04-22,Rejected
3781,3781,3,2026-09-06,Shortlisted
3782,3782,5,2026-07-06,Rejected
3783,3783,3,2025-10-10,Shortlisted
3784,3784,6,2026-07-07,Rejected
3785,3785,3,2026-06-06,Rejected
3786,3786,1,2026-05-04,Shortlisted
3787,3787,1,2026-07-24,Rejected
3788,3788,6,2025-10-21,Shortlisted
3789,3789,1,2025-12-12,Shortlisted
3790,3790,4,2026-03-07,Rejected
3791,3791,2,2026-02-14,Rejected
3792,3792,1,2025-12-04,Rejected
3793,3793,1,2025-11-25,Rejected
3794,3794,1,2026-01-10,Rejected
3795,3795,3,2026-06-09,Withdrawn
3796,3796,5,2026-02-03,Rejected
3797,3797,6,2025-10-24,Shortlisted
3798,3798,5,2025-11-12,Shortlisted
3799,3799,3,2026-01-26,Shortlisted
3800,3800,2,2026-08-04,Withdrawn
3801,3801,4,2026-03-21,Rejected
3802,3802,1,2026-01-07,Shortlisted
3803,3803,1,2025-10-30,Rejected
3804,3804,3,2026-01-26,Shortlisted
3805,3805,5,2026-03-20,Rejected
3806,3806,5,2026-08-09,Shortlisted
3807,3807,1,2025-11-15,Rejected
3808,3808,4,2026-03-11,Withdrawn
3809,3809,6,2026-04-22,Shortlisted
3810,3810,2,2025-12-21,Rejected
3811,3811,3,2026-07-28,Rejected
3812,3812,6,2026-01-04,Rejected
3813,3813,6,2025-12-18,Shortlisted
3814,3814,5,2025-12-21,Rejected
3815,3815,6,2026-03-19,Withdrawn
3816,3816,2,2026-09-05,Rejected
3817,3817,3,2026-07-15,Rejected
3818,3818,4,2026-04-05,Rejected
3819,3819,1,2025-12-15,Rejected
3820,3820,2,2026-03-06,Rejected
3821,3821,6,2026-09-10,Shortlisted
3822,3822,3,2026-05-21,Rejected
3823,3823,4,2026-01-17,Shortlisted
3824,3824,2,2026-03-22,Shortlisted
3825,3825,1,2026-05-03,Rejected
3826,3826,2,2026-05-20,Rejected
3827,3827,5,2026-02-06,Shortlisted
3828,3828,6,2025-12-03,Shortlisted
3829,3829,2,2026-01-09,Rejected
3830,3830,6,2026-04-26,Withdrawn
3831,3831,6,2026-04-25,Shortlisted
3832,3832,3,2025-12-21,Shortlisted
3833,3833,2,2026-01-17,Rejected
3834,3834,1,2026-06-14,Rejected
3835,3835,2,2025-10-27,Rejected
3836,3836,6,2025-10-14,Rejected
3837,3837,4,2026-03-12,Rejected
3838,3838,6,2025-10-08,Withdrawn
3839,3839,4,2026-06-04,Rejected
3840,3840,5,2026-03-02,Withdrawn
3841,3841,2,2026-02-13,Rejected
3842,3842,1,2026-03-17,Rejected
3843,3843,4,2026-06-06,Rejected
3844,3844,1,2026-05-03,Rejected
3845,3845,2,2026-03-23,Shortlisted
3846,3846,6,2026-04-03,Rejected
3847,3847,2,2025-12-31,Rejected
3848,3848,4,2026-04-01,Rejected
3849,3849,3,2026-03-12,Shortlisted
3850,3850,5,2025-09-21,Shortlisted
3851,3851,5,2026-06-28,Shortlisted
3852,3852,2,2026-06-11,Withdrawn
3853,3853,3,2026-03-28,Shortlisted
3854,3854,3,2026-02-17,Shortlisted
3855,3855,6,2026-06-18,Rejected
3856,3856,4,2025-12-10,Shortlisted
3857,3857,6,2026-06-04,Rejected
3858,3858,3,2026-03-13,Shortlisted
3859,3859,5,2026-04-21,Rejected
3860,3860,4,2026-04-19,Rejected
3861,3861,3,2026-08-19,Rejected
3862,3862,1,2026-04-21,Shortlisted
3863,3863,3,2025-10-17,Rejected
3864,3864,5,2026-08-25,Rejected
3865,3865,6,2025-12-05,Rejected
3866,3866,3,2026-08-20,Shortlisted
3867,3867,4,2026-05-17,Shortlisted
3868,3868,6,2026-07-09,Rejected
3869,3869,4,2026-05-31,Shortlisted
3870,3870,5,2026-08-21,Withdrawn
3871,3871,1,2026-02-12,Rejected
3872,3872,4,2025-10-19,Rejected
3873,3873,1,2026-02-25,Rejected
3874,3874,3,2026-01-18,Rejected
3875,3875,4,2026-06-27,Withdrawn
3876,3876,3,2026-07-26,Rejected
3877,3877,4,2025-10-14,Shortlisted
3878,3878,4,2026-01-21,Shortlisted
3879,3879,1,2026-08-12,Rejected
3880,3880,6,2025-09-27,Shortlisted
3881,3881,3,2026-06-19,Rejected
3882,3882,4,2026-08-13,Rejected
3883,3883,6,2026-07-17,Rejected
3884,3884,1,2026-08-22,Rejected
3885,3885,6,2026-05-13,Shortlisted
3886,3886,1,2026-03-30,Rejected
3887,3887,4,2026-05-14,Withdrawn
3888,3888,3,2026-05-27,Rejected
3889,3889,6,2026-04-12,Shortlisted
3890,3890,2,2026-08-07,Shortlisted
3891,3891,6,2025-10-25,Withdrawn
3892,3892,1,2026-03-20,Rejected
3893,3893,5,2026-02-16,Rejected
3894,3894,5,2026-06-24,Rejected
3895,3895,4,2026-08-10,Rejected
3896,3896,6,2026-03-18,Rejected
3897,3897,5,2026-02-01,Rejected
3898,3898,4,2026-04-14,Rejected
3899,3899,4,2026-05-10,Shortlisted
3900,3900,4,2025-12-04,Shortlisted
3901,3901,1,2026-07-19,Shortlisted
3902,3902,3,2026-09-05,Rejected
3903,3903,3,2026-01-31,Rejected
3904,3904,5,2026-07-02,Withdrawn
3905,3905,4,2026-03-15,Rejected
3906,3906,1,2026-04-08,Withdrawn
3907,3907,4,2026-04-09,Rejected
3908,3908,4,2025-12-29,Rejected
3909,3909,5,2026-08-07,Rejected
3910,3910,5,2026-01-20,Withdrawn
3911,3911,5,2025-11-05,Rejected
3912,3912,2,2026-01-11,Rejected
3913,3913,5,2026-07-19,Rejected
3914,3914,5,2025-12-17,Rejected
3915,3915,6,2026-07-18,Shortlisted
3916,3916,5,2025-12-27,Withdrawn
3917,3917,5,2026-08-10,Shortlisted
3918,3918,4,2026-08-13,Shortlisted
3919,3919,5,2025-10-16,Shortlisted
3920,3920,6,2026-06-04,Rejected
3921,3921,6,2026-06-25,Withdrawn
3922,3922,3,2025-10-30,Rejected
3923,3923,2,2025-11-06,Rejected
3924,3924,2,2026-03-21,Shortlisted
3925,3925,3,2025-10-01,Shortlisted
3926,3926,4,2026-03-26,Shortlisted
3927,3927,5,2026-05-04,Rejected
3928,3928,5,2026-05-27,Rejected
3929,3929,4,2026-07-28,Shortlisted
3930,3930,1,2026-06-23,Rejected
3931,3931,5,2025-10-31,Rejected
3932,3932,3,2026-02-15,Rejected
3933,3933,1,2026-02-20,Shortlisted
3934,3934,3,2026-08-27,Shortlisted
3935,3935,1,2026-05-27,Rejected
3936,3936,3,2026-06-23,Shortlisted
3937,3937,4,2026-01-17,Rejected
3938,3938,1,2025-09-20,Shortlisted
3939,3939,1,2026-02-28,Shortlisted
3940,3940,4,2026-06-12,Rejected
3941,3941,1,2026-06-02,Rejected
3942,3942,5,2025-09-18,Rejected
3943,3943,5,2026-05-30,Rejected
3944,3944,6,2026-02-27,Shortlisted
3945,3945,6,2026-03-14,Rejected
3946,3946,6,2026-08-10,Rejected
3947,3947,6,2025-11-30,Rejected
3948,3948,2,2026-09-06,Rejected
3949,3949,2,2026-02-25,Rejected
3950,3950,3,2025-11-27,Withdrawn
3951,3951,6,2026-02-01,Rejected
3952,3952,6,2026-08-19,Rejected
3953,3953,3,2025-11-10,Shortlisted
3954,3954,6,2026-01-21,Withdrawn
3955,3955,4,2025-10-02,Rejected
3956,3956,4,2026-07-10,Rejected
3957,3957,3,2026-08-10,Withdrawn
3958,3958,4,2026-02-19,Rejected
3959,3959,3,2026-02-21,Rejected
3960,3960,4,2026-02-20,Rejected
3961,3961,6,2026-02-11,Withdrawn
3962,3962,6,2025-12-23,Withdrawn
3963,3963,2,2025-12-29,Withdrawn
3964,3964,4,2025-10-29,Withdrawn
3965,3965,1,2026-02-04,Rejected
3966,3966,3,2026-06-20,Shortlisted
3967,3967,5,2026-05-28,Rejected
3968,3968,2,2026-02-10,Rejected
3969,3969,6,2025-11-07,Rejected
3970,3970,4,2026-08-31,Rejected
3971,3971,4,2026-08-12,Rejected
3972,3972,5,2026-05-19,Rejected
3973,3973,6,2026-04-12,Rejected
3974,3974,6,2025-10-05,Shortlisted
3975,3975,3,2026-07-16,Withdrawn
3976,3976,6,2026-03-29,Shortlisted
3977,3977,1,2025-10-29,Withdrawn
3978,3978,2,2026-01-03,Rejected
3979,3979,1,2026-02-16,Shortlisted
3980,3980,1,2026-07-07,Shortlisted
3981,3981,1,2025-10-18,Rejected
3982,3982,4,2026-09-09,Rejected
3983,3983,4,2025-11-03,Rejected
3984,3984,4,2026-01-29,Rejected
3985,3985,1,2026-03-23,Rejected
3986,3986,2,2025-10-13,Rejected
3987,3987,5,2026-04-09,Withdrawn
3988,3988,6,2026-09-09,Rejected
3989,3989,1,2025-12-20,Rejected
3990,3990,2,2025-09-18,Rejected
3991,3991,3,2025-09-26,Shortlisted
3992,3992,3,2026-07-10,Shortlisted
3993,3993,6,2026-08-26,Rejected
3994,3994,5,2026-04-21,Rejected
3995,3995,1,2025-12-10,Rejected
3996,3996,2,2025-12-18,Rejected
3997,3997,6,2026-03-29,Shortlisted
3998,3998,6,2026-08-22,Rejected
3999,3999,4,2026-08-18,Shortlisted
4000,4000,2,2026-08-21,Rejected
4001,4001,4,2026-07-05,Shortlisted
4002,4002,6,2026-03-13,Rejected
4003,4003,2,2026-04-14,Withdrawn
4004,4004,4,2026-02-02,Rejected
4005,4005,2,2025-11-08,Rejected
4006,4006,3,2026-01-17,Rejected
4007,4007,4,2025-11-27,Shortlisted
4008,4008,4,2026-06-24,Shortlisted
4009,4009,4,2026-03-24,Shortlisted
4010,4010,3,2025-11-13,Rejected
4011,4011,4,2025-12-25,Withdrawn
4012,4012,5,2025-10-18,Shortlisted
4013,4013,6,2026-04-27,Shortlisted
4014,4014,2,2026-05-24,Rejected
4015,4015,1,2026-08-20,Rejected
4016,4016,1,2026-05-27,Rejected
4017,4017,6,2026-05-08,Rejected
4018,4018,6,2026-05-14,Rejected
4019,4019,4,2026-04-15,Withdrawn
4020,4020,2,2025-11-16,Shortlisted
4021,4021,6,2026-01-05,Rejected
4022,4022,4,2025-10-08,Shortlisted
4023,4023,2,2026-01-27,Shortlisted
4024,4024,6,2026-03-18,Shortlisted
4025,4025,6,2026-07-12,Rejected
4026,4026,4,2025-11-13,Rejected
4027,4027,3,2026-02-13,Shortlisted
4028,4028,1,2025-12-01,Rejected
4029,4029,6,2026-02-16,Rejected
4030,4030,3,2025-12-15,Shortlisted
4031,4031,6,2026-06-13,Shortlisted
4032,4032,4,2025-11-30,Withdrawn
4033,4033,3,2026-03-30,Shortlisted
4034,4034,2,2026-06-03,Rejected
4035,4035,5,2026-08-13,Rejected
4036,4036,1,2025-12-04,Rejected
4037,4037,6,2025-11-22,Shortlisted
4038,4038,5,2026-01-07,Rejected
4039,4039,2,2025-11-20,Withdrawn
4040,4040,5,2026-06-28,Shortlisted
4041,4041,3,2025-09-14,Rejected
4042,4042,2,2025-11-23,Shortlisted
4043,4043,4,2026-01-04,Rejected
4044,4044,4,2026-08-28,Rejected
4045,4045,6,2026-05-28,Rejected
4046,4046,3,2026-02-06,Rejected
4047,4047,3,2026-06-02,Shortlisted
4048,4048,1,2026-04-11,Rejected
4049,4049,1,2026-09-09,Rejected
4050,4050,6,2026-01-25,Rejected
4051,4051,3,2026-05-12,Withdrawn
4052,4052,1,2026-02-15,Rejected
4053,4053,2,2026-01-08,Rejected
4054,4054,3,2026-02-25,Shortlisted
4055,4055,4,2026-03-14,Rejected
4056,4056,3,2026-01-08,Shortlisted
4057,4057,2,2026-01-12,Rejected
4058,4058,3,2026-05-10,Withdrawn
4059,4059,5,2026-01-02,Rejected
4060,4060,6,2026-04-04,Rejected
4061,4061,4,2026-04-20,Rejected
4062,4062,3,2026-03-23,Rejected
4063,4063,5,2026-01-15,Shortlisted
4064,4064,4,2026-01-27,Shortlisted
4065,4065,4,2025-12-18,Shortlisted
4066,4066,4,2026-02-16,Rejected
4067,4067,3,2026-06-07,Rejected
4068,4068,1,2025-09-20,Rejected
4069,4069,4,2025-09-20,Rejected
4070,4070,5,2025-10-13,Rejected
4071,4071,4,2025-10-02,Rejected
4072,4072,3,2025-11-23,Shortlisted
4073,4073,5,2026-05-19,Shortlisted
4074,4074,5,2025-11-13,Shortlisted
4075,4075,3,2026-02-15,Shortlisted
4076,4076,2,2025-12-12,Rejected
4077,4077,2,2026-06-22,Shortlisted
4078,4078,3,2026-01-14,Rejected
4079,4079,3,2025-09-15,Rejected
4080,4080,1,2026-01-02,Rejected
4081,4081,5,2026-03-24,Withdrawn
4082,4082,4,2026-07-31,Rejected
4083,4083,1,2025-12-25,Shortlisted
4084,4084,3,2026-05-27,Rejected
4085,4085,1,2025-11-24,Rejected
4086,4086,6,2026-08-28,Rejected
4087,4087,3,2026-05-03,Shortlisted
4088,4088,6,2026-06-20,Rejected
4089,4089,4,2026-03-30,Rejected
4090,4090,2,2025-11-03,Shortlisted
4091,4091,2,2026-07-11,Shortlisted
4092,4092,6,2026-01-21,Rejected
4093,4093,4,2026-05-09,Shortlisted
4094,4094,6,2026-05-21,Rejected
4095,4095,1,2025-12-01,Shortlisted
4096,4096,5,2025-11-21,Rejected
4097,4097,2,2026-08-01,Rejected
4098,4098,4,2026-06-18,Shortlisted
4099,4099,5,2026-02-16,Rejected
4100,4100,1,2026-02-17,Rejected
4101,4101,5,2026-05-15,Rejected
4102,4102,6,2026-05-19,Shortlisted
4103,4103,4,2026-01-12,Rejected
4104,4104,3,2026-03-29,Rejected
4105,4105,6,2026-05-17,Rejected
4106,4106,6,2026-02-05,Rejected
4107,4107,2,2026-01-27,Rejected
4108,4108,5,2026-07-19,Shortlisted
4109,4109,5,2026-05-16,Shortlisted
4110,4110,6,2026-07-17,Shortlisted
4111,4111,1,2026-06-16,Rejected
4112,4112,5,2026-02-03,Rejected
4113,4113,5,2025-12-02,Rejected
4114,4114,3,2026-01-05,Rejected
4115,4115,5,2025-12-06,Shortlisted
4116,4116,1,2026-02-12,Shortlisted
4117,4117,2,2026-03-14,Shortlisted
4118,4118,6,2025-12-16,Rejected
4119,4119,3,2026-05-19,Withdrawn
4120,4120,5,2026-05-24,Rejected
4121,4121,1,2026-05-24,Rejected
4122,4122,1,2025-12-04,Rejected
4123,4123,6,2026-02-09,Shortlisted
4124,4124,6,2026-06-24,Rejected
4125,4125,6,2026-01-12,Rejected
4126,4126,5,2026-03-11,Rejected
4127,4127,6,2025-11-22,Shortlisted
4128,4128,1,2025-09-30,Rejected
4129,4129,1,2025-10-05,Shortlisted
4130,4130,6,2025-11-30,Rejected
4131,4131,3,2026-07-27,Rejected
4132,4132,2,2026-01-23,Withdrawn
4133,4133,1,2026-08-04,Shortlisted
4134,4134,3,2025-10-02,Withdrawn
4135,4135,4,2026-06-07,Rejected
4136,4136,3,2025-10-31,Shortlisted
4137,4137,1,2025-12-24,Shortlisted
4138,4138,6,2026-04-17,Rejected
4139,4139,3,2025-11-04,Rejected
4140,4140,2,2026-05-15,Rejected
4141,4141,2,2026-08-14,Shortlisted
4142,4142,3,2025-09-28,Rejected
4143,4143,5,2026-05-07,Rejected
4144,4144,3,2026-06-10,Rejected
4145,4145,6,2026-01-21,Rejected
4146,4146,5,2026-05-28,Shortlisted
4147,4147,2,2025-11-01,Rejected
4148,4148,5,2025-09-16,Shortlisted
4149,4149,2,2026-06-22,Shortlisted
4150,4150,6,2026-02-15,Rejected
4151,4151,6,2026-01-04,Rejected
4152,4152,4,2026-01-03,Withdrawn
4153,4153,3,2025-12-13,Rejected
4154,4154,1,2026-06-17,Rejected
4155,4155,4,2026-07-16,Rejected
4156,4156,5,2026-05-23,Rejected
4157,4157,2,2026-08-25,Shortlisted
4158,4158,5,2026-08-18,Rejected
4159,4159,1,2025-09-24,Rejected
4160,4160,5,2026-08-30,Rejected
4161,4161,4,2025-10-31,Shortlisted
4162,4162,1,2026-07-16,Rejected
4163,4163,3,2026-08-12,Shortlisted
4164,4164,4,2026-08-02,Shortlisted
4165,4165,6,2026-07-04,Rejected
4166,4166,5,2026-01-20,Rejected
4167,4167,2,2025-09-14,Rejected
4168,4168,2,2026-08-22,Rejected
4169,4169,2,2026-07-24,Shortlisted
4170,4170,2,2026-08-26,Withdrawn
4171,4171,6,2026-08-24,Withdrawn
4172,4172,5,2025-10-15,Withdrawn
4173,4173,4,2026-05-01,Shortlisted
4174,4174,2,2026-06-30,Rejected
4175,4175,2,2025-10-20,Rejected
4176,4176,5,2026-01-02,Rejected
4177,4177,3,2026-01-26,Rejected
4178,4178,3,2026-07-05,Rejected
4179,4179,1,2026-05-18,Rejected
4180,4180,1,2026-09-08,Rejected
4181,4181,5,2026-02-28,Shortlisted
4182,4182,2,2026-03-09,Rejected
4183,4183,1,2026-04-16,Rejected
4184,4184,3,2026-03-20,Shortlisted
4185,4185,3,2025-11-09,Rejected
4186,4186,6,2026-07-10,Rejected
4187,4187,5,2026-07-24,Rejected
4188,4188,5,2026-06-18,Rejected
4189,4189,5,2026-01-28,Shortlisted
4190,4190,2,2025-12-24,Shortlisted
4191,4191,5,2025-12-14,Rejected
4192,4192,4,2025-10-14,Rejected
4193,4193,2,2026-01-08,Rejected
4194,4194,5,2026-02-05,Rejected
4195,4195,2,2026-01-12,Withdrawn
4196,4196,4,2026-05-06,Rejected
4197,4197,2,2025-11-02,Shortlisted
4198,4198,5,2026-08-20,Shortlisted
4199,4199,2,2025-10-14,Rejected
4200,4200,2,2025-11-07,Withdrawn
4201,4201,1,2025-12-04,Rejected
4202,4202,5,2025-10-28,Rejected
4203,4203,6,2026-03-24,Rejected
4204,4204,3,2026-03-08,Withdrawn
4205,4205,6,2025-10-05,Withdrawn
4206,4206,5,2025-11-01,Rejected
4207,4207,1,2025-11-19,Shortlisted
4208,4208,2,2026-08-28,Rejected
4209,4209,1,2025-09-30,Shortlisted
4210,4210,4,2026-05-25,Rejected
4211,4211,6,2025-10-22,Withdrawn
4212,4212,4,2025-11-29,Shortlisted
4213,4213,3,2026-07-24,Rejected
4214,4214,1,2025-09-24,Shortlisted
4215,4215,4,2026-06-14,Rejected
4216,4216,5,2026-02-14,Shortlisted
4217,4217,4,2026-09-03,Shortlisted
4218,4218,3,2026-01-17,Rejected
4219,4219,3,2025-11-09,Shortlisted
4220,4220,6,2026-09-06,Shortlisted
4221,4221,2,2025-12-16,Rejected
4222,4222,1,2026-07-27,Rejected
4223,4223,2,2026-05-04,Withdrawn
4224,4224,6,2025-11-29,Rejected
4225,4225,5,2026-03-07,Rejected
4226,4226,6,2026-06-01,Rejected
4227,4227,4,2026-05-08,Rejected
4228,4228,6,2026-04-13,Shortlisted
4229,4229,4,2026-02-05,Rejected
4230,4230,4,2025-10-20,Withdrawn
4231,4231,3,2026-01-15,Rejected
4232,4232,6,2026-04-18,Rejected
4233,4233,1,2026-09-10,Rejected
4234,4234,1,2026-03-25,Shortlisted
4235,4235,1,2026-02-24,Shortlisted
4236,4236,5,2026-01-20,Shortlisted
4237,4237,3,2026-02-19,Shortlisted
4238,4238,4,2025-12-07,Rejected
4239,4239,2,2026-08-23,Rejected
4240,4240,1,2025-09-14,Rejected
4241,4241,4,2025-10-10,Rejected
4242,4242,4,2025-09-15,Rejected
4243,4243,3,2025-11-13,Rejected
4244,4244,2,2025-12-30,Rejected
4245,4245,6,2025-10-11,Withdrawn
4246,4246,2,2026-01-31,Shortlisted
4247,4247,2,2026-04-09,Rejected
4248,4248,5,2026-03-10,Shortlisted
4249,4249,3,2026-07-09,Shortlisted
4250,4250,4,2026-03-23,Rejected
4251,4251,2,2026-07-05,Rejected
4252,4252,3,2026-08-14,Rejected
4253,4253,6,2026-07-31,Rejected
4254,4254,2,2026-02-27,Withdrawn
4255,4255,6,2026-06-20,Rejected
4256,4256,5,2026-06-18,Rejected
4257,4257,2,2026-08-16,Shortlisted
4258,4258,3,2025-09-13,Rejected
4259,4259,4,2026-08-15,Withdrawn
4260,4260,2,2026-09-01,Rejected
4261,4261,2,2026-08-23,Rejected
4262,4262,5,2025-11-03,Rejected
4263,4263,6,2025-10-15,Rejected
4264,4264,4,2025-10-03,Rejected
4265,4265,5,2025-12-06,Rejected
4266,4266,2,2025-11-23,Rejected
4267,4267,1,2025-11-20,Rejected
4268,4268,6,2026-06-08,Shortlisted
4269,4269,3,2026-03-05,Withdrawn
4270,4270,6,2026-08-09,Rejected
4271,4271,5,2026-07-19,Rejected
4272,4272,2,2026-07-28,Rejected
4273,4273,5,2026-07-24,Rejected
4274,4274,3,2026-09-05,Rejected
4275,4275,4,2026-01-04,Shortlisted
4276,4276,4,2025-12-14,Rejected
4277,4277,6,2026-03-08,Rejected
4278,4278,6,2025-10-23,Rejected
4279,4279,5,2026-04-12,Rejected
4280,4280,2,2025-09-15,Rejected
4281,4281,1,2025-09-15,Shortlisted
4282,4282,3,2026-01-07,Rejected
4283,4283,1,2026-06-19,Rejected
4284,4284,6,2025-11-25,Rejected
4285,4285,6,2026-02-11,Rejected
4286,4286,3,2026-04-15,Rejected
4287,4287,4,2025-11-24,Rejected
4288,4288,5,2025-11-11,Rejected
4289,4289,1,2025-12-19,Rejected
4290,4290,5,2026-09-04,Rejected
4291,4291,4,2026-01-03,Shortlisted
4292,4292,4,2026-08-22,Rejected
4293,4293,1,2026-05-14,Rejected
4294,4294,5,2025-12-22,Rejected
4295,4295,6,2025-12-31,Shortlisted
4296,4296,6,2026-04-27,Rejected
4297,4297,5,2026-01-10,Shortlisted
4298,4298,1,2026-06-23,Shortlisted
4299,4299,5,2026-03-08,Rejected
4300,4300,4,2026-03-11,Shortlisted
4301,4301,6,2026-03-13,Rejected
4302,4302,6,2025-09-21,Shortlisted
4303,4303,5,2026-05-15,Shortlisted
4304,4304,2,2026-04-30,Rejected
4305,4305,5,2026-04-12,Rejected
4306,4306,4,2025-10-29,Rejected
4307,4307,5,2025-12-03,Withdrawn
4308,4308,5,2026-06-08,Rejected
4309,4309,3,2026-01-11,Shortlisted
4310,4310,5,2025-09-17,Withdrawn
4311,4311,4,2025-12-17,Rejected
4312,4312,5,2026-03-03,Shortlisted
4313,4313,4,2026-07-23,Rejected
4314,4314,6,2025-12-02,Shortlisted
4315,4315,2,2026-03-17,Shortlisted
4316,4316,5,2026-08-21,Rejected
4317,4317,1,2026-08-11,Shortlisted
4318,4318,1,2026-02-03,Shortlisted
4319,4319,3,2025-09-27,Shortlisted
4320,4320,4,2025-12-10,Rejected
4321,4321,5,2025-10-13,Shortlisted
4322,4322,2,2026-05-31,Rejected
4323,4323,3,2026-01-06,Rejected
4324,4324,5,2026-04-21,Rejected
4325,4325,3,2025-10-27,Rejected
4326,4326,1,2026-05-11,Rejected
4327,4327,4,2026-07-04,Rejected
4328,4328,6,2026-08-20,Rejected
4329,4329,6,2026-08-13,Withdrawn
4330,4330,1,2026-08-19,Rejected
4331,4331,1,2025-12-06,Shortlisted
4332,4332,3,2026-08-18,Rejected
4333,4333,3,2026-08-30,Rejected
4334,4334,4,2026-08-30,Withdrawn
4335,4335,3,2025-10-11,Shortlisted
4336,4336,2,2025-10-12,Rejected
4337,4337,6,2026-02-11,Rejected
4338,4338,3,2025-10-05,Rejected
4339,4339,6,2026-03-12,Rejected
4340,4340,4,2026-09-02,Rejected
4341,4341,6,2025-11-23,Rejected
4342,4342,5,2025-10-29,Shortlisted
4343,4343,5,2025-11-17,Shortlisted
4344,4344,1,2026-01-17,Withdrawn
4345,4345,3,2025-09-24,Shortlisted
4346,4346,1,2026-09-05,Rejected
4347,4347,2,2026-02-04,Rejected
4348,4348,1,2026-01-19,Shortlisted
4349,4349,2,2026-02-23,Rejected
4350,4350,3,2026-03-25,Shortlisted
4351,4351,2,2026-06-06,Rejected
4352,4352,4,2026-01-26,Rejected
4353,4353,6,2025-12-12,Rejected
4354,4354,4,2025-12-10,Rejected
4355,4355,2,2025-12-22,Shortlisted
4356,4356,6,2026-04-19,Rejected
4357,4357,2,2026-08-26,Rejected
4358,4358,3,2026-07-24,Rejected
4359,4359,4,2026-05-30,Rejected
4360,4360,2,2026-06-17,Rejected
4361,4361,1,2026-02-23,Shortlisted
4362,4362,6,2025-11-13,Rejected
4363,4363,5,2026-06-01,Shortlisted
4364,4364,1,2026-06-21,Rejected
4365,4365,4,2026-01-16,Shortlisted
4366,4366,6,2026-01-31,Rejected
4367,4367,5,2026-03-06,Shortlisted
4368,4368,4,2026-05-14,Shortlisted
4369,4369,6,2026-05-07,Withdrawn
4370,4370,5,2026-05-22,Shortlisted
4371,4371,3,2026-02-25,Withdrawn
4372,4372,4,2025-12-08,Rejected
4373,4373,4,2025-11-03,Rejected
4374,4374,4,2026-04-29,Rejected
4375,4375,3,2025-12-11,Rejected
4376,4376,6,2026-02-14,Shortlisted
4377,4377,1,2026-08-25,Rejected
4378,4378,2,2025-12-28,Shortlisted
4379,4379,2,2026-02-01,Rejected
4380,4380,4,2025-10-23,Rejected
4381,4381,2,2026-01-04,Rejected
4382,4382,6,2026-02-19,Shortlisted
4383,4383,2,2025-09-14,Rejected
4384,4384,2,2026-08-03,Rejected
4385,4385,5,2026-08-27,Rejected
4386,4386,2,2025-12-07,Rejected
4387,4387,3,2026-08-24,Rejected
4388,4388,6,2026-07-21,Rejected
4389,4389,4,2025-11-06,Rejected
4390,4390,3,2026-03-21,Rejected
4391,4391,4,2026-06-21,Withdrawn
4392,4392,1,2026-05-23,Rejected
4393,4393,6,2026-06-16,Rejected
4394,4394,5,2025-09-24,Rejected
4395,4395,6,2025-09-11,Rejected
4396,4396,4,2025-10-05,Rejected
4397,4397,3,2025-10-11,Withdrawn
4398,4398,4,2025-11-07,Rejected
4399,4399,1,2026-04-09,Shortlisted
4400,4400,4,2026-06-06,Shortlisted
4401,4401,5,2025-11-18,Rejected
4402,4402,5,2025-12-20,Shortlisted
4403,4403,4,2026-06-10,Rejected
4404,4404,2,2026-05-02,Shortlisted
4405,4405,5,2026-09-08,Rejected
4406,4406,4,2025-10-06,Rejected
4407,4407,6,2026-04-05,Shortlisted
4408,4408,2,2025-11-09,Rejected
4409,4409,1,2026-05-28,Rejected
4410,4410,1,2026-06-01,Rejected
4411,4411,3,2026-05-21,Rejected
4412,4412,4,2026-07-09,Shortlisted
4413,4413,1,2025-10-12,Shortlisted
4414,4414,4,2025-11-11,Shortlisted
4415,4415,2,2026-04-20,Rejected
4416,4416,1,2025-11-24,Rejected
4417,4417,1,2025-10-16,Rejected
4418,4418,1,2025-10-15,Rejected
4419,4419,1,2026-04-29,Rejected
4420,4420,4,2026-07-17,Rejected
4421,4421,6,2026-03-02,Rejected
4422,4422,1,2026-02-14,Rejected
4423,4423,5,2026-02-28,Shortlisted
4424,4424,2,2026-07-10,Rejected
4425,4425,3,2026-07-16,Rejected
4426,4426,2,2025-12-16,Rejected
4427,4427,6,2026-02-26,Rejected
4428,4428,6,2026-02-20,Rejected
4429,4429,6,2026-08-10,Rejected
4430,4430,5,2026-07-16,Rejected
4431,4431,2,2026-08-06,Rejected
4432,4432,6,2026-05-05,Rejected
4433,4433,5,2025-10-13,Rejected
4434,4434,6,2026-05-12,Rejected
4435,4435,4,2026-08-13,Rejected
4436,4436,6,2026-06-26,Shortlisted
4437,4437,3,2026-01-03,Shortlisted
4438,4438,5,2026-08-29,Rejected
4439,4439,1,2025-11-13,Rejected
4440,4440,2,2026-07-22,Rejected
4441,4441,5,2026-08-04,Rejected
4442,4442,5,2026-04-20,Withdrawn
4443,4443,3,2025-12-24,Shortlisted
4444,4444,5,2026-07-08,Shortlisted
4445,4445,4,2026-08-26,Shortlisted
4446,4446,6,2026-04-25,Shortlisted
4447,4447,2,2025-10-30,Shortlisted
4448,4448,6,2025-11-08,Rejected
4449,4449,2,2026-05-11,Withdrawn
4450,4450,4,2025-10-21,Rejected
4451,4451,2,2026-01-18,Rejected
4452,4452,3,2026-07-26,Rejected
4453,4453,2,2026-05-25,Shortlisted
4454,4454,4,2026-07-02,Rejected
4455,4455,5,2026-08-10,Shortlisted
4456,4456,3,2026-08-26,Rejected
4457,4457,1,2026-04-29,Rejected
4458,4458,6,2026-04-18,Rejected
4459,4459,1,2025-11-28,Rejected
4460,4460,2,2025-12-31,Rejected
4461,4461,6,2025-09-29,Rejected
4462,4462,6,2026-02-20,Rejected
4463,4463,4,2026-06-12,Rejected
4464,4464,4,2026-08-26,Rejected
4465,4465,3,2026-01-01,Rejected
4466,4466,5,2026-08-05,Shortlisted
4467,4467,2,2026-01-01,Rejected
4468,4468,3,2025-11-14,Rejected
4469,4469,6,2026-02-15,Rejected
4470,4470,5,2026-01-11,Rejected
4471,4471,1,2026-06-23,Rejected
4472,4472,4,2026-01-03,Shortlisted
4473,4473,6,2025-10-25,Shortlisted
4474,4474,2,2026-05-21,Rejected
4475,4475,6,2025-11-14,Shortlisted
4476,4476,2,2025-09-11,Rejected
4477,4477,3,2026-08-18,Withdrawn
4478,4478,5,2025-09-19,Rejected
4479,4479,5,2026-04-03,Rejected
4480,4480,1,2025-10-29,Rejected
4481,4481,2,2026-03-29,Rejected
4482,4482,5,2026-01-30,Rejected
4483,4483,3,2026-08-25,Rejected
4484,4484,2,2026-01-02,Rejected
4485,4485,6,2025-09-12,Rejected
4486,4486,6,2026-01-13,Rejected
4487,4487,4,2025-10-15,Shortlisted
4488,4488,3,2026-08-05,Rejected
4489,4489,4,2025-10-28,Rejected
4490,4490,5,2026-05-27,Shortlisted
4491,4491,1,2026-04-07,Withdrawn
4492,4492,1,2026-06-13,Withdrawn
4493,4493,3,2026-09-10,Rejected
4494,4494,1,2025-10-14,Rejected
4495,4495,1,2025-11-11,Withdrawn
4496,4496,4,2025-12-22,Rejected
4497,4497,6,2026-02-07,Rejected
4498,4498,3,2026-07-15,Rejected
4499,4499,6,2026-04-03,Rejected
4500,4500,5,2026-06-05,Shortlisted
4501,4501,1,2026-09-10,Rejected
4502,4502,1,2026-09-06,Shortlisted
4503,4503,5,2026-05-12,Withdrawn
4504,4504,5,2026-01-08,Rejected
4505,4505,4,2026-05-07,Rejected
4506,4506,4,2025-12-13,Rejected
4507,4507,3,2026-02-17,Shortlisted
4508,4508,4,2026-07-17,Shortlisted
4509,4509,2,2026-02-13,Rejected
4510,4510,6,2026-08-28,Rejected
4511,4511,4,2026-09-04,Rejected
4512,4512,4,2026-09-08,Rejected
4513,4513,3,2026-08-22,Rejected
4514,4514,3,2025-10-20,Shortlisted
4515,4515,2,2025-12-01,Shortlisted
4516,4516,4,2026-08-20,Rejected
4517,4517,6,2025-09-14,Rejected
4518,4518,2,2026-03-03,Shortlisted
4519,4519,4,2025-11-05,Rejected
4520,4520,2,2025-11-12,Shortlisted
4521,4521,6,2026-04-29,Rejected
4522,4522,2,2026-08-31,Rejected
4523,4523,5,2026-02-24,Withdrawn
4524,4524,3,2025-09-25,Shortlisted
4525,4525,2,2026-03-27,Rejected
4526,4526,2,2026-03-16,Rejected
4527,4527,6,2026-05-10,Rejected
4528,4528,3,2026-06-30,Withdrawn
4529,4529,1,2025-11-24,Rejected
4530,4530,2,2026-04-16,Shortlisted
4531,4531,3,2025-10-01,Shortlisted
4532,4532,6,2026-09-10,Shortlisted
4533,4533,4,2025-10-20,Shortlisted
4534,4534,4,2026-04-12,Shortlisted
4535,4535,4,2026-07-04,Rejected
4536,4536,6,2026-03-14,Rejected
4537,4537,2,2026-06-02,Rejected
4538,4538,3,2026-04-20,Rejected
4539,4539,5,2025-12-01,Rejected
4540,4540,2,2025-11-01,Withdrawn
4541,4541,4,2026-08-02,Rejected
4542,4542,5,2026-07-07,Rejected
4543,4543,6,2026-01-26,Withdrawn
4544,4544,5,2025-11-02,Shortlisted
4545,4545,5,2026-02-18,Shortlisted
4546,4546,3,2025-09-27,Rejected
4547,4547,6,2026-04-14,Shortlisted
4548,4548,4,2026-09-10,Rejected
4549,4549,5,2026-01-07,Rejected
4550,4550,5,2026-06-01,Rejected
4551,4551,5,2026-06-17,Rejected
4552,4552,3,2026-02-18,Rejected
4553,4553,5,2025-10-20,Rejected
4554,4554,3,2026-05-06,Withdrawn
4555,4555,3,2026-05-04,Rejected
4556,4556,2,2025-09-26,Shortlisted
4557,4557,6,2025-12-22,Rejected
4558,4558,3,2026-02-13,Withdrawn
4559,4559,3,2026-05-03,Withdrawn
4560,4560,6,2025-10-10,Rejected
4561,4561,4,2026-03-26,Shortlisted
4562,4562,4,2026-06-27,Shortlisted
4563,4563,5,2025-09-20,Rejected
4564,4564,3,2026-01-21,Rejected
4565,4565,4,2026-07-26,Rejected
4566,4566,3,2025-09-27,Shortlisted
4567,4567,6,2025-10-27,Shortlisted
4568,4568,2,2026-04-25,Shortlisted
4569,4569,3,2026-04-04,Rejected
4570,4570,4,2025-11-24,Rejected
4571,4571,1,2026-08-14,Rejected
4572,4572,5,2026-03-22,Shortlisted
4573,4573,5,2025-12-18,Rejected
4574,4574,5,2026-07-05,Rejected
4575,4575,3,2026-04-26,Rejected
4576,4576,6,2026-05-03,Rejected
4577,4577,2,2026-03-29,Shortlisted
4578,4578,2,2026-01-31,Rejected
4579,4579,1,2026-07-31,Rejected
4580,4580,1,2026-01-09,Withdrawn
4581,4581,3,2026-03-02,Rejected
4582,4582,3,2026-09-08,Shortlisted
4583,4583,6,2026-05-31,Shortlisted
4584,4584,2,2025-11-21,Rejected
4585,4585,5,2025-11-29,Rejected
4586,4586,1,2026-04-22,Rejected
4587,4587,5,2026-08-26,Shortlisted
4588,4588,2,2026-02-13,Shortlisted
4589,4589,2,2025-12-11,Shortlisted
4590,4590,2,2025-12-24,Rejected
4591,4591,6,2026-04-28,Rejected
4592,4592,1,2025-09-16,Withdrawn
4593,4593,2,2026-02-27,Rejected
4594,4594,2,2026-04-23,Withdrawn
4595,4595,1,2026-07-26,Rejected
4596,4596,4,2025-12-01,Rejected
4597,4597,2,2025-12-20,Rejected
4598,4598,2,2025-11-21,Rejected
4599,4599,3,2025-09-28,Rejected
4600,4600,4,2025-10-09,Rejected
4601,4601,5,2026-01-10,Rejected
4602,4602,1,2026-07-29,Rejected
4603,4603,2,2026-05-14,Rejected
4604,4604,6,2026-05-19,Rejected
4605,4605,5,2026-05-13,Rejected
4606,4606,1,2025-09-18,Rejected
4607,4607,5,2026-06-04,Rejected
4608,4608,6,2025-12-24,Rejected
4609,4609,4,2026-05-31,Rejected
4610,4610,5,2025-10-27,Shortlisted
4611,4611,6,2025-10-04,Rejected
4612,4612,2,2026-08-14,Rejected
4613,4613,4,2025-09-22,Shortlisted
4614,4614,5,2025-09-25,Withdrawn
4615,4615,4,2025-12-04,Shortlisted
4616,4616,6,2026-06-09,Rejected
4617,4617,6,2026-05-09,Shortlisted
4618,4618,4,2025-11-10,Rejected
4619,4619,4,2026-04-21,Shortlisted
4620,4620,4,2026-01-08,Rejected
4621,4621,4,2025-11-18,Rejected
4622,4622,3,2026-02-05,Withdrawn
4623,4623,1,2026-07-14,Rejected
4624,4624,1,2026-06-14,Rejected
4625,4625,3,2026-07-16,Shortlisted
4626,4626,3,2025-12-24,Rejected
4627,4627,4,2026-07-18,Rejected
4628,4628,5,2025-12-10,Rejected
4629,4629,5,2026-02-02,Rejected
4630,4630,6,2026-03-13,Withdrawn
4631,4631,6,2025-12-12,Shortlisted
4632,4632,1,2026-02-16,Shortlisted
4633,4633,4,2026-07-19,Rejected
4634,4634,6,2026-07-30,Shortlisted
4635,4635,2,2025-09-16,Rejected
4636,4636,2,2025-12-11,Rejected
4637,4637,2,2026-05-09,Rejected
4638,4638,4,2025-11-22,Shortlisted
4639,4639,3,2026-03-17,Rejected
4640,4640,6,2026-05-28,Shortlisted
4641,4641,3,2026-02-08,Rejected
4642,4642,1,2026-02-20,Shortlisted
4643,4643,4,2026-01-23,Rejected
4644,4644,5,2026-07-26,Rejected
4645,4645,6,2025-12-30,Withdrawn
4646,4646,4,2026-09-11,Shortlisted
4647,4647,6,2026-05-04,Rejected
4648,4648,1,2026-01-16,Rejected
4649,4649,5,2026-02-22,Rejected
4650,4650,5,2026-07-10,Rejected
4651,4651,1,2026-06-12,Withdrawn
4652,4652,6,2026-05-08,Rejected
4653,4653,1,2026-03-26,Rejected
4654,4654,6,2026-08-11,Rejected
4655,4655,2,2026-04-28,Rejected
4656,4656,1,2025-09-15,Rejected
4657,4657,6,2025-11-29,Rejected
4658,4658,5,2026-03-15,Rejected
4659,4659,2,2026-02-22,Rejected
4660,4660,2,2026-05-05,Rejected
4661,4661,3,2026-07-07,Shortlisted
4662,4662,4,2026-06-05,Rejected
4663,4663,1,2026-07-17,Rejected
4664,4664,2,2026-07-14,Rejected
4665,4665,4,2026-09-07,Rejected
4666,4666,4,2025-12-20,Shortlisted
4667,4667,2,2025-10-27,Rejected
4668,4668,3,2025-11-22,Rejected
4669,4669,2,2025-09-23,Rejected
4670,4670,1,2025-12-13,Rejected
4671,4671,2,2026-06-13,Rejected
4672,4672,5,2026-02-02,Withdrawn
4673,4673,2,2026-08-14,Rejected
4674,4674,5,2025-10-27,Rejected
4675,4675,1,2025-11-30,Shortlisted
4676,4676,6,2026-08-04,Rejected
4677,4677,3,2026-08-31,Shortlisted
4678,4678,4,2025-10-09,Shortlisted
4679,4679,2,2026-06-23,Shortlisted
4680,4680,4,2026-04-19,Rejected
4681,4681,5,2026-05-08,Shortlisted
4682,4682,5,2025-09-30,Rejected
4683,4683,2,2025-11-16,Shortlisted
4684,4684,5,2026-09-04,Shortlisted
4685,4685,5,2026-02-01,Shortlisted
4686,4686,4,2026-02-19,Rejected
4687,4687,5,2026-05-18,Withdrawn
4688,4688,4,2026-06-10,Rejected
4689,4689,2,2026-01-02,Rejected
4690,4690,4,2026-01-31,Rejected
4691,4691,4,2026-09-10,Shortlisted
4692,4692,4,2025-10-09,Rejected
4693,4693,3,2026-07-18,Withdrawn
4694,4694,3,2025-12-10,Rejected
4695,4695,4,2025-10-29,Rejected
4696,4696,6,2026-04-26,Withdrawn
4697,4697,3,2026-08-16,Shortlisted
4698,4698,1,2026-04-27,Rejected
4699,4699,6,2025-11-20,Rejected
4700,4700,6,2026-04-02,Rejected
4701,4701,4,2025-10-03,Withdrawn
4702,4702,2,2026-04-16,Rejected
4703,4703,1,2026-04-06,Shortlisted
4704,4704,2,2026-06-25,Rejected
4705,4705,6,2026-02-02,Rejected
4706,4706,5,2025-10-05,Rejected
4707,4707,5,2026-06-29,Shortlisted
4708,4708,6,2026-03-02,Rejected
4709,4709,3,2026-07-07,Rejected
4710,4710,5,2026-08-30,Rejected
4711,4711,2,2026-05-18,Rejected
4712,4712,5,2025-09-20,Shortlisted
4713,4713,3,2026-07-21,Rejected
4714,4714,6,2025-10-26,Shortlisted
4715,4715,5,2025-10-07,Shortlisted
4716,4716,3,2026-09-11,Withdrawn
4717,4717,1,2026-05-17,Rejected
4718,4718,1,2026-02-06,Rejected
4719,4719,4,2026-01-29,Rejected
4720,4720,3,2025-11-06,Rejected
4721,4721,1,2026-06-03,Rejected
4722,4722,1,2026-05-05,Rejected
4723,4723,1,2025-10-21,Rejected
4724,4724,6,2026-04-29,Rejected
4725,4725,1,2025-10-17,Rejected
4726,4726,3,2026-07-04,Rejected
4727,4727,4,2026-07-08,Shortlisted
4728,4728,6,2026-09-03,Shortlisted
4729,4729,6,2025-11-29,Shortlisted
4730,4730,6,2025-12-09,Rejected
4731,4731,1,2026-06-01,Shortlisted
4732,4732,3,2026-08-20,Rejected
4733,4733,3,2026-08-01,Shortlisted
4734,4734,6,2026-02-11,Rejected
4735,4735,2,2025-12-24,Shortlisted
4736,4736,4,2026-06-28,Shortlisted
4737,4737,5,2026-04-23,Rejected
4738,4738,1,2026-08-21,Withdrawn
4739,4739,4,2026-05-28,Rejected
4740,4740,3,2026-01-07,Rejected
4741,4741,3,2025-12-09,Rejected
4742,4742,3,2026-01-13,Rejected
4743,4743,6,2026-04-29,Rejected
4744,4744,1,2026-06-19,Withdrawn
4745,4745,2,2026-06-05,Rejected
4746,4746,4,2025-12-08,Shortlisted
4747,4747,2,2025-10-26,Rejected
4748,4748,4,2026-02-18,Shortlisted
4749,4749,2,2026-05-30,Rejected
4750,4750,3,2026-08-24,Rejected
4751,4751,6,2025-10-11,Shortlisted
4752,4752,1,2025-12-14,Rejected
4753,4753,2,2025-09-14,Shortlisted
4754,4754,1,2026-04-25,Rejected
4755,4755,3,2025-10-13,Rejected
4756,4756,6,2026-08-26,Shortlisted
4757,4757,3,2026-03-25,Rejected
4758,4758,5,2025-10-26,Rejected
4759,4759,6,2026-01-02,Rejected
4760,4760,6,2026-04-03,Shortlisted
4761,4761,5,2025-11-09,Shortlisted
4762,4762,1,2026-04-05,Rejected
4763,4763,3,2026-02-18,Rejected
4764,4764,5,2025-11-08,Withdrawn
4765,4765,6,2026-02-15,Rejected
4766,4766,3,2026-07-17,Rejected
4767,4767,6,2026-05-11,Rejected
4768,4768,5,2026-03-11,Rejected
4769,4769,4,2026-02-01,Rejected
4770,4770,2,2026-04-23,Rejected
4771,4771,1,2026-05-07,Rejected
4772,4772,6,2026-05-10,Rejected
4773,4773,1,2025-11-14,Rejected
4774,4774,1,2026-08-19,Rejected
4775,4775,5,2026-06-09,Withdrawn
4776,4776,2,2025-12-02,Shortlisted
4777,4777,1,2026-05-30,Withdrawn
4778,4778,5,2025-10-22,Withdrawn
4779,4779,4,2025-10-10,Withdrawn
4780,4780,5,2026-02-18,Withdrawn
4781,4781,1,2025-11-08,Shortlisted
4782,4782,1,2025-12-31,Shortlisted
4783,4783,6,2026-02-21,Rejected
4784,4784,4,2025-10-13,Rejected
4785,4785,6,2026-02-28,Shortlisted
4786,4786,1,2026-05-17,Rejected
4787,4787,1,2026-03-05,Rejected
4788,4788,3,2026-06-09,Shortlisted
4789,4789,4,2026-07-06,Rejected
4790,4790,2,2026-07-08,Rejected
4791,4791,2,2026-05-26,Shortlisted
4792,4792,3,2025-12-16,Shortlisted
4793,4793,1,2025-09-25,Shortlisted
4794,4794,4,2026-08-23,Rejected
4795,4795,4,2026-09-07,Rejected
4796,4796,2,2026-04-28,Rejected
4797,4797,5,2026-09-11,Rejected
4798,4798,4,2025-11-24,Rejected
4799,4799,6,2026-03-02,Rejected
4800,4800,3,2025-11-02,Rejected
4801,4801,3,2026-06-25,Shortlisted
4802,4802,1,2026-01-07,Rejected
4803,4803,6,2026-03-02,Rejected
4804,4804,4,2025-09-19,Shortlisted
4805,4805,2,2025-11-15,Rejected
4806,4806,1,2026-08-14,Rejected
4807,4807,4,2026-06-30,Shortlisted
4808,4808,4,2025-09-19,Shortlisted
4809,4809,3,2025-11-03,Shortlisted
4810,4810,1,2026-07-04,Shortlisted
4811,4811,3,2026-02-01,Rejected
4812,4812,4,2026-08-31,Rejected
4813,4813,3,2026-07-12,Shortlisted
4814,4814,1,2026-02-03,Rejected
4815,4815,4,2026-07-11,Shortlisted
4816,4816,3,2026-04-07,Rejected
4817,4817,5,2026-07-22,Rejected
4818,4818,2,2025-11-20,Rejected
4819,4819,4,2025-09-13,Rejected
4820,4820,3,2026-07-12,Rejected
4821,4821,3,2026-01-02,Shortlisted
4822,4822,6,2025-09-23,Rejected
4823,4823,5,2026-05-25,Rejected
4824,4824,1,2025-11-20,Rejected
4825,4825,6,2026-03-18,Rejected
4826,4826,5,2026-08-03,Shortlisted
4827,4827,5,2026-07-24,Rejected
4828,4828,4,2026-06-10,Shortlisted
4829,4829,5,2025-10-22,Shortlisted
4830,4830,5,2026-05-30,Rejected
4831,4831,4,2026-08-24,Shortlisted
4832,4832,4,2026-06-17,Withdrawn
4833,4833,6,2025-11-24,Shortlisted
4834,4834,2,2026-06-22,Rejected
4835,4835,6,2026-02-21,Rejected
4836,4836,6,2025-12-12,Rejected
4837,4837,3,2026-08-07,Rejected
4838,4838,1,2026-08-07,Rejected
4839,4839,3,2026-02-25,Rejected
4840,4840,3,2025-11-08,Shortlisted
4841,4841,2,2025-12-01,Rejected
4842,4842,1,2026-01-02,Shortlisted
4843,4843,2,2026-01-25,Shortlisted
4844,4844,3,2025-11-05,Rejected
4845,4845,4,2026-01-09,Shortlisted
4846,4846,2,2025-12-17,Shortlisted
4847,4847,4,2026-06-21,Rejected
4848,4848,1,2026-08-14,Shortlisted
4849,4849,3,2026-05-29,Withdrawn
4850,4850,6,2026-05-18,Rejected
4851,4851,1,2026-08-09,Rejected
4852,4852,5,2026-06-02,Rejected
4853,4853,3,2026-06-30,Withdrawn
4854,4854,6,2026-09-06,Rejected
4855,4855,2,2026-06-01,Rejected
4856,4856,3,2026-02-18,Shortlisted
4857,4857,4,2026-06-17,Withdrawn
4858,4858,5,2025-11-21,Rejected
4859,4859,5,2025-12-20,Withdrawn
4860,4860,6,2025-11-29,Rejected
4861,4861,2,2026-08-20,Rejected
4862,4862,4,2025-12-13,Shortlisted
4863,4863,1,2025-12-16,Shortlisted
4864,4864,2,2026-03-31,Shortlisted
4865,4865,1,2025-12-20,Rejected
4866,4866,2,2026-06-26,Rejected
4867,4867,2,2026-06-30,Rejected
4868,4868,1,2025-09-21,Rejected
4869,4869,2,2025-12-30,Shortlisted
4870,4870,4,2026-08-22,Shortlisted
4871,4871,2,2026-04-24,Shortlisted
4872,4872,4,2026-02-11,Shortlisted
4873,4873,4,2025-10-06,Withdrawn
4874,4874,4,2025-11-15,Rejected
4875,4875,4,2026-04-22,Rejected
4876,4876,3,2025-12-06,Withdrawn
4877,4877,5,2026-02-01,Rejected
4878,4878,5,2026-05-26,Rejected
4879,4879,3,2026-05-26,Rejected
4880,4880,5,2026-01-09,Withdrawn
4881,4881,6,2026-03-25,Rejected
4882,4882,3,2026-08-24,Rejected
4883,4883,2,2025-12-16,Withdrawn
4884,4884,3,2026-09-06,Shortlisted
4885,4885,5,2026-04-02,Shortlisted
4886,4886,1,2026-01-31,Shortlisted
4887,4887,4,2025-12-08,Rejected
4888,4888,4,2025-11-01,Shortlisted
4889,4889,6,2025-12-24,Rejected
4890,4890,4,2025-10-21,Rejected
4891,4891,3,2026-05-25,Rejected
4892,4892,5,2025-12-08,Withdrawn
4893,4893,1,2026-08-27,Withdrawn
4894,4894,3,2026-06-04,Shortlisted
4895,4895,6,2025-11-10,Rejected
4896,4896,4,2025-12-28,Rejected
4897,4897,2,2026-08-20,Rejected
4898,4898,1,2026-05-29,Shortlisted
4899,4899,4,2026-02-21,Shortlisted
4900,4900,6,2026-06-23,Rejected
4901,4901,2,2025-12-25,Rejected
4902,4902,4,2025-11-10,Rejected
4903,4903,1,2026-05-24,Rejected
4904,4904,3,2025-12-29,Shortlisted
4905,4905,2,2026-03-29,Rejected
4906,4906,5,2026-05-05,Shortlisted
4907,4907,2,2025-11-24,Shortlisted
4908,4908,3,2025-12-13,Rejected
4909,4909,6,2026-05-04,Withdrawn
4910,4910,6,2026-09-02,Shortlisted
4911,4911,1,2026-04-09,Shortlisted
4912,4912,4,2025-10-16,Shortlisted
4913,4913,1,2026-05-26,Shortlisted
4914,4914,4,2025-12-05,Shortlisted
4915,4915,1,2026-01-23,Rejected
4916,4916,5,2026-05-22,Shortlisted
4917,4917,5,2026-05-06,Rejected
4918,4918,6,2026-07-31,Withdrawn
4919,4919,6,2025-11-11,Rejected
4920,4920,2,2025-12-17,Shortlisted
4921,4921,3,2026-05-15,Shortlisted
4922,4922,6,2026-06-14,Rejected
4923,4923,5,2025-09-26,Rejected
4924,4924,1,2026-08-01,Rejected
4925,4925,2,2026-05-06,Shortlisted
4926,4926,1,2026-09-04,Rejected
4927,4927,5,2025-11-26,Rejected
4928,4928,1,2026-04-06,Rejected
4929,4929,4,2026-07-12,Shortlisted
4930,4930,4,2026-07-23,Rejected
4931,4931,2,2026-01-17,Rejected
4932,4932,3,2026-01-14,Shortlisted
4933,4933,4,2025-11-05,Shortlisted
4934,4934,2,2025-10-11,Rejected
4935,4935,6,2025-10-07,Shortlisted
4936,4936,2,2026-09-11,Rejected
4937,4937,4,2025-10-08,Rejected
4938,4938,5,2026-07-16,Shortlisted
4939,4939,3,2026-02-06,Shortlisted
4940,4940,5,2026-07-18,Withdrawn
4941,4941,2,2025-11-15,Rejected
4942,4942,4,2025-10-01,Withdrawn
4943,4943,1,2026-02-14,Withdrawn
4944,4944,2,2026-06-06,Rejected
4945,4945,4,2026-06-15,Shortlisted
4946,4946,1,2026-02-27,Rejected
4947,4947,1,2026-02-03,Shortlisted
4948,4948,4,2026-03-30,Rejected
4949,4949,5,2026-01-07,Rejected
4950,4950,6,2026-02-26,Shortlisted
4951,4951,2,2026-08-19,Rejected
4952,4952,5,2026-01-27,Shortlisted
4953,4953,5,2025-11-22,Withdrawn
4954,4954,4,2026-03-30,Rejected
4955,4955,2,2026-08-23,Rejected
4956,4956,4,2025-11-09,Rejected
4957,4957,4,2026-02-10,Withdrawn
4958,4958,1,2025-09-15,Withdrawn
4959,4959,2,2026-08-05,Rejected
4960,4960,1,2026-06-09,Rejected
4961,4961,5,2025-10-11,Withdrawn
4962,4962,6,2025-10-13,Withdrawn
4963,4963,1,2026-01-15,Shortlisted
4964,4964,4,2026-09-06,Withdrawn
4965,4965,4,2026-03-04,Withdrawn
4966,4966,1,2026-08-11,Rejected
4967,4967,4,2025-09-13,Shortlisted
4968,4968,3,2026-08-04,Rejected
4969,4969,5,2025-10-21,Shortlisted
4970,4970,5,2026-01-12,Shortlisted
4971,4971,2,2026-07-09,Shortlisted
4972,4972,1,2026-07-11,Rejected
4973,4973,6,2025-09-13,Rejected
4974,4974,2,2026-01-05,Rejected
4975,4975,1,2025-10-29,Rejected
4976,4976,6,2026-07-06,Shortlisted
4977,4977,6,2026-08-16,Withdrawn
4978,4978,4,2026-05-26,Shortlisted
4979,4979,3,2026-04-09,Rejected
4980,4980,4,2025-09-12,Rejected
4981,4981,6,2026-02-28,Rejected
4982,4982,5,2026-08-21,Rejected
4983,4983,1,2025-12-04,Shortlisted
4984,4984,4,2026-05-26,Shortlisted
4985,4985,1,2025-09-26,Rejected
4986,4986,2,2026-03-02,Shortlisted
4987,4987,2,2026-03-03,Shortlisted
4988,4988,5,2025-12-11,Rejected
4989,4989,6,2026-09-06,Shortlisted
4990,4990,3,2026-06-07,Shortlisted
4991,4991,1,2026-07-05,Shortlisted
4992,4992,6,2026-06-30,Rejected
4993,4993,2,2026-04-23,Rejected
4994,4994,3,2026-03-26,Rejected
4995,4995,3,2026-06-26,Shortlisted
4996,4996,6,2026-01-25,Shortlisted
4997,4997,5,2026-06-23,Rejected
4998,4998,3,2026-08-16,Rejected
4999,4999,3,2026-07-22,Rejected
5000,5000,1,2026-06-02,Shortlisted
