candidate_id,candidate_name,gender,age,university,degree,graduation_year,location,source
1,Candidate 0001,Male,20,University of Kelaniya,Software Engineering,2026,Galle,Company Website
2,Candidate 0002,Male,24,University of Ruhuna,Computer Science,2026,Kandy,LinkedIn
3,Candidate 0003,Male,24,University of Sri Jayewardenepura,Marketing,2026,Matara,Company Website
4,Candidate 0004,Male,26,University of Moratuwa,Marketing,2027,Kurunegala,LinkedIn
5,Candidate 0005,Female,20,University of Peradeniya,Marketing,2026,Batticaloa,Job Portal
6,Candidate 0006,Female,26,University of Colombo,Human Resource Management,2028,Kandy,Email Campaign
7,Candidate 0007,Female,20,Wayamba University,Business Management,2028,Negombo,Job Portal
8,Candidate 0008,Female,24,University of Sri Jayewardenepura,Information Technology,2026,Jaffna,Job Portal
9,Candidate 0009,Male,26,University of Sri Jayewardenepura,Information Technology,2027,Kurunegala,University Career Fair
10,Candidate 0010,Female,21,South Eastern University of Sri Lanka,Finance,2026,Kurunegala,Company Website
11,Candidate 0011,Male,24,University of Moratuwa,Software Engineering,2026,Matara,Referral
12,Candidate 0012,Male,25,South Eastern University of Sri Lanka,Computer Science,2026,Colombo,Job Portal
13,Candidate 0013,Female,22,University of Peradeniya,Software Engineering,2028,Batticaloa,LinkedIn
14,Candidate 0014,Female,23,Sabaragamuwa University,Data Science,2027,Galle,LinkedIn
15,Candidate 0015,Female,25,Uva Wellassa University,Marketing,2028,Ampara,Referral
16,Candidate 0016,Male,24,Sabaragamuwa University,Information Technology,2026,Kandy,LinkedIn
17,Candidate 0017,Male,26,University of Ruhuna,Information Technology,2027,Ampara,Company Website
18,Candidate 0018,Female,24,University of Kelaniya,Computer Science,2028,Kandy,Company Website
19,Candidate 0019,Female,26,South Eastern University of Sri Lanka,Information Technology,2027,Ampara,LinkedIn
20,Candidate 0020,Male,25,University of Kelaniya,Data Science,2028,Kandy,Job Portal
21,Candidate 0021,Female,26,Wayamba University,Software Engineering,2026,Batticaloa,Job Portal
22,Candidate 0022,Male,24,South Eastern University of Sri Lanka,Human Resource Management,2026,Kandy,Job Portal
23,Candidate 0023,Female,21,University of Colombo,Software Engineering,2028,Kandy,LinkedIn
24,Candidate 0024,Female,26,University of Peradeniya,Data Science,2026,Matara,Job Portal
25,Candidate 0025,Male,22,Wayamba University,Marketing,2026,Anuradhapura,Job Portal
26,Candidate 0026,Male,25,University of Kelaniya,Marketing,2028,Batticaloa,University Career Fair
27,Candidate 0027,Female,20,University of Sri Jayewardenepura,Software Engineering,2026,Batticaloa,LinkedIn
28,Candidate 0028,Male,24,University of Sri Jayewardenepura,Computer Science,2026,Colombo,LinkedIn
29,Candidate 0029,Male,26,South Eastern University of Sri Lanka,Information Technology,2028,Jaffna,Referral
30,Candidate 0030,Female,21,Wayamba University,Data Science,2028,Negombo,Company Website
31,Candidate 0031,Male,26,Sabaragamuwa University,Marketing,2026,Kandy,LinkedIn
32,Candidate 0032,Female,22,University of Ruhuna,Marketing,2027,Colombo,Company Website
33,Candidate 0033,Male,20,University of Ruhuna,Finance,2026,Jaffna,LinkedIn
34,Candidate 0034,Female,21,University of Ruhuna,Data Science,2027,Matara,LinkedIn
35,Candidate 0035,Male,23,Wayamba University,Information Technology,2026,Anuradhapura,Job Portal
36,Candidate 0036,Male,26,University of Sri Jayewardenepura,Data Science,2027,Matara,University Career Fair
37,Candidate 0037,Female,20,University of Moratuwa,Marketing,2026,Ampara,Referral
38,Candidate 0038,Female,22,University of Ruhuna,Human Resource Management,2026,Jaffna,Referral
39,Candidate 0039,Male,24,Wayamba University,Computer Science,2028,Batticaloa,LinkedIn
40,Candidate 0040,Female,24,Wayamba University,Data Science,2026,Anuradhapura,LinkedIn
41,Candidate 0041,Male,20,Uva Wellassa University,Information Technology,2028,Jaffna,University Career Fair
42,Candidate 0042,Male,24,Uva Wellassa University,Computer Science,2028,Kandy,University Career Fair
43,Candidate 0043,Female,22,University of Sri Jayewardenepura,Finance,2026,Kurunegala,Referral
44,Candidate 0044,Female,23,South Eastern University of Sri Lanka,Information Technology,2026,Matara,Company Website
45,Candidate 0045,Male,20,Wayamba University,Software Engineering,2028,Kurunegala,LinkedIn
46,Candidate 0046,Female,20,University of Sri Jayewardenepura,Finance,2027,Galle,University Career Fair
47,Candidate 0047,Female,24,Wayamba University,Computer Science,2028,Anuradhapura,Referral
48,Candidate 0048,Male,21,University of Kelaniya,Information Technology,2026,Anuradhapura,LinkedIn
49,Candidate 0049,Female,24,University of Sri Jayewardenepura,Finance,2026,Kurunegala,University Career Fair
50,Candidate 0050,Female,26,University of Colombo,Information Technology,2028,Ampara,Job Portal
51,Candidate 0051,Male,20,South Eastern University of Sri Lanka,Data Science,2028,Kurunegala,LinkedIn
52,Candidate 0052,Female,24,University of Ruhuna,Computer Science,2026,Kandy,Job Portal
53,Candidate 0053,Male,24,University of Colombo,Finance,2028,Anuradhapura,LinkedIn
54,Candidate 0054,Male,20,University of Kelaniya,Finance,2026,Batticaloa,LinkedIn
55,Candidate 0055,Male,25,University of Peradeniya,Finance,2028,Ampara,Email Campaign
56,Candidate 0056,Male,21,University of Moratuwa,Data Science,2027,Colombo,LinkedIn
57,Candidate 0057,Female,26,University of Ruhuna,Software Engineering,2027,Galle,Job Portal
58,Candidate 0058,Male,23,University of Colombo,Human Resource Management,2026,Jaffna,Job Portal
59,Candidate 0059,Female,22,University of Kelaniya,Software Engineering,2026,Colombo,Company Website
60,Candidate 0060,Female,22,University of Kelaniya,Information Technology,2027,Batticaloa,Company Website
61,Candidate 0061,Female,25,Wayamba University,Finance,2026,Kandy,Job Portal
62,Candidate 0062,Female,21,Uva Wellassa University,Business Management,2026,Kandy,Company Website
63,Candidate 0063,Female,25,South Eastern University of Sri Lanka,Marketing,2028,Anuradhapura,LinkedIn
64,Candidate 0064,Male,22,University of Colombo,Marketing,2026,Anuradhapura,Job Portal
65,Candidate 0065,Male,22,University of Ruhuna,Information Technology,2028,Batticaloa,Company Website
66,Candidate 0066,Male,25,University of Kelaniya,Business Management,2028,Ampara,Referral
67,Candidate 0067,Female,24,University of Moratuwa,Software Engineering,2027,Ampara,Company Website
68,Candidate 0068,Male,24,Uva Wellassa University,Business Management,2027,Anuradhapura,Job Portal
69,Candidate 0069,Female,22,University of Sri Jayewardenepura,Marketing,2028,Negombo,Company Website
70,Candidate 0070,Female,23,Sabaragamuwa University,Software Engineering,2028,Matara,Job Portal
71,Candidate 0071,Male,25,University of Peradeniya,Business Management,2028,Negombo,Referral
72,Candidate 0072,Male,25,University of Kelaniya,Software Engineering,2026,Galle,LinkedIn
73,Candidate 0073,Male,23,Uva Wellassa University,Information Technology,2027,Ampara,Job Portal
74,Candidate 0074,Male,25,University of Ruhuna,Human Resource Management,2027,Jaffna,LinkedIn
75,Candidate 0075,Male,26,University of Peradeniya,Marketing,2026,Galle,Job Portal
76,Candidate 0076,Female,20,Wayamba University,Software Engineering,2026,Matara,LinkedIn
77,Candidate 0077,Female,25,Wayamba University,Finance,2027,Negombo,Job Portal
78,Candidate 0078,Female,26,Wayamba University,Human Resource Management,2026,Matara,University Career Fair
79,Candidate 0079,Male,26,University of Kelaniya,Human Resource Management,2028,Jaffna,Referral
80,Candidate 0080,Male,25,University of Kelaniya,Software Engineering,2027,Batticaloa,Referral
81,Candidate 0081,Male,21,University of Moratuwa,Software Engineering,2027,Galle,Company Website
82,Candidate 0082,Male,23,University of Ruhuna,Finance,2028,Matara,University Career Fair
83,Candidate 0083,Male,26,University of Ruhuna,Marketing,2028,Colombo,Job Portal
84,Candidate 0084,Female,23,University of Colombo,Finance,2027,Ampara,Job Portal
85,Candidate 0085,Female,24,Wayamba University,Software Engineering,2027,Jaffna,Referral
86,Candidate 0086,Female,20,University of Ruhuna,Finance,2028,Ampara,Company Website
87,Candidate 0087,Female,21,Uva Wellassa University,Computer Science,2027,Negombo,Company Website
88,Candidate 0088,Male,20,University of Ruhuna,Data Science,2027,Galle,LinkedIn
89,Candidate 0089,Female,22,University of Sri Jayewardenepura,Human Resource Management,2027,Batticaloa,Job Portal
90,Candidate 0090,Female,22,University of Ruhuna,Business Management,2026,Matara,LinkedIn
91,Candidate 0091,Male,22,University of Sri Jayewardenepura,Information Technology,2028,Colombo,Job Portal
92,Candidate 0092,Male,21,University of Colombo,Data Science,2026,Galle,University Career Fair
93,Candidate 0093,Male,24,University of Sri Jayewardenepura,Human Resource Management,2028,Kurunegala,Job Portal
94,Candidate 0094,Male,24,Uva Wellassa University,Information Technology,2026,Kurunegala,LinkedIn
95,Candidate 0095,Male,22,Uva Wellassa University,Marketing,2027,Jaffna,LinkedIn
96,Candidate 0096,Male,20,University of Kelaniya,Information Technology,2028,Colombo,Referral
97,Candidate 0097,Female,25,South Eastern University of Sri Lanka,Information Technology,2028,Batticaloa,LinkedIn
98,Candidate 0098,Female,26,Sabaragamuwa University,Information Technology,2027,Batticaloa,Company Website
99,Candidate 0099,Female,25,University of Moratuwa,Marketing,2026,Anuradhapura,Email Campaign
100,Candidate 0100,Female,24,Wayamba University,Human Resource Management,2027,Ampara,Job Portal
101,Candidate 0101,Female,22,University of Sri Jayewardenepura,Information Technology,2027,Matara,LinkedIn
102,Candidate 0102,Female,24,Uva Wellassa University,Marketing,2027,Colombo,University Career Fair
103,Candidate 0103,Female,21,Sabaragamuwa University,Software Engineering,2027,Kurunegala,Referral
104,Candidate 0104,Female,24,University of Colombo,Software Engineering,2026,Jaffna,Company Website
105,Candidate 0105,Female,24,University of Sri Jayewardenepura,Human Resource Management,2028,Matara,University Career Fair
106,Candidate 0106,Male,20,University of Kelaniya,Software Engineering,2027,Jaffna,Referral
107,Candidate 0107,Female,23,Wayamba University,Finance,2027,Anuradhapura,Referral
108,Candidate 0108,Female,22,University of Kelaniya,Business Management,2026,Kandy,Company Website
109,Candidate 0109,Female,20,Wayamba University,Data Science,2026,Jaffna,Company Website
110,Candidate 0110,Female,25,Uva Wellassa University,Business Management,2026,Jaffna,Referral
111,Candidate 0111,Female,21,University of Kelaniya,Computer Science,2028,Anuradhapura,LinkedIn
112,Candidate 0112,Male,20,Wayamba University,Business Management,2028,Galle,Company Website
113,Candidate 0113,Female,20,University of Colombo,Business Management,2027,Matara,University Career Fair
114,Candidate 0114,Male,20,University of Kelaniya,Human Resource Management,2026,Kandy,University Career Fair
115,Candidate 0115,Male,24,University of Colombo,Data Science,2026,Negombo,Job Portal
116,Candidate 0116,Male,21,University of Peradeniya,Marketing,2028,Negombo,Job Portal
117,Candidate 0117,Male,26,Wayamba University,Marketing,2027,Matara,Referral
118,Candidate 0118,Female,22,Uva Wellassa University,Computer Science,2028,Kandy,Job Portal
119,Candidate 0119,Male,25,University of Sri Jayewardenepura,Business Management,2028,Kandy,LinkedIn
120,Candidate 0120,Male,24,University of Peradeniya,Data Science,2026,Ampara,University Career Fair
121,Candidate 0121,Female,22,University of Colombo,Software Engineering,2027,Kurunegala,Company Website
122,Candidate 0122,Female,20,University of Sri Jayewardenepura,Business Management,2028,Negombo,Company Website
123,Candidate 0123,Male,23,University of Peradeniya,Software Engineering,2028,Galle,Job Portal
124,Candidate 0124,Male,20,University of Colombo,Data Science,2027,Negombo,Company Website
125,Candidate 0125,Female,23,University of Peradeniya,Human Resource Management,2028,Kurunegala,Company Website
126,Candidate 0126,Female,24,Wayamba University,Human Resource Management,2027,Kandy,Company Website
127,Candidate 0127,Female,25,South Eastern University of Sri Lanka,Business Management,2026,Kandy,LinkedIn
128,Candidate 0128,Male,26,University of Kelaniya,Computer Science,2026,Matara,University Career Fair
129,Candidate 0129,Female,22,University of Moratuwa,Marketing,2028,Matara,Email Campaign
130,Candidate 0130,Female,22,University of Ruhuna,Finance,2027,Kandy,Job Portal
131,Candidate 0131,Female,23,Sabaragamuwa University,Business Management,2028,Ampara,Job Portal
132,Candidate 0132,Male,23,University of Peradeniya,Finance,2027,Batticaloa,LinkedIn
133,Candidate 0133,Female,26,Wayamba University,Computer Science,2028,Anuradhapura,University Career Fair
134,Candidate 0134,Male,21,Wayamba University,Finance,2028,Matara,Company Website
135,Candidate 0135,Male,21,University of Kelaniya,Data Science,2027,Matara,Job Portal
136,Candidate 0136,Female,20,University of Colombo,Software Engineering,2028,Galle,Referral
137,Candidate 0137,Male,24,University of Ruhuna,Information Technology,2026,Kandy,University Career Fair
138,Candidate 0138,Male,25,University of Moratuwa,Human Resource Management,2028,Kurunegala,University Career Fair
139,Candidate 0139,Female,23,Sabaragamuwa University,Human Resource Management,2026,Matara,Company Website
140,Candidate 0140,Female,21,Uva Wellassa University,Data Science,2026,Kurunegala,Job Portal
141,Candidate 0141,Female,22,Wayamba University,Business Management,2026,Kurunegala,Company Website
142,Candidate 0142,Female,26,University of Moratuwa,Human Resource Management,2028,Matara,Referral
143,Candidate 0143,Female,23,South Eastern University of Sri Lanka,Software Engineering,2028,Jaffna,Company Website
144,Candidate 0144,Male,26,University of Ruhuna,Computer Science,2027,Matara,Company Website
145,Candidate 0145,Female,23,University of Moratuwa,Human Resource Management,2026,Galle,University Career Fair
146,Candidate 0146,Female,26,University of Peradeniya,Human Resource Management,2026,Anuradhapura,Job Portal
147,Candidate 0147,Male,25,University of Moratuwa,Marketing,2028,Galle,LinkedIn
148,Candidate 0148,Female,22,Uva Wellassa University,Marketing,2028,Kandy,Job Portal
149,Candidate 0149,Female,22,Sabaragamuwa University,Computer Science,2028,Kandy,LinkedIn
150,Candidate 0150,Female,21,University of Peradeniya,Marketing,2026,Kandy,University Career Fair
151,Candidate 0151,Female,20,University of Colombo,Finance,2026,Kurunegala,Referral
152,Candidate 0152,Female,21,University of Sri Jayewardenepura,Marketing,2028,Galle,LinkedIn
153,Candidate 0153,Male,24,University of Ruhuna,Software Engineering,2027,Negombo,LinkedIn
154,Candidate 0154,Female,25,University of Kelaniya,Human Resource Management,2027,Colombo,Job Portal
155,Candidate 0155,Female,22,Wayamba University,Data Science,2026,Matara,Job Portal
156,Candidate 0156,Female,25,University of Ruhuna,Business Management,2027,Kurunegala,LinkedIn
157,Candidate 0157,Female,26,Sabaragamuwa University,Information Technology,2026,Ampara,Company Website
158,Candidate 0158,Female,25,University of Kelaniya,Computer Science,2028,Ampara,Referral
159,Candidate 0159,Male,24,Sabaragamuwa University,Business Management,2026,Negombo,Job Portal
160,Candidate 0160,Male,25,University of Sri Jayewardenepura,Business Management,2028,Galle,Company Website
161,Candidate 0161,Male,22,Sabaragamuwa University,Computer Science,2028,Batticaloa,Company Website
162,Candidate 0162,Male,22,South Eastern University of Sri Lanka,Marketing,2026,Jaffna,LinkedIn
163,Candidate 0163,Female,24,Wayamba University,Business Management,2026,Kurunegala,Job Portal
164,Candidate 0164,Female,26,University of Kelaniya,Finance,2026,Matara,Email Campaign
165,Candidate 0165,Male,26,University of Sri Jayewardenepura,Marketing,2028,Batticaloa,LinkedIn
166,Candidate 0166,Female,20,University of Kelaniya,Information Technology,2027,Batticaloa,Company Website
167,Candidate 0167,Female,24,University of Ruhuna,Finance,2026,Jaffna,University Career Fair
168,Candidate 0168,Female,24,University of Sri Jayewardenepura,Information Technology,2028,Matara,Job Portal
169,Candidate 0169,Female,25,University of Ruhuna,Information Technology,2026,Colombo,Job Portal
170,Candidate 0170,Female,23,University of Peradeniya,Information Technology,2026,Anuradhapura,LinkedIn
171,Candidate 0171,Female,22,Wayamba University,Marketing,2028,Galle,Job Portal
172,Candidate 0172,Male,26,Sabaragamuwa University,Marketing,2027,Colombo,Company Website
173,Candidate 0173,Male,23,Sabaragamuwa University,Software Engineering,2027,Kandy,Email Campaign
174,Candidate 0174,Female,24,South Eastern University of Sri Lanka,Computer Science,2027,Kurunegala,LinkedIn
175,Candidate 0175,Male,26,Sabaragamuwa University,Information Technology,2028,Jaffna,Company Website
176,Candidate 0176,Male,20,South Eastern University of Sri Lanka,Software Engineering,2026,Negombo,LinkedIn
177,Candidate 0177,Male,24,University of Sri Jayewardenepura,Software Engineering,2027,Galle,Job Portal
178,Candidate 0178,Male,22,University of Moratuwa,Data Science,2028,Kurunegala,Job Portal
179,Candidate 0179,Male,25,University of Colombo,Data Science,2026,Batticaloa,Job Portal
180,Candidate 0180,Male,24,South Eastern University of Sri Lanka,Computer Science,2026,Kurunegala,LinkedIn
181,Candidate 0181,Female,24,University of Peradeniya,Information Technology,2027,Matara,Job Portal
182,Candidate 0182,Male,23,Wayamba University,Software Engineering,2028,Colombo,Company Website
183,Candidate 0183,Female,23,University of Colombo,Computer Science,2027,Ampara,University Career Fair
184,Candidate 0184,Male,23,Sabaragamuwa University,Information Technology,2026,Batticaloa,Company Website
185,Candidate 0185,Male,21,University of Kelaniya,Finance,2027,Negombo,University Career Fair
186,Candidate 0186,Female,24,Uva Wellassa University,Marketing,2026,Kandy,Job Portal
187,Candidate 0187,Male,23,Sabaragamuwa University,Software Engineering,2027,Batticaloa,Job Portal
188,Candidate 0188,Female,23,University of Peradeniya,Finance,2027,Batticaloa,Company Website
189,Candidate 0189,Female,21,Sabaragamuwa University,Information Technology,2026,Kandy,LinkedIn
190,Candidate 0190,Male,25,South Eastern University of Sri Lanka,Data Science,2028,Colombo,Company Website
191,Candidate 0191,Female,25,University of Peradeniya,Marketing,2027,Ampara,Job Portal
192,Candidate 0192,Male,22,Uva Wellassa University,Business Management,2027,Kandy,Company Website
193,Candidate 0193,Male,21,Sabaragamuwa University,Software Engineering,2026,Batticaloa,Job Portal
194,Candidate 0194,Female,20,University of Kelaniya,Software Engineering,2027,Anuradhapura,Email Campaign
195,Candidate 0195,Male,24,University of Kelaniya,Computer Science,2026,Kurunegala,Company Website
196,Candidate 0196,Female,22,South Eastern University of Sri Lanka,Computer Science,2026,Galle,Company Website
197,Candidate 0197,Female,20,University of Moratuwa,Computer Science,2026,Anuradhapura,LinkedIn
198,Candidate 0198,Female,23,South Eastern University of Sri Lanka,Data Science,2027,Kurunegala,Company Website
199,Candidate 0199,Male,20,University of Moratuwa,Data Science,2028,Colombo,Company Website
200,Candidate 0200,Female,23,University of Ruhuna,Human Resource Management,2028,Matara,University Career Fair
201,Candidate 0201,Male,26,Wayamba University,Information Technology,2027,Ampara,LinkedIn
202,Candidate 0202,Female,24,University of Kelaniya,Computer Science,2026,Ampara,Email Campaign
203,Candidate 0203,Male,20,University of Sri Jayewardenepura,Business Management,2026,Galle,Job Portal
204,Candidate 0204,Female,22,University of Peradeniya,Computer Science,2027,Ampara,LinkedIn
205,Candidate 0205,Female,24,University of Sri Jayewardenepura,Finance,2026,Ampara,Job Portal
206,Candidate 0206,Male,23,University of Colombo,Human Resource Management,2026,Batticaloa,Company Website
207,Candidate 0207,Female,25,University of Ruhuna,Business Management,2026,Ampara,LinkedIn
208,Candidate 0208,Female,21,Uva Wellassa University,Human Resource Management,2028,Batticaloa,LinkedIn
209,Candidate 0209,Male,21,University of Ruhuna,Marketing,2028,Kandy,Referral
210,Candidate 0210,Female,25,South Eastern University of Sri Lanka,Software Engineering,2027,Galle,LinkedIn
211,Candidate 0211,Male,24,Wayamba University,Software Engineering,2027,Batticaloa,Company Website
212,Candidate 0212,Male,21,University of Peradeniya,Data Science,2027,Jaffna,LinkedIn
213,Candidate 0213,Male,26,University of Peradeniya,Data Science,2028,Matara,University Career Fair
214,Candidate 0214,Female,25,Uva Wellassa University,Finance,2028,Batticaloa,LinkedIn
215,Candidate 0215,Male,23,Sabaragamuwa University,Business Management,2027,Negombo,LinkedIn
216,Candidate 0216,Male,22,Sabaragamuwa University,Human Resource Management,2026,Colombo,Referral
217,Candidate 0217,Female,20,University of Peradeniya,Marketing,2027,Negombo,Company Website
218,Candidate 0218,Male,23,Uva Wellassa University,Software Engineering,2027,Negombo,University Career Fair
219,Candidate 0219,Male,20,Sabaragamuwa University,Information Technology,2027,Kandy,University Career Fair
220,Candidate 0220,Male,20,University of Sri Jayewardenepura,Human Resource Management,2027,Anuradhapura,University Career Fair
221,Candidate 0221,Male,22,South Eastern University of Sri Lanka,Business Management,2027,Ampara,Job Portal
222,Candidate 0222,Male,26,South Eastern University of Sri Lanka,Information Technology,2027,Kandy,Company Website
223,Candidate 0223,Female,22,University of Kelaniya,Data Science,2027,Kandy,Company Website
224,Candidate 0224,Male,22,University of Kelaniya,Marketing,2026,Negombo,Company Website
225,Candidate 0225,Male,22,Wayamba University,Marketing,2028,Batticaloa,Job Portal
226,Candidate 0226,Male,25,University of Ruhuna,Finance,2026,Batticaloa,Referral
227,Candidate 0227,Male,22,Sabaragamuwa University,Software Engineering,2026,Galle,LinkedIn
228,Candidate 0228,Female,26,University of Peradeniya,Computer Science,2028,Batticaloa,Job Portal
229,Candidate 0229,Male,24,University of Ruhuna,Data Science,2026,Galle,Job Portal
230,Candidate 0230,Male,25,Sabaragamuwa University,Computer Science,2027,Batticaloa,Company Website
231,Candidate 0231,Male,23,Uva Wellassa University,Business Management,2028,Matara,LinkedIn
232,Candidate 0232,Male,22,Sabaragamuwa University,Software Engineering,2027,Negombo,Email Campaign
233,Candidate 0233,Female,26,University of Kelaniya,Marketing,2028,Anuradhapura,University Career Fair
234,Candidate 0234,Male,26,University of Sri Jayewardenepura,Data Science,2027,Colombo,Company Website
235,Candidate 0235,Female,24,University of Peradeniya,Information Technology,2027,Kandy,Job Portal
236,Candidate 0236,Female,23,Wayamba University,Data Science,2027,Kandy,Job Portal
237,Candidate 0237,Male,26,Sabaragamuwa University,Finance,2026,Ampara,LinkedIn
238,Candidate 0238,Female,21,University of Ruhuna,Information Technology,2027,Jaffna,LinkedIn
239,Candidate 0239,Male,26,South Eastern University of Sri Lanka,Data Science,2026,Colombo,Referral
240,Candidate 0240,Female,25,University of Moratuwa,Human Resource Management,2027,Negombo,LinkedIn
241,Candidate 0241,Male,20,University of Kelaniya,Software Engineering,2026,Anuradhapura,Job Portal
242,Candidate 0242,Female,20,University of Kelaniya,Software Engineering,2027,Kandy,LinkedIn
243,Candidate 0243,Female,25,Uva Wellassa University,Human Resource Management,2026,Kandy,Job Portal
244,Candidate 0244,Female,24,Wayamba University,Computer Science,2028,Anuradhapura,Company Website
245,Candidate 0245,Male,22,University of Ruhuna,Computer Science,2028,Batticaloa,LinkedIn
246,Candidate 0246,Female,21,University of Peradeniya,Finance,2026,Anuradhapura,University Career Fair
247,Candidate 0247,Male,23,Sabaragamuwa University,Computer Science,2028,Ampara,Email Campaign
248,Candidate 0248,Female,25,University of Colombo,Finance,2026,Batticaloa,LinkedIn
249,Candidate 0249,Male,26,Uva Wellassa University,Finance,2026,Colombo,Referral
250,Candidate 0250,Female,26,University of Moratuwa,Human Resource Management,2028,Matara,Company Website
251,Candidate 0251,Male,20,Sabaragamuwa University,Computer Science,2027,Jaffna,LinkedIn
252,Candidate 0252,Male,20,South Eastern University of Sri Lanka,Business Management,2028,Ampara,Email Campaign
253,Candidate 0253,Female,22,University of Colombo,Software Engineering,2027,Batticaloa,Job Portal
254,Candidate 0254,Male,26,South Eastern University of Sri Lanka,Business Management,2026,Batticaloa,University Career Fair
255,Candidate 0255,Female,25,Sabaragamuwa University,Marketing,2027,Galle,University Career Fair
256,Candidate 0256,Female,22,Wayamba University,Business Management,2026,Ampara,LinkedIn
257,Candidate 0257,Male,24,University of Kelaniya,Finance,2026,Kandy,Referral
258,Candidate 0258,Female,22,Sabaragamuwa University,Marketing,2026,Matara,Referral
259,Candidate 0259,Male,25,South Eastern University of Sri Lanka,Marketing,2027,Colombo,LinkedIn
260,Candidate 0260,Female,22,Wayamba University,Data Science,2026,Galle,Job Portal
261,Candidate 0261,Female,20,University of Moratuwa,Information Technology,2026,Batticaloa,Referral
262,Candidate 0262,Male,24,University of Moratuwa,Human Resource Management,2027,Batticaloa,University Career Fair
263,Candidate 0263,Male,24,University of Moratuwa,Finance,2027,Batticaloa,Company Website
264,Candidate 0264,Male,20,University of Colombo,Data Science,2027,Anuradhapura,Referral
265,Candidate 0265,Male,22,University of Kelaniya,Human Resource Management,2026,Negombo,Referral
266,Candidate 0266,Female,21,University of Peradeniya,Data Science,2026,Matara,LinkedIn
267,Candidate 0267,Female,20,South Eastern University of Sri Lanka,Finance,2028,Kandy,University Career Fair
268,Candidate 0268,Female,22,University of Moratuwa,Data Science,2027,Anuradhapura,LinkedIn
269,Candidate 0269,Male,26,University of Moratuwa,Software Engineering,2027,Colombo,Referral
270,Candidate 0270,Female,23,Wayamba University,Data Science,2028,Kandy,LinkedIn
271,Candidate 0271,Female,25,Sabaragamuwa University,Marketing,2027,Negombo,LinkedIn
272,Candidate 0272,Female,25,University of Peradeniya,Human Resource Management,2027,Anuradhapura,Referral
273,Candidate 0273,Male,26,University of Moratuwa,Marketing,2028,Colombo,Job Portal
274,Candidate 0274,Male,22,University of Moratuwa,Data Science,2027,Jaffna,Referral
275,Candidate 0275,Female,26,University of Peradeniya,Business Management,2026,Anuradhapura,Referral
276,Candidate 0276,Female,24,Wayamba University,Information Technology,2028,Galle,Company Website
277,Candidate 0277,Male,21,Uva Wellassa University,Finance,2028,Colombo,Job Portal
278,Candidate 0278,Male,20,University of Colombo,Business Management,2028,Jaffna,Job Portal
279,Candidate 0279,Female,24,University of Colombo,Human Resource Management,2028,Anuradhapura,Referral
280,Candidate 0280,Female,23,University of Sri Jayewardenepura,Marketing,2027,Matara,LinkedIn
281,Candidate 0281,Male,21,Sabaragamuwa University,Marketing,2027,Matara,LinkedIn
282,Candidate 0282,Male,22,South Eastern University of Sri Lanka,Finance,2027,Galle,Job Portal
283,Candidate 0283,Male,22,University of Sri Jayewardenepura,Human Resource Management,2026,Kurunegala,University Career Fair
284,Candidate 0284,Male,20,University of Colombo,Business Management,2027,Negombo,University Career Fair
285,Candidate 0285,Male,26,South Eastern University of Sri Lanka,Finance,2026,Galle,University Career Fair
286,Candidate 0286,Female,23,University of Kelaniya,Human Resource Management,2026,Kandy,Job Portal
287,Candidate 0287,Female,21,University of Sri Jayewardenepura,Finance,2026,Colombo,Referral
288,Candidate 0288,Female,22,Wayamba University,Computer Science,2026,Ampara,LinkedIn
289,Candidate 0289,Female,25,South Eastern University of Sri Lanka,Marketing,2027,Colombo,University Career Fair
290,Candidate 0290,Male,22,Wayamba University,Business Management,2026,Ampara,University Career Fair
291,Candidate 0291,Female,26,Uva Wellassa University,Information Technology,2026,Kandy,Referral
292,Candidate 0292,Female,24,South Eastern University of Sri Lanka,Data Science,2026,Negombo,University Career Fair
293,Candidate 0293,Male,20,University of Colombo,Data Science,2028,Batticaloa,Job Portal
294,Candidate 0294,Female,21,Uva Wellassa University,Data Science,2027,Negombo,Referral
295,Candidate 0295,Female,24,University of Kelaniya,Finance,2028,Anuradhapura,University Career Fair
296,Candidate 0296,Female,23,University of Colombo,Finance,2027,Kandy,Email Campaign
297,Candidate 0297,Female,26,University of Colombo,Human Resource Management,2027,Negombo,Company Website
298,Candidate 0298,Male,24,Sabaragamuwa University,Data Science,2028,Negombo,Job Portal
299,Candidate 0299,Female,21,University of Sri Jayewardenepura,Computer Science,2028,Kandy,LinkedIn
300,Candidate 0300,Female,22,University of Ruhuna,Data Science,2027,Jaffna,University Career Fair
301,Candidate 0301,Female,26,University of Colombo,Data Science,2028,Jaffna,Company Website
302,Candidate 0302,Female,24,University of Ruhuna,Finance,2026,Matara,Job Portal
303,Candidate 0303,Female,24,South Eastern University of Sri Lanka,Business Management,2028,Matara,LinkedIn
304,Candidate 0304,Male,22,Wayamba University,Business Management,2026,Kurunegala,Job Portal
305,Candidate 0305,Male,25,Sabaragamuwa University,Finance,2027,Batticaloa,Company Website
306,Candidate 0306,Female,22,University of Peradeniya,Marketing,2027,Batticaloa,Email Campaign
307,Candidate 0307,Male,22,University of Colombo,Business Management,2028,Kandy,Referral
308,Candidate 0308,Female,25,University of Kelaniya,Human Resource Management,2026,Jaffna,Job Portal
309,Candidate 0309,Female,24,University of Kelaniya,Data Science,2026,Negombo,Company Website
310,Candidate 0310,Male,21,University of Colombo,Software Engineering,2028,Jaffna,LinkedIn
311,Candidate 0311,Female,22,Sabaragamuwa University,Information Technology,2028,Galle,LinkedIn
312,Candidate 0312,Male,23,Sabaragamuwa University,Human Resource Management,2028,Jaffna,Job Portal
313,Candidate 0313,Female,22,University of Kelaniya,Computer Science,2026,Negombo,LinkedIn
314,Candidate 0314,Male,21,University of Ruhuna,Data Science,2026,Ampara,Job Portal
315,Candidate 0315,Male,25,University of Kelaniya,Computer Science,2026,Kurunegala,Company Website
316,Candidate 0316,Male,22,University of Kelaniya,Human Resource Management,2028,Anuradhapura,University Career Fair
317,Candidate 0317,Male,26,Wayamba University,Human Resource Management,2027,Jaffna,Job Portal
318,Candidate 0318,Female,21,Sabaragamuwa University,Business Management,2028,Galle,LinkedIn
319,Candidate 0319,Female,26,University of Kelaniya,Software Engineering,2026,Negombo,Job Portal
320,Candidate 0320,Female,26,University of Ruhuna,Finance,2026,Ampara,Company Website
321,Candidate 0321,Male,21,Sabaragamuwa University,Finance,2026,Colombo,Referral
322,Candidate 0322,Male,23,University of Kelaniya,Finance,2027,Negombo,Company Website
323,Candidate 0323,Male,22,South Eastern University of Sri Lanka,Software Engineering,2026,Kandy,University Career Fair
324,Candidate 0324,Male,23,Wayamba University,Business Management,2028,Kandy,Company Website
325,Candidate 0325,Female,22,Uva Wellassa University,Software Engineering,2026,Galle,University Career Fair
326,Candidate 0326,Female,25,Uva Wellassa University,Finance,2027,Anuradhapura,Job Portal
327,Candidate 0327,Male,26,University of Sri Jayewardenepura,Information Technology,2028,Matara,University Career Fair
328,Candidate 0328,Female,20,Uva Wellassa University,Information Technology,2026,Anuradhapura,Job Portal
329,Candidate 0329,Male,24,Wayamba University,Data Science,2026,Batticaloa,Job Portal
330,Candidate 0330,Female,20,University of Sri Jayewardenepura,Human Resource Management,2026,Anuradhapura,University Career Fair
331,Candidate 0331,Male,23,University of Moratuwa,Marketing,2027,Negombo,LinkedIn
332,Candidate 0332,Female,25,University of Kelaniya,Computer Science,2027,Kurunegala,Job Portal
333,Candidate 0333,Male,24,University of Peradeniya,Computer Science,2027,Batticaloa,Company Website
334,Candidate 0334,Male,20,Sabaragamuwa University,Computer Science,2027,Ampara,LinkedIn
335,Candidate 0335,Male,26,University of Ruhuna,Finance,2027,Matara,Job Portal
336,Candidate 0336,Female,23,University of Peradeniya,Data Science,2028,Batticaloa,LinkedIn
337,Candidate 0337,Female,24,University of Moratuwa,Software Engineering,2026,Colombo,Email Campaign
338,Candidate 0338,Female,25,Wayamba University,Marketing,2028,Ampara,Job Portal
339,Candidate 0339,Male,23,South Eastern University of Sri Lanka,Data Science,2027,Jaffna,Job Portal
340,Candidate 0340,Male,20,University of Ruhuna,Computer Science,2026,Jaffna,LinkedIn
341,Candidate 0341,Male,23,Uva Wellassa University,Computer Science,2026,Colombo,University Career Fair
342,Candidate 0342,Male,24,University of Sri Jayewardenepura,Computer Science,2026,Anuradhapura,Email Campaign
343,Candidate 0343,Male,26,Uva Wellassa University,Finance,2028,Negombo,Job Portal
344,Candidate 0344,Female,21,University of Kelaniya,Data Science,2028,Anuradhapura,LinkedIn
345,Candidate 0345,Female,22,University of Colombo,Data Science,2028,Ampara,Company Website
346,Candidate 0346,Male,22,University of Ruhuna,Finance,2028,Ampara,University Career Fair
347,Candidate 0347,Female,23,University of Moratuwa,Human Resource Management,2026,Jaffna,Referral
348,Candidate 0348,Male,26,Sabaragamuwa University,Computer Science,2028,Ampara,Email Campaign
349,Candidate 0349,Male,23,University of Sri Jayewardenepura,Business Management,2026,Batticaloa,Company Website
350,Candidate 0350,Female,26,South Eastern University of Sri Lanka,Information Technology,2028,Jaffna,LinkedIn
351,Candidate 0351,Female,25,Uva Wellassa University,Computer Science,2026,Jaffna,Job Portal
352,Candidate 0352,Male,23,University of Sri Jayewardenepura,Finance,2027,Colombo,LinkedIn
353,Candidate 0353,Male,25,University of Peradeniya,Human Resource Management,2026,Negombo,Company Website
354,Candidate 0354,Female,21,Wayamba University,Finance,2027,Ampara,University Career Fair
355,Candidate 0355,Female,22,University of Kelaniya,Finance,2028,Matara,University Career Fair
356,Candidate 0356,Female,26,South Eastern University of Sri Lanka,Software Engineering,2027,Batticaloa,University Career Fair
357,Candidate 0357,Male,25,University of Moratuwa,Computer Science,2027,Anuradhapura,Job Portal
358,Candidate 0358,Female,22,University of Moratuwa,Software Engineering,2027,Jaffna,Referral
359,Candidate 0359,Male,23,Wayamba University,Finance,2027,Matara,Email Campaign
360,Candidate 0360,Female,23,University of Moratuwa,Finance,2026,Galle,Company Website
361,Candidate 0361,Female,21,Wayamba University,Computer Science,2028,Colombo,Job Portal
362,Candidate 0362,Male,26,University of Colombo,Computer Science,2027,Galle,Job Portal
363,Candidate 0363,Male,20,University of Moratuwa,Computer Science,2026,Anuradhapura,University Career Fair
364,Candidate 0364,Male,24,Uva Wellassa University,Human Resource Management,2028,Matara,LinkedIn
365,Candidate 0365,Female,20,University of Colombo,Business Management,2028,Kurunegala,LinkedIn
366,Candidate 0366,Female,26,University of Moratuwa,Information Technology,2026,Anuradhapura,LinkedIn
367,Candidate 0367,Male,24,Wayamba University,Business Management,2027,Kurunegala,Job Portal
368,Candidate 0368,Male,22,University of Ruhuna,Human Resource Management,2028,Jaffna,Email Campaign
369,Candidate 0369,Male,22,University of Peradeniya,Computer Science,2026,Ampara,Referral
370,Candidate 0370,Female,20,University of Colombo,Data Science,2026,Matara,Job Portal
371,Candidate 0371,Female,24,University of Peradeniya,Computer Science,2026,Jaffna,Job Portal
372,Candidate 0372,Female,22,University of Colombo,Information Technology,2028,Kurunegala,Job Portal
373,Candidate 0373,Male,21,South Eastern University of Sri Lanka,Computer Science,2026,Negombo,LinkedIn
374,Candidate 0374,Female,20,University of Kelaniya,Data Science,2028,Jaffna,Company Website
375,Candidate 0375,Female,25,Wayamba University,Finance,2027,Galle,Job Portal
376,Candidate 0376,Male,24,South Eastern University of Sri Lanka,Computer Science,2026,Ampara,LinkedIn
377,Candidate 0377,Male,22,Uva Wellassa University,Marketing,2027,Colombo,Company Website
378,Candidate 0378,Female,23,University of Sri Jayewardenepura,Finance,2028,Ampara,University Career Fair
379,Candidate 0379,Female,20,Uva Wellassa University,Business Management,2026,Kandy,LinkedIn
380,Candidate 0380,Male,23,University of Moratuwa,Marketing,2027,Batticaloa,LinkedIn
381,Candidate 0381,Male,22,Sabaragamuwa University,Finance,2027,Kandy,LinkedIn
382,Candidate 0382,Male,23,Sabaragamuwa University,Marketing,2026,Colombo,LinkedIn
383,Candidate 0383,Male,24,Uva Wellassa University,Finance,2027,Colombo,Referral
384,Candidate 0384,Female,26,University of Peradeniya,Software Engineering,2028,Anuradhapura,LinkedIn
385,Candidate 0385,Female,21,University of Moratuwa,Business Management,2027,Kurunegala,University Career Fair
386,Candidate 0386,Male,21,University of Ruhuna,Business Management,2027,Kurunegala,University Career Fair
387,Candidate 0387,Male,22,University of Kelaniya,Software Engineering,2028,Matara,Company Website
388,Candidate 0388,Male,23,University of Peradeniya,Data Science,2027,Colombo,Job Portal
389,Candidate 0389,Female,26,Uva Wellassa University,Marketing,2027,Matara,Referral
390,Candidate 0390,Male,22,South Eastern University of Sri Lanka,Software Engineering,2027,Batticaloa,LinkedIn
391,Candidate 0391,Female,22,University of Kelaniya,Human Resource Management,2028,Jaffna,Referral
392,Candidate 0392,Female,26,University of Ruhuna,Finance,2026,Negombo,LinkedIn
393,Candidate 0393,Male,25,Wayamba University,Computer Science,2028,Matara,Job Portal
394,Candidate 0394,Male,23,University of Kelaniya,Information Technology,2027,Matara,LinkedIn
395,Candidate 0395,Female,21,University of Kelaniya,Data Science,2028,Ampara,Job Portal
396,Candidate 0396,Male,23,Uva Wellassa University,Human Resource Management,2028,Ampara,University Career Fair
397,Candidate 0397,Female,24,University of Colombo,Finance,2028,Anuradhapura,Company Website
398,Candidate 0398,Male,20,University of Sri Jayewardenepura,Finance,2026,Negombo,LinkedIn
399,Candidate 0399,Female,26,South Eastern University of Sri Lanka,Marketing,2026,Colombo,LinkedIn
400,Candidate 0400,Male,24,Wayamba University,Software Engineering,2027,Batticaloa,Referral
401,Candidate 0401,Male,22,University of Colombo,Human Resource Management,2026,Kurunegala,University Career Fair
402,Candidate 0402,Male,20,University of Moratuwa,Finance,2027,Batticaloa,University Career Fair
403,Candidate 0403,Male,24,Sabaragamuwa University,Finance,2027,Kandy,University Career Fair
404,Candidate 0404,Female,22,University of Peradeniya,Business Management,2026,Kandy,LinkedIn
405,Candidate 0405,Female,25,University of Peradeniya,Data Science,2028,Jaffna,University Career Fair
406,Candidate 0406,Male,22,Wayamba University,Marketing,2027,Jaffna,Job Portal
407,Candidate 0407,Male,21,University of Ruhuna,Marketing,2026,Negombo,Job Portal
408,Candidate 0408,Female,24,University of Ruhuna,Marketing,2026,Jaffna,LinkedIn
409,Candidate 0409,Male,24,University of Peradeniya,Data Science,2027,Batticaloa,LinkedIn
410,Candidate 0410,Male,22,Sabaragamuwa University,Finance,2028,Ampara,Company Website
411,Candidate 0411,Male,22,South Eastern University of Sri Lanka,Human Resource Management,2028,Galle,Job Portal
412,Candidate 0412,Female,24,Uva Wellassa University,Information Technology,2028,Galle,Referral
413,Candidate 0413,Male,22,University of Peradeniya,Data Science,2027,Galle,University Career Fair
414,Candidate 0414,Female,24,University of Moratuwa,Marketing,2027,Galle,University Career Fair
415,Candidate 0415,Male,24,University of Moratuwa,Human Resource Management,2027,Galle,LinkedIn
416,Candidate 0416,Female,24,University of Colombo,Finance,2026,Matara,LinkedIn
417,Candidate 0417,Female,24,Wayamba University,Human Resource Management,2027,Matara,University Career Fair
418,Candidate 0418,Female,23,University of Moratuwa,Information Technology,2028,Colombo,Job Portal
419,Candidate 0419,Male,22,University of Colombo,Business Management,2026,Anuradhapura,Referral
420,Candidate 0420,Female,24,Sabaragamuwa University,Information Technology,2028,Kandy,Referral
421,Candidate 0421,Female,24,University of Colombo,Human Resource Management,2028,Jaffna,Email Campaign
422,Candidate 0422,Male,25,University of Sri Jayewardenepura,Business Management,2026,Matara,Referral
423,Candidate 0423,Male,23,University of Peradeniya,Software Engineering,2026,Negombo,Company Website
424,Candidate 0424,Female,21,Uva Wellassa University,Data Science,2026,Jaffna,Job Portal
425,Candidate 0425,Female,24,University of Kelaniya,Data Science,2027,Kurunegala,Referral
426,Candidate 0426,Female,26,Wayamba University,Information Technology,2026,Ampara,Job Portal
427,Candidate 0427,Female,26,University of Moratuwa,Data Science,2026,Galle,Company Website
428,Candidate 0428,Male,26,University of Ruhuna,Human Resource Management,2026,Negombo,Company Website
429,Candidate 0429,Female,23,Sabaragamuwa University,Information Technology,2028,Kandy,University Career Fair
430,Candidate 0430,Female,25,South Eastern University of Sri Lanka,Human Resource Management,2027,Batticaloa,Company Website
431,Candidate 0431,Male,25,Sabaragamuwa University,Finance,2026,Anuradhapura,Referral
432,Candidate 0432,Female,26,University of Sri Jayewardenepura,Human Resource Management,2027,Batticaloa,Job Portal
433,Candidate 0433,Female,24,Uva Wellassa University,Data Science,2028,Matara,Job Portal
434,Candidate 0434,Male,20,University of Peradeniya,Human Resource Management,2026,Kandy,Job Portal
435,Candidate 0435,Male,23,Sabaragamuwa University,Computer Science,2027,Jaffna,Email Campaign
436,Candidate 0436,Male,25,University of Kelaniya,Data Science,2027,Kandy,Company Website
437,Candidate 0437,Female,20,South Eastern University of Sri Lanka,Data Science,2026,Ampara,Company Website
438,Candidate 0438,Male,23,University of Peradeniya,Information Technology,2026,Jaffna,University Career Fair
439,Candidate 0439,Male,24,University of Sri Jayewardenepura,Human Resource Management,2026,Colombo,Company Website
440,Candidate 0440,Male,26,University of Ruhuna,Data Science,2027,Kandy,LinkedIn
441,Candidate 0441,Male,25,University of Peradeniya,Information Technology,2027,Batticaloa,Job Portal
442,Candidate 0442,Male,23,University of Moratuwa,Data Science,2026,Anuradhapura,Company Website
443,Candidate 0443,Male,23,South Eastern University of Sri Lanka,Software Engineering,2028,Galle,Job Portal
444,Candidate 0444,Female,26,University of Sri Jayewardenepura,Information Technology,2026,Galle,Job Portal
445,Candidate 0445,Female,22,University of Ruhuna,Finance,2026,Jaffna,Referral
446,Candidate 0446,Male,21,Wayamba University,Business Management,2028,Colombo,Job Portal
447,Candidate 0447,Female,21,Wayamba University,Software Engineering,2028,Ampara,Referral
448,Candidate 0448,Male,26,University of Sri Jayewardenepura,Human Resource Management,2027,Kandy,LinkedIn
449,Candidate 0449,Male,24,University of Colombo,Finance,2027,Galle,Referral
450,Candidate 0450,Female,22,Wayamba University,Data Science,2027,Kandy,LinkedIn
451,Candidate 0451,Male,20,University of Kelaniya,Software Engineering,2026,Colombo,Job Portal
452,Candidate 0452,Female,24,University of Kelaniya,Marketing,2027,Ampara,LinkedIn
453,Candidate 0453,Male,22,University of Peradeniya,Business Management,2026,Anuradhapura,Job Portal
454,Candidate 0454,Male,24,South Eastern University of Sri Lanka,Marketing,2028,Kandy,Referral
455,Candidate 0455,Female,25,University of Sri Jayewardenepura,Computer Science,2026,Kandy,Job Portal
456,Candidate 0456,Male,23,Uva Wellassa University,Computer Science,2027,Galle,LinkedIn
457,Candidate 0457,Male,25,University of Colombo,Data Science,2027,Batticaloa,University Career Fair
458,Candidate 0458,Female,21,South Eastern University of Sri Lanka,Data Science,2028,Kurunegala,Company Website
459,Candidate 0459,Male,26,University of Colombo,Finance,2027,Kurunegala,University Career Fair
460,Candidate 0460,Female,25,Uva Wellassa University,Information Technology,2027,Matara,University Career Fair
461,Candidate 0461,Male,23,Uva Wellassa University,Data Science,2027,Galle,Referral
462,Candidate 0462,Male,24,University of Peradeniya,Software Engineering,2028,Anuradhapura,LinkedIn
463,Candidate 0463,Male,21,University of Colombo,Human Resource Management,2027,Ampara,Job Portal
464,Candidate 0464,Male,26,University of Colombo,Marketing,2026,Batticaloa,LinkedIn
465,Candidate 0465,Female,22,University of Peradeniya,Finance,2026,Anuradhapura,Company Website
466,Candidate 0466,Male,21,University of Sri Jayewardenepura,Computer Science,2027,Kandy,Job Portal
467,Candidate 0467,Female,26,University of Kelaniya,Finance,2026,Anuradhapura,University Career Fair
468,Candidate 0468,Female,21,University of Kelaniya,Business Management,2028,Negombo,LinkedIn
469,Candidate 0469,Female,24,Sabaragamuwa University,Software Engineering,2028,Anuradhapura,Job Portal
470,Candidate 0470,Male,21,University of Colombo,Marketing,2026,Jaffna,University Career Fair
471,Candidate 0471,Male,22,University of Colombo,Marketing,2028,Kurunegala,LinkedIn
472,Candidate 0472,Male,23,Sabaragamuwa University,Computer Science,2026,Kurunegala,LinkedIn
473,Candidate 0473,Male,26,Wayamba University,Marketing,2028,Batticaloa,University Career Fair
474,Candidate 0474,Male,24,University of Peradeniya,Data Science,2028,Ampara,LinkedIn
475,Candidate 0475,Male,23,University of Moratuwa,Software Engineering,2027,Kurunegala,Job Portal
476,Candidate 0476,Female,25,South Eastern University of Sri Lanka,Finance,2027,Kurunegala,LinkedIn
477,Candidate 0477,Male,21,Uva Wellassa University,Information Technology,2026,Kandy,LinkedIn
478,Candidate 0478,Female,22,University of Ruhuna,Information Technology,2028,Batticaloa,Email Campaign
479,Candidate 0479,Male,23,University of Kelaniya,Human Resource Management,2027,Kandy,LinkedIn
480,Candidate 0480,Female,26,Uva Wellassa University,Computer Science,2026,Batticaloa,LinkedIn
481,Candidate 0481,Male,22,University of Ruhuna,Computer Science,2028,Kurunegala,Referral
482,Candidate 0482,Male,20,University of Ruhuna,Human Resource Management,2028,Anuradhapura,LinkedIn
483,Candidate 0483,Female,20,University of Moratuwa,Information Technology,2026,Colombo,Job Portal
484,Candidate 0484,Male,21,University of Sri Jayewardenepura,Marketing,2027,Kandy,Company Website
485,Candidate 0485,Female,26,University of Peradeniya,Computer Science,2026,Jaffna,Job Portal
486,Candidate 0486,Female,26,University of Moratuwa,Information Technology,2027,Kandy,LinkedIn
487,Candidate 0487,Female,20,University of Moratuwa,Marketing,2028,Ampara,University Career Fair
488,Candidate 0488,Female,25,University of Ruhuna,Data Science,2027,Jaffna,Job Portal
489,Candidate 0489,Female,22,Sabaragamuwa University,Data Science,2026,Negombo,Company Website
490,Candidate 0490,Male,25,University of Kelaniya,Human Resource Management,2027,Anuradhapura,University Career Fair
491,Candidate 0491,Male,22,University of Ruhuna,Data Science,2027,Jaffna,Company Website
492,Candidate 0492,Male,25,Wayamba University,Computer Science,2027,Batticaloa,University Career Fair
493,Candidate 0493,Female,22,Uva Wellassa University,Finance,2027,Kurunegala,LinkedIn
494,Candidate 0494,Female,24,University of Sri Jayewardenepura,Computer Science,2027,Colombo,Job Portal
495,Candidate 0495,Female,24,South Eastern University of Sri Lanka,Software Engineering,2026,Kandy,LinkedIn
496,Candidate 0496,Male,22,Wayamba University,Computer Science,2026,Negombo,Job Portal
497,Candidate 0497,Female,22,University of Moratuwa,Data Science,2026,Negombo,Referral
498,Candidate 0498,Female,24,University of Colombo,Finance,2028,Negombo,LinkedIn
499,Candidate 0499,Male,26,Sabaragamuwa University,Business Management,2026,Matara,LinkedIn
500,Candidate 0500,Male,21,Uva Wellassa University,Software Engineering,2026,Anuradhapura,University Career Fair
501,Candidate 0501,Female,24,University of Sri Jayewardenepura,Data Science,2027,Galle,Job Portal
502,Candidate 0502,Female,20,University of Colombo,Data Science,2028,Galle,Job Portal
503,Candidate 0503,Female,20,South Eastern University of Sri Lanka,Marketing,2028,Kandy,Referral
504,Candidate 0504,Female,21,University of Moratuwa,Marketing,2028,Matara,Company Website
505,Candidate 0505,Male,25,Wayamba University,Finance,2026,Negombo,Job Portal
506,Candidate 0506,Female,22,University of Kelaniya,Data Science,2026,Colombo,Job Portal
507,Candidate 0507,Female,26,Uva Wellassa University,Computer Science,2026,Negombo,Referral
508,Candidate 0508,Male,25,Uva Wellassa University,Information Technology,2027,Galle,Referral
509,Candidate 0509,Male,21,South Eastern University of Sri Lanka,Finance,2026,Kandy,Job Portal
510,Candidate 0510,Female,23,University of Colombo,Business Management,2026,Jaffna,Company Website
511,Candidate 0511,Female,22,University of Peradeniya,Computer Science,2026,Ampara,University Career Fair
512,Candidate 0512,Female,21,University of Ruhuna,Human Resource Management,2027,Batticaloa,University Career Fair
513,Candidate 0513,Male,26,Sabaragamuwa University,Software Engineering,2026,Matara,LinkedIn
514,Candidate 0514,Male,22,University of Colombo,Finance,2027,Kandy,LinkedIn
515,Candidate 0515,Male,23,University of Moratuwa,Information Technology,2028,Kandy,Referral
516,Candidate 0516,Female,25,University of Colombo,Marketing,2028,Galle,Company Website
517,Candidate 0517,Female,21,University of Colombo,Information Technology,2027,Jaffna,Email Campaign
518,Candidate 0518,Female,25,Wayamba University,Business Management,2028,Kurunegala,Referral
519,Candidate 0519,Male,20,University of Ruhuna,Human Resource Management,2026,Colombo,Referral
520,Candidate 0520,Female,20,University of Kelaniya,Human Resource Management,2026,Kandy,LinkedIn
521,Candidate 0521,Male,25,University of Kelaniya,Information Technology,2027,Kandy,Referral
522,Candidate 0522,Female,23,Sabaragamuwa University,Business Management,2026,Anuradhapura,Referral
523,Candidate 0523,Female,23,South Eastern University of Sri Lanka,Data Science,2027,Colombo,Referral
524,Candidate 0524,Female,22,University of Sri Jayewardenepura,Business Management,2028,Colombo,LinkedIn
525,Candidate 0525,Male,20,South Eastern University of Sri Lanka,Marketing,2028,Jaffna,Company Website
526,Candidate 0526,Female,26,Wayamba University,Marketing,2028,Matara,Company Website
527,Candidate 0527,Male,23,University of Kelaniya,Information Technology,2027,Colombo,University Career Fair
528,Candidate 0528,Male,20,Sabaragamuwa University,Data Science,2026,Jaffna,Job Portal
529,Candidate 0529,Male,20,University of Ruhuna,Information Technology,2028,Ampara,LinkedIn
530,Candidate 0530,Male,26,Uva Wellassa University,Business Management,2027,Kandy,LinkedIn
531,Candidate 0531,Female,24,South Eastern University of Sri Lanka,Business Management,2028,Matara,Job Portal
532,Candidate 0532,Male,26,Uva Wellassa University,Marketing,2026,Ampara,LinkedIn
533,Candidate 0533,Male,20,Uva Wellassa University,Information Technology,2027,Anuradhapura,Job Portal
534,Candidate 0534,Female,22,University of Ruhuna,Human Resource Management,2028,Negombo,University Career Fair
535,Candidate 0535,Male,22,University of Ruhuna,Data Science,2028,Negombo,Company Website
536,Candidate 0536,Female,20,University of Ruhuna,Finance,2028,Jaffna,LinkedIn
537,Candidate 0537,Female,22,South Eastern University of Sri Lanka,Computer Science,2027,Kurunegala,Referral
538,Candidate 0538,Female,26,University of Peradeniya,Software Engineering,2026,Kurunegala,Email Campaign
539,Candidate 0539,Female,26,South Eastern University of Sri Lanka,Business Management,2028,Ampara,Company Website
540,Candidate 0540,Male,21,Sabaragamuwa University,Software Engineering,2027,Matara,Job Portal
541,Candidate 0541,Female,26,University of Colombo,Data Science,2026,Kurunegala,Company Website
542,Candidate 0542,Female,21,Wayamba University,Computer Science,2026,Jaffna,Job Portal
543,Candidate 0543,Male,26,University of Colombo,Software Engineering,2026,Matara,LinkedIn
544,Candidate 0544,Female,25,University of Sri Jayewardenepura,Business Management,2027,Matara,University Career Fair
545,Candidate 0545,Male,25,University of Colombo,Software Engineering,2027,Matara,Company Website
546,Candidate 0546,Male,26,Sabaragamuwa University,Finance,2027,Galle,Job Portal
547,Candidate 0547,Female,25,University of Peradeniya,Business Management,2026,Ampara,LinkedIn
548,Candidate 0548,Male,26,University of Sri Jayewardenepura,Software Engineering,2028,Jaffna,Referral
549,Candidate 0549,Female,24,University of Colombo,Computer Science,2027,Galle,Company Website
550,Candidate 0550,Male,21,University of Kelaniya,Business Management,2028,Kurunegala,University Career Fair
551,Candidate 0551,Female,26,South Eastern University of Sri Lanka,Human Resource Management,2027,Jaffna,University Career Fair
552,Candidate 0552,Female,24,University of Peradeniya,Computer Science,2028,Batticaloa,Company Website
553,Candidate 0553,Female,22,University of Peradeniya,Human Resource Management,2026,Batticaloa,Email Campaign
554,Candidate 0554,Female,26,University of Kelaniya,Business Management,2028,Kurunegala,LinkedIn
555,Candidate 0555,Male,20,Uva Wellassa University,Marketing,2028,Batticaloa,Company Website
556,Candidate 0556,Male,25,Sabaragamuwa University,Business Management,2027,Ampara,University Career Fair
557,Candidate 0557,Male,24,Uva Wellassa University,Software Engineering,2027,Jaffna,Company Website
558,Candidate 0558,Female,25,South Eastern University of Sri Lanka,Business Management,2026,Anuradhapura,LinkedIn
559,Candidate 0559,Male,23,University of Moratuwa,Business Management,2028,Anuradhapura,Job Portal
560,Candidate 0560,Male,25,South Eastern University of Sri Lanka,Information Technology,2026,Batticaloa,LinkedIn
561,Candidate 0561,Female,23,South Eastern University of Sri Lanka,Finance,2027,Negombo,Referral
562,Candidate 0562,Male,23,University of Colombo,Information Technology,2027,Jaffna,University Career Fair
563,Candidate 0563,Female,24,University of Kelaniya,Marketing,2026,Galle,LinkedIn
564,Candidate 0564,Male,22,University of Ruhuna,Human Resource Management,2026,Batticaloa,Job Portal
565,Candidate 0565,Male,26,University of Peradeniya,Human Resource Management,2027,Galle,Referral
566,Candidate 0566,Male,20,Sabaragamuwa University,Business Management,2026,Galle,Company Website
567,Candidate 0567,Male,23,University of Peradeniya,Data Science,2028,Ampara,Company Website
568,Candidate 0568,Female,23,Sabaragamuwa University,Marketing,2026,Colombo,University Career Fair
569,Candidate 0569,Female,20,South Eastern University of Sri Lanka,Software Engineering,2026,Colombo,Company Website
570,Candidate 0570,Male,21,South Eastern University of Sri Lanka,Business Management,2026,Kandy,Referral
571,Candidate 0571,Female,21,University of Peradeniya,Computer Science,2027,Kurunegala,University Career Fair
572,Candidate 0572,Female,23,University of Moratuwa,Finance,2027,Batticaloa,Job Portal
573,Candidate 0573,Male,26,University of Ruhuna,Computer Science,2026,Jaffna,Company Website
574,Candidate 0574,Male,21,University of Colombo,Data Science,2026,Batticaloa,Company Website
575,Candidate 0575,Male,23,University of Kelaniya,Computer Science,2028,Colombo,Company Website
576,Candidate 0576,Male,20,University of Peradeniya,Marketing,2027,Ampara,LinkedIn
577,Candidate 0577,Female,23,University of Moratuwa,Software Engineering,2028,Colombo,Referral
578,Candidate 0578,Male,25,Wayamba University,Business Management,2028,Negombo,Company Website
579,Candidate 0579,Female,26,University of Peradeniya,Information Technology,2027,Kandy,Job Portal
580,Candidate 0580,Female,21,Uva Wellassa University,Software Engineering,2027,Anuradhapura,Email Campaign
581,Candidate 0581,Female,25,University of Ruhuna,Business Management,2026,Colombo,University Career Fair
582,Candidate 0582,Male,25,Sabaragamuwa University,Finance,2026,Colombo,LinkedIn
583,Candidate 0583,Male,20,Uva Wellassa University,Human Resource Management,2026,Kandy,Job Portal
584,Candidate 0584,Male,25,University of Peradeniya,Business Management,2028,Jaffna,University Career Fair
585,Candidate 0585,Female,22,Sabaragamuwa University,Computer Science,2026,Galle,Job Portal
586,Candidate 0586,Female,22,South Eastern University of Sri Lanka,Marketing,2028,Kandy,LinkedIn
587,Candidate 0587,Male,20,University of Moratuwa,Data Science,2027,Batticaloa,Job Portal
588,Candidate 0588,Female,25,University of Peradeniya,Finance,2027,Galle,LinkedIn
589,Candidate 0589,Female,23,University of Kelaniya,Marketing,2028,Matara,Job Portal
590,Candidate 0590,Male,20,University of Moratuwa,Computer Science,2026,Kandy,University Career Fair
591,Candidate 0591,Female,26,Uva Wellassa University,Human Resource Management,2026,Negombo,Referral
592,Candidate 0592,Female,24,University of Colombo,Data Science,2027,Matara,LinkedIn
593,Candidate 0593,Female,23,University of Colombo,Information Technology,2027,Batticaloa,LinkedIn
594,Candidate 0594,Male,25,South Eastern University of Sri Lanka,Information Technology,2027,Jaffna,University Career Fair
595,Candidate 0595,Female,21,Wayamba University,Computer Science,2026,Galle,University Career Fair
596,Candidate 0596,Female,26,Sabaragamuwa University,Data Science,2026,Matara,Referral
597,Candidate 0597,Female,22,University of Colombo,Software Engineering,2028,Ampara,University Career Fair
598,Candidate 0598,Male,20,Sabaragamuwa University,Human Resource Management,2028,Matara,LinkedIn
599,Candidate 0599,Female,23,South Eastern University of Sri Lanka,Information Technology,2027,Colombo,LinkedIn
600,Candidate 0600,Female,20,Wayamba University,Computer Science,2026,Negombo,Email Campaign
601,Candidate 0601,Female,24,Wayamba University,Software Engineering,2028,Matara,Email Campaign
602,Candidate 0602,Female,26,University of Colombo,Software Engineering,2027,Batticaloa,Company Website
603,Candidate 0603,Female,25,South Eastern University of Sri Lanka,Human Resource Management,2026,Kandy,Job Portal
604,Candidate 0604,Male,20,South Eastern University of Sri Lanka,Finance,2028,Kurunegala,University Career Fair
605,Candidate 0605,Female,25,University of Peradeniya,Computer Science,2026,Matara,LinkedIn
606,Candidate 0606,Female,20,University of Kelaniya,Software Engineering,2026,Kandy,Job Portal
607,Candidate 0607,Female,21,Sabaragamuwa University,Software Engineering,2028,Batticaloa,LinkedIn
608,Candidate 0608,Female,20,Uva Wellassa University,Information Technology,2027,Matara,Company Website
609,Candidate 0609,Male,23,University of Colombo,Computer Science,2028,Ampara,Job Portal
610,Candidate 0610,Female,24,University of Moratuwa,Data Science,2028,Galle,LinkedIn
611,Candidate 0611,Female,24,University of Ruhuna,Marketing,2028,Jaffna,Referral
612,Candidate 0612,Female,22,Sabaragamuwa University,Data Science,2026,Ampara,Company Website
613,Candidate 0613,Female,26,Wayamba University,Finance,2028,Anuradhapura,Company Website
614,Candidate 0614,Male,21,Uva Wellassa University,Business Management,2028,Batticaloa,Job Portal
615,Candidate 0615,Male,25,University of Moratuwa,Finance,2028,Kandy,Job Portal
616,Candidate 0616,Female,24,Uva Wellassa University,Marketing,2028,Anuradhapura,Referral
617,Candidate 0617,Female,26,University of Colombo,Information Technology,2026,Ampara,LinkedIn
618,Candidate 0618,Male,21,University of Kelaniya,Data Science,2027,Kurunegala,LinkedIn
619,Candidate 0619,Male,25,University of Kelaniya,Software Engineering,2028,Colombo,Referral
620,Candidate 0620,Female,20,Uva Wellassa University,Software Engineering,2028,Anuradhapura,Referral
621,Candidate 0621,Female,25,University of Colombo,Marketing,2027,Ampara,Email Campaign
622,Candidate 0622,Female,24,University of Colombo,Computer Science,2028,Kurunegala,LinkedIn
623,Candidate 0623,Female,26,University of Sri Jayewardenepura,Finance,2028,Anuradhapura,Company Website
624,Candidate 0624,Male,26,University of Sri Jayewardenepura,Business Management,2027,Galle,Email Campaign
625,Candidate 0625,Male,21,University of Moratuwa,Information Technology,2027,Colombo,University Career Fair
626,Candidate 0626,Female,21,University of Moratuwa,Business Management,2026,Batticaloa,University Career Fair
627,Candidate 0627,Male,20,University of Moratuwa,Finance,2028,Colombo,Job Portal
628,Candidate 0628,Female,23,Uva Wellassa University,Finance,2026,Batticaloa,University Career Fair
629,Candidate 0629,Male,24,University of Peradeniya,Data Science,2027,Anuradhapura,University Career Fair
630,Candidate 0630,Male,22,University of Sri Jayewardenepura,Software Engineering,2028,Batticaloa,Referral
631,Candidate 0631,Female,21,Uva Wellassa University,Human Resource Management,2028,Colombo,LinkedIn
632,Candidate 0632,Female,23,University of Sri Jayewardenepura,Software Engineering,2026,Batticaloa,Referral
633,Candidate 0633,Male,23,University of Kelaniya,Business Management,2026,Anuradhapura,Job Portal
634,Candidate 0634,Female,24,Wayamba University,Human Resource Management,2027,Colombo,Referral
635,Candidate 0635,Male,22,Wayamba University,Information Technology,2026,Galle,Email Campaign
636,Candidate 0636,Male,25,University of Peradeniya,Software Engineering,2028,Jaffna,Job Portal
637,Candidate 0637,Female,26,University of Peradeniya,Software Engineering,2028,Ampara,Company Website
638,Candidate 0638,Male,25,University of Moratuwa,Computer Science,2027,Batticaloa,LinkedIn
639,Candidate 0639,Male,20,University of Moratuwa,Business Management,2028,Kandy,Company Website
640,Candidate 0640,Male,22,University of Ruhuna,Marketing,2027,Ampara,University Career Fair
641,Candidate 0641,Male,23,University of Peradeniya,Computer Science,2028,Negombo,LinkedIn
642,Candidate 0642,Male,25,University of Peradeniya,Finance,2028,Kandy,Referral
643,Candidate 0643,Female,24,University of Peradeniya,Business Management,2027,Ampara,Referral
644,Candidate 0644,Male,23,University of Moratuwa,Software Engineering,2026,Ampara,Job Portal
645,Candidate 0645,Female,25,University of Moratuwa,Business Management,2028,Batticaloa,Email Campaign
646,Candidate 0646,Male,24,Wayamba University,Data Science,2026,Colombo,LinkedIn
647,Candidate 0647,Female,24,Wayamba University,Information Technology,2027,Jaffna,Company Website
648,Candidate 0648,Female,21,University of Ruhuna,Data Science,2026,Galle,LinkedIn
649,Candidate 0649,Female,21,University of Peradeniya,Data Science,2028,Negombo,Job Portal
650,Candidate 0650,Female,25,Wayamba University,Information Technology,2027,Kandy,Referral
651,Candidate 0651,Male,25,Uva Wellassa University,Human Resource Management,2027,Batticaloa,LinkedIn
652,Candidate 0652,Male,20,University of Kelaniya,Information Technology,2026,Batticaloa,University Career Fair
653,Candidate 0653,Female,24,University of Kelaniya,Data Science,2028,Negombo,Referral
654,Candidate 0654,Female,23,University of Moratuwa,Computer Science,2027,Jaffna,Job Portal
655,Candidate 0655,Female,22,South Eastern University of Sri Lanka,Data Science,2028,Batticaloa,Job Portal
656,Candidate 0656,Female,23,South Eastern University of Sri Lanka,Business Management,2027,Anuradhapura,LinkedIn
657,Candidate 0657,Male,26,University of Kelaniya,Data Science,2028,Jaffna,Referral
658,Candidate 0658,Male,25,University of Peradeniya,Computer Science,2028,Colombo,Job Portal
659,Candidate 0659,Female,26,Uva Wellassa University,Software Engineering,2026,Anuradhapura,Referral
660,Candidate 0660,Female,25,University of Moratuwa,Finance,2027,Jaffna,Job Portal
661,Candidate 0661,Female,21,Sabaragamuwa University,Information Technology,2027,Batticaloa,University Career Fair
662,Candidate 0662,Male,26,Uva Wellassa University,Data Science,2028,Galle,University Career Fair
663,Candidate 0663,Male,24,Uva Wellassa University,Data Science,2028,Matara,Job Portal
664,Candidate 0664,Male,21,Sabaragamuwa University,Software Engineering,2026,Kurunegala,Referral
665,Candidate 0665,Male,25,University of Sri Jayewardenepura,Finance,2027,Matara,Job Portal
666,Candidate 0666,Male,20,South Eastern University of Sri Lanka,Information Technology,2028,Anuradhapura,Company Website
667,Candidate 0667,Female,26,University of Kelaniya,Data Science,2027,Ampara,Referral
668,Candidate 0668,Male,24,University of Kelaniya,Marketing,2026,Anuradhapura,University Career Fair
669,Candidate 0669,Female,23,Sabaragamuwa University,Computer Science,2028,Galle,University Career Fair
670,Candidate 0670,Male,20,Wayamba University,Business Management,2026,Galle,LinkedIn
671,Candidate 0671,Female,24,University of Peradeniya,Software Engineering,2027,Batticaloa,Company Website
672,Candidate 0672,Female,25,Sabaragamuwa University,Human Resource Management,2026,Negombo,LinkedIn
673,Candidate 0673,Female,20,University of Sri Jayewardenepura,Computer Science,2026,Negombo,Company Website
674,Candidate 0674,Male,25,Wayamba University,Computer Science,2028,Galle,LinkedIn
675,Candidate 0675,Female,21,Wayamba University,Marketing,2028,Negombo,Company Website
676,Candidate 0676,Female,20,University of Sri Jayewardenepura,Human Resource Management,2028,Matara,Job Portal
677,Candidate 0677,Male,21,University of Ruhuna,Data Science,2028,Galle,Company Website
678,Candidate 0678,Female,21,South Eastern University of Sri Lanka,Human Resource Management,2028,Negombo,LinkedIn
679,Candidate 0679,Female,23,University of Moratuwa,Information Technology,2026,Jaffna,University Career Fair
680,Candidate 0680,Female,26,University of Moratuwa,Information Technology,2026,Matara,Job Portal
681,Candidate 0681,Male,26,Wayamba University,Information Technology,2026,Matara,Company Website
682,Candidate 0682,Male,26,University of Ruhuna,Marketing,2027,Colombo,Company Website
683,Candidate 0683,Female,21,Sabaragamuwa University,Marketing,2027,Negombo,Job Portal
684,Candidate 0684,Male,23,University of Moratuwa,Business Management,2027,Jaffna,Job Portal
685,Candidate 0685,Male,22,Uva Wellassa University,Marketing,2027,Jaffna,LinkedIn
686,Candidate 0686,Male,24,Wayamba University,Information Technology,2028,Colombo,Referral
687,Candidate 0687,Male,25,South Eastern University of Sri Lanka,Marketing,2027,Kandy,LinkedIn
688,Candidate 0688,Female,22,Wayamba University,Marketing,2028,Batticaloa,Company Website
689,Candidate 0689,Female,26,University of Sri Jayewardenepura,Marketing,2028,Anuradhapura,University Career Fair
690,Candidate 0690,Female,24,Wayamba University,Human Resource Management,2027,Kurunegala,Company Website
691,Candidate 0691,Female,25,University of Moratuwa,Information Technology,2028,Jaffna,University Career Fair
692,Candidate 0692,Male,20,University of Sri Jayewardenepura,Marketing,2027,Anuradhapura,Company Website
693,Candidate 0693,Male,21,University of Ruhuna,Computer Science,2026,Galle,University Career Fair
694,Candidate 0694,Female,20,University of Peradeniya,Business Management,2026,Batticaloa,LinkedIn
695,Candidate 0695,Male,25,University of Ruhuna,Marketing,2028,Anuradhapura,Referral
696,Candidate 0696,Male,26,University of Moratuwa,Human Resource Management,2027,Colombo,LinkedIn
697,Candidate 0697,Female,21,University of Colombo,Software Engineering,2028,Galle,Company Website
698,Candidate 0698,Female,21,University of Colombo,Data Science,2026,Kurunegala,Job Portal
699,Candidate 0699,Female,25,University of Ruhuna,Marketing,2028,Jaffna,University Career Fair
700,Candidate 0700,Male,20,Wayamba University,Business Management,2028,Anuradhapura,Job Portal
701,Candidate 0701,Female,22,University of Kelaniya,Software Engineering,2028,Jaffna,University Career Fair
702,Candidate 0702,Female,24,University of Colombo,Business Management,2026,Ampara,University Career Fair
703,Candidate 0703,Male,24,University of Kelaniya,Finance,2026,Anuradhapura,Email Campaign
704,Candidate 0704,Female,25,Sabaragamuwa University,Marketing,2028,Matara,Job Portal
705,Candidate 0705,Female,26,Sabaragamuwa University,Human Resource Management,2028,Colombo,University Career Fair
706,Candidate 0706,Female,20,University of Ruhuna,Software Engineering,2028,Jaffna,Job Portal
707,Candidate 0707,Female,22,Wayamba University,Computer Science,2028,Kurunegala,LinkedIn
708,Candidate 0708,Male,23,South Eastern University of Sri Lanka,Information Technology,2028,Galle,University Career Fair
709,Candidate 0709,Female,21,Uva Wellassa University,Business Management,2026,Jaffna,University Career Fair
710,Candidate 0710,Male,21,University of Sri Jayewardenepura,Business Management,2026,Jaffna,LinkedIn
711,Candidate 0711,Male,26,Uva Wellassa University,Finance,2026,Kandy,LinkedIn
712,Candidate 0712,Male,25,Sabaragamuwa University,Computer Science,2028,Colombo,Job Portal
713,Candidate 0713,Female,24,South Eastern University of Sri Lanka,Human Resource Management,2028,Kurunegala,University Career Fair
714,Candidate 0714,Female,23,University of Sri Jayewardenepura,Data Science,2026,Anuradhapura,Job Portal
715,Candidate 0715,Female,24,University of Colombo,Finance,2027,Galle,University Career Fair
716,Candidate 0716,Male,25,Wayamba University,Human Resource Management,2027,Colombo,LinkedIn
717,Candidate 0717,Male,23,Uva Wellassa University,Information Technology,2027,Batticaloa,Company Website
718,Candidate 0718,Female,21,Wayamba University,Business Management,2026,Kurunegala,University Career Fair
719,Candidate 0719,Female,22,University of Moratuwa,Human Resource Management,2027,Jaffna,University Career Fair
720,Candidate 0720,Female,22,University of Ruhuna,Business Management,2027,Galle,Company Website
721,Candidate 0721,Male,26,University of Peradeniya,Business Management,2026,Anuradhapura,University Career Fair
722,Candidate 0722,Female,21,University of Moratuwa,Data Science,2027,Colombo,LinkedIn
723,Candidate 0723,Female,21,Wayamba University,Finance,2027,Kurunegala,Referral
724,Candidate 0724,Male,23,University of Peradeniya,Data Science,2026,Jaffna,Job Portal
725,Candidate 0725,Female,26,University of Peradeniya,Human Resource Management,2028,Batticaloa,Referral
726,Candidate 0726,Female,24,Wayamba University,Business Management,2027,Colombo,University Career Fair
727,Candidate 0727,Female,26,Uva Wellassa University,Software Engineering,2028,Negombo,Company Website
728,Candidate 0728,Male,26,University of Kelaniya,Finance,2027,Anuradhapura,University Career Fair
729,Candidate 0729,Female,20,University of Ruhuna,Business Management,2027,Galle,Job Portal
730,Candidate 0730,Female,23,Uva Wellassa University,Marketing,2026,Kandy,LinkedIn
731,Candidate 0731,Male,22,South Eastern University of Sri Lanka,Business Management,2028,Kurunegala,Company Website
732,Candidate 0732,Female,22,Sabaragamuwa University,Finance,2028,Negombo,University Career Fair
733,Candidate 0733,Female,23,University of Moratuwa,Data Science,2026,Galle,Company Website
734,Candidate 0734,Female,25,University of Peradeniya,Software Engineering,2026,Ampara,LinkedIn
735,Candidate 0735,Male,23,Wayamba University,Computer Science,2026,Ampara,University Career Fair
736,Candidate 0736,Male,20,University of Kelaniya,Data Science,2026,Ampara,Referral
737,Candidate 0737,Male,25,University of Kelaniya,Human Resource Management,2028,Galle,LinkedIn
738,Candidate 0738,Male,20,University of Colombo,Finance,2027,Matara,University Career Fair
739,Candidate 0739,Female,24,Sabaragamuwa University,Data Science,2028,Anuradhapura,LinkedIn
740,Candidate 0740,Female,25,Uva Wellassa University,Marketing,2028,Anuradhapura,Referral
741,Candidate 0741,Female,23,Wayamba University,Software Engineering,2026,Matara,Referral
742,Candidate 0742,Female,22,University of Moratuwa,Business Management,2026,Colombo,University Career Fair
743,Candidate 0743,Male,22,University of Kelaniya,Human Resource Management,2028,Colombo,Company Website
744,Candidate 0744,Female,26,Sabaragamuwa University,Business Management,2026,Ampara,Job Portal
745,Candidate 0745,Male,26,University of Colombo,Finance,2026,Ampara,Job Portal
746,Candidate 0746,Female,23,University of Sri Jayewardenepura,Data Science,2028,Ampara,Job Portal
747,Candidate 0747,Male,22,University of Peradeniya,Marketing,2028,Jaffna,University Career Fair
748,Candidate 0748,Female,22,Wayamba University,Business Management,2027,Jaffna,Job Portal
749,Candidate 0749,Male,21,University of Kelaniya,Information Technology,2028,Matara,Company Website
750,Candidate 0750,Female,25,Uva Wellassa University,Human Resource Management,2026,Batticaloa,LinkedIn
751,Candidate 0751,Male,24,University of Colombo,Data Science,2026,Kurunegala,Referral
752,Candidate 0752,Female,25,University of Colombo,Software Engineering,2026,Galle,LinkedIn
753,Candidate 0753,Male,22,University of Ruhuna,Business Management,2027,Batticaloa,University Career Fair
754,Candidate 0754,Male,22,University of Peradeniya,Data Science,2026,Kurunegala,Job Portal
755,Candidate 0755,Male,24,Sabaragamuwa University,Data Science,2026,Kurunegala,Job Portal
756,Candidate 0756,Male,20,University of Sri Jayewardenepura,Marketing,2027,Jaffna,Company Website
757,Candidate 0757,Male,21,Sabaragamuwa University,Information Technology,2028,Jaffna,University Career Fair
758,Candidate 0758,Female,22,University of Moratuwa,Computer Science,2028,Anuradhapura,University Career Fair
759,Candidate 0759,Female,23,University of Kelaniya,Software Engineering,2027,Colombo,Job Portal
760,Candidate 0760,Male,20,University of Sri Jayewardenepura,Marketing,2027,Colombo,LinkedIn
761,Candidate 0761,Female,24,University of Peradeniya,Marketing,2026,Colombo,Email Campaign
762,Candidate 0762,Female,25,Uva Wellassa University,Data Science,2027,Kandy,LinkedIn
763,Candidate 0763,Female,20,Uva Wellassa University,Finance,2028,Colombo,LinkedIn
764,Candidate 0764,Male,25,Wayamba University,Information Technology,2026,Matara,LinkedIn
765,Candidate 0765,Female,26,Sabaragamuwa University,Software Engineering,2026,Ampara,Referral
766,Candidate 0766,Male,22,University of Colombo,Human Resource Management,2028,Matara,Company Website
767,Candidate 0767,Female,21,Uva Wellassa University,Data Science,2028,Batticaloa,Referral
768,Candidate 0768,Female,22,Uva Wellassa University,Data Science,2026,Anuradhapura,LinkedIn
769,Candidate 0769,Female,26,University of Kelaniya,Finance,2027,Colombo,Job Portal
770,Candidate 0770,Female,25,University of Moratuwa,Computer Science,2028,Batticaloa,Job Portal
771,Candidate 0771,Male,22,University of Peradeniya,Marketing,2026,Anuradhapura,Company Website
772,Candidate 0772,Male,24,University of Kelaniya,Finance,2027,Batticaloa,LinkedIn
773,Candidate 0773,Male,20,University of Moratuwa,Data Science,2026,Jaffna,LinkedIn
774,Candidate 0774,Male,20,University of Colombo,Marketing,2028,Matara,University Career Fair
775,Candidate 0775,Female,20,South Eastern University of Sri Lanka,Software Engineering,2028,Kandy,LinkedIn
776,Candidate 0776,Male,25,Sabaragamuwa University,Information Technology,2027,Colombo,Referral
777,Candidate 0777,Female,26,South Eastern University of Sri Lanka,Computer Science,2028,Kurunegala,University Career Fair
778,Candidate 0778,Male,26,University of Kelaniya,Information Technology,2026,Anuradhapura,LinkedIn
779,Candidate 0779,Male,24,University of Ruhuna,Software Engineering,2026,Anuradhapura,Company Website
780,Candidate 0780,Male,24,Wayamba University,Marketing,2028,Kandy,Job Portal
781,Candidate 0781,Female,25,Sabaragamuwa University,Marketing,2026,Galle,Job Portal
782,Candidate 0782,Female,24,South Eastern University of Sri Lanka,Data Science,2028,Negombo,University Career Fair
783,Candidate 0783,Female,22,Wayamba University,Finance,2027,Ampara,Job Portal
784,Candidate 0784,Female,26,South Eastern University of Sri Lanka,Software Engineering,2028,Anuradhapura,LinkedIn
785,Candidate 0785,Female,22,Sabaragamuwa University,Human Resource Management,2027,Colombo,Company Website
786,Candidate 0786,Female,24,University of Colombo,Data Science,2027,Colombo,Referral
787,Candidate 0787,Male,21,South Eastern University of Sri Lanka,Computer Science,2028,Kurunegala,Job Portal
788,Candidate 0788,Male,20,University of Colombo,Human Resource Management,2027,Galle,LinkedIn
789,Candidate 0789,Female,24,University of Sri Jayewardenepura,Software Engineering,2027,Kurunegala,LinkedIn
790,Candidate 0790,Female,24,University of Sri Jayewardenepura,Information Technology,2028,Batticaloa,Job Portal
791,Candidate 0791,Male,23,Uva Wellassa University,Information Technology,2028,Kurunegala,LinkedIn
792,Candidate 0792,Female,20,University of Colombo,Finance,2027,Ampara,University Career Fair
793,Candidate 0793,Male,26,University of Sri Jayewardenepura,Computer Science,2028,Ampara,LinkedIn
794,Candidate 0794,Male,22,Wayamba University,Data Science,2027,Anuradhapura,Company Website
795,Candidate 0795,Male,20,University of Ruhuna,Human Resource Management,2028,Negombo,University Career Fair
796,Candidate 0796,Male,23,University of Kelaniya,Marketing,2026,Galle,Referral
797,Candidate 0797,Female,24,University of Colombo,Marketing,2027,Kandy,Referral
798,Candidate 0798,Female,26,University of Moratuwa,Data Science,2027,Anuradhapura,LinkedIn
799,Candidate 0799,Female,25,Uva Wellassa University,Software Engineering,2028,Negombo,Email Campaign
800,Candidate 0800,Male,21,University of Peradeniya,Business Management,2027,Batticaloa,Company Website
801,Candidate 0801,Male,20,University of Ruhuna,Marketing,2027,Batticaloa,LinkedIn
802,Candidate 0802,Female,24,University of Colombo,Business Management,2026,Batticaloa,Company Website
803,Candidate 0803,Female,24,University of Moratuwa,Human Resource Management,2026,Jaffna,LinkedIn
804,Candidate 0804,Female,21,University of Peradeniya,Information Technology,2028,Colombo,LinkedIn
805,Candidate 0805,Male,26,University of Kelaniya,Computer Science,2027,Kandy,Referral
806,Candidate 0806,Female,20,South Eastern University of Sri Lanka,Software Engineering,2028,Anuradhapura,LinkedIn
807,Candidate 0807,Female,24,Sabaragamuwa University,Data Science,2028,Colombo,Referral
808,Candidate 0808,Male,22,University of Moratuwa,Computer Science,2027,Jaffna,Job Portal
809,Candidate 0809,Female,20,Sabaragamuwa University,Computer Science,2026,Ampara,Company Website
810,Candidate 0810,Female,26,University of Peradeniya,Computer Science,2027,Ampara,LinkedIn
811,Candidate 0811,Female,24,University of Peradeniya,Finance,2027,Negombo,University Career Fair
812,Candidate 0812,Male,21,Wayamba University,Human Resource Management,2028,Colombo,LinkedIn
813,Candidate 0813,Female,22,Sabaragamuwa University,Marketing,2028,Galle,LinkedIn
814,Candidate 0814,Female,22,University of Kelaniya,Software Engineering,2028,Kurunegala,Job Portal
815,Candidate 0815,Female,23,University of Colombo,Business Management,2026,Galle,Referral
816,Candidate 0816,Female,25,University of Moratuwa,Information Technology,2028,Ampara,University Career Fair
817,Candidate 0817,Male,23,University of Sri Jayewardenepura,Data Science,2027,Kurunegala,Job Portal
818,Candidate 0818,Female,23,Wayamba University,Data Science,2026,Galle,Company Website
819,Candidate 0819,Male,26,University of Moratuwa,Business Management,2028,Anuradhapura,Job Portal
820,Candidate 0820,Female,26,University of Moratuwa,Data Science,2027,Kandy,Company Website
821,Candidate 0821,Male,21,South Eastern University of Sri Lanka,Data Science,2028,Colombo,Job Portal
822,Candidate 0822,Female,23,University of Kelaniya,Human Resource Management,2028,Kurunegala,LinkedIn
823,Candidate 0823,Male,20,University of Moratuwa,Data Science,2026,Negombo,Company Website
824,Candidate 0824,Male,24,University of Sri Jayewardenepura,Software Engineering,2028,Colombo,Referral
825,Candidate 0825,Female,21,Wayamba University,Human Resource Management,2028,Batticaloa,LinkedIn
826,Candidate 0826,Female,23,Sabaragamuwa University,Data Science,2026,Jaffna,LinkedIn
827,Candidate 0827,Female,26,University of Colombo,Business Management,2027,Jaffna,Company Website
828,Candidate 0828,Male,26,University of Sri Jayewardenepura,Information Technology,2026,Matara,Job Portal
829,Candidate 0829,Female,25,South Eastern University of Sri Lanka,Human Resource Management,2026,Ampara,University Career Fair
830,Candidate 0830,Male,24,University of Ruhuna,Finance,2027,Negombo,Job Portal
831,Candidate 0831,Male,24,University of Peradeniya,Human Resource Management,2027,Colombo,Job Portal
832,Candidate 0832,Male,24,Wayamba University,Marketing,2028,Colombo,Company Website
833,Candidate 0833,Male,21,University of Kelaniya,Human Resource Management,2027,Kurunegala,Job Portal
834,Candidate 0834,Female,23,University of Moratuwa,Marketing,2027,Negombo,Job Portal
835,Candidate 0835,Male,23,Sabaragamuwa University,Information Technology,2028,Anuradhapura,LinkedIn
836,Candidate 0836,Male,23,University of Ruhuna,Finance,2027,Colombo,LinkedIn
837,Candidate 0837,Male,23,University of Peradeniya,Business Management,2027,Galle,Company Website
838,Candidate 0838,Male,20,University of Peradeniya,Human Resource Management,2028,Batticaloa,LinkedIn
839,Candidate 0839,Female,25,Wayamba University,Data Science,2027,Anuradhapura,Referral
840,Candidate 0840,Male,22,Uva Wellassa University,Data Science,2026,Galle,LinkedIn
841,Candidate 0841,Male,23,University of Kelaniya,Business Management,2028,Matara,Referral
842,Candidate 0842,Male,20,University of Moratuwa,Software Engineering,2026,Negombo,Job Portal
843,Candidate 0843,Male,23,Sabaragamuwa University,Human Resource Management,2028,Colombo,Company Website
844,Candidate 0844,Female,21,University of Sri Jayewardenepura,Human Resource Management,2027,Ampara,University Career Fair
845,Candidate 0845,Male,21,Wayamba University,Business Management,2028,Anuradhapura,Job Portal
846,Candidate 0846,Male,20,University of Moratuwa,Data Science,2026,Batticaloa,LinkedIn
847,Candidate 0847,Male,25,Uva Wellassa University,Business Management,2027,Kandy,LinkedIn
848,Candidate 0848,Female,21,University of Moratuwa,Business Management,2028,Negombo,Company Website
849,Candidate 0849,Male,23,Uva Wellassa University,Finance,2026,Kandy,Job Portal
850,Candidate 0850,Female,22,University of Ruhuna,Information Technology,2027,Anuradhapura,LinkedIn
851,Candidate 0851,Female,21,University of Peradeniya,Business Management,2027,Anuradhapura,University Career Fair
852,Candidate 0852,Male,25,University of Sri Jayewardenepura,Computer Science,2026,Negombo,Company Website
853,Candidate 0853,Male,23,Uva Wellassa University,Business Management,2027,Negombo,Job Portal
854,Candidate 0854,Female,24,Uva Wellassa University,Finance,2026,Negombo,Company Website
855,Candidate 0855,Female,23,University of Moratuwa,Software Engineering,2028,Kurunegala,Email Campaign
856,Candidate 0856,Male,20,University of Colombo,Human Resource Management,2028,Kandy,Company Website
857,Candidate 0857,Male,26,Uva Wellassa University,Marketing,2027,Colombo,Referral
858,Candidate 0858,Male,20,University of Sri Jayewardenepura,Business Management,2027,Kandy,Referral
859,Candidate 0859,Female,26,University of Colombo,Information Technology,2028,Batticaloa,Referral
860,Candidate 0860,Male,26,University of Moratuwa,Software Engineering,2027,Batticaloa,Job Portal
861,Candidate 0861,Female,23,University of Colombo,Data Science,2027,Galle,Company Website
862,Candidate 0862,Female,23,University of Ruhuna,Computer Science,2028,Kurunegala,Company Website
863,Candidate 0863,Female,24,Wayamba University,Computer Science,2026,Negombo,Company Website
864,Candidate 0864,Female,20,University of Moratuwa,Business Management,2026,Batticaloa,Email Campaign
865,Candidate 0865,Male,24,Uva Wellassa University,Marketing,2026,Negombo,LinkedIn
866,Candidate 0866,Female,25,South Eastern University of Sri Lanka,Computer Science,2027,Ampara,LinkedIn
867,Candidate 0867,Male,22,Sabaragamuwa University,Business Management,2026,Anuradhapura,Referral
868,Candidate 0868,Male,22,University of Colombo,Software Engineering,2026,Matara,University Career Fair
869,Candidate 0869,Female,24,University of Moratuwa,Software Engineering,2027,Matara,Company Website
870,Candidate 0870,Female,26,South Eastern University of Sri Lanka,Data Science,2026,Anuradhapura,Company Website
871,Candidate 0871,Male,21,University of Colombo,Human Resource Management,2027,Anuradhapura,LinkedIn
872,Candidate 0872,Female,20,Uva Wellassa University,Information Technology,2027,Matara,Job Portal
873,Candidate 0873,Male,24,University of Kelaniya,Computer Science,2028,Kurunegala,Company Website
874,Candidate 0874,Male,22,University of Sri Jayewardenepura,Software Engineering,2027,Kurunegala,University Career Fair
875,Candidate 0875,Female,25,University of Peradeniya,Business Management,2026,Galle,Referral
876,Candidate 0876,Male,24,Wayamba University,Information Technology,2026,Anuradhapura,Referral
877,Candidate 0877,Female,22,University of Moratuwa,Business Management,2028,Jaffna,LinkedIn
878,Candidate 0878,Female,24,South Eastern University of Sri Lanka,Human Resource Management,2026,Galle,LinkedIn
879,Candidate 0879,Male,20,University of Ruhuna,Computer Science,2026,Ampara,Referral
880,Candidate 0880,Female,24,South Eastern University of Sri Lanka,Business Management,2027,Jaffna,Company Website
881,Candidate 0881,Male,26,Sabaragamuwa University,Data Science,2026,Matara,LinkedIn
882,Candidate 0882,Female,25,Sabaragamuwa University,Human Resource Management,2026,Jaffna,LinkedIn
883,Candidate 0883,Female,22,University of Ruhuna,Data Science,2028,Batticaloa,Job Portal
884,Candidate 0884,Female,23,Sabaragamuwa University,Computer Science,2026,Matara,LinkedIn
885,Candidate 0885,Female,23,University of Moratuwa,Business Management,2027,Negombo,Company Website
886,Candidate 0886,Male,23,University of Peradeniya,Finance,2028,Kandy,Job Portal
887,Candidate 0887,Female,23,Uva Wellassa University,Marketing,2026,Negombo,LinkedIn
888,Candidate 0888,Male,23,University of Ruhuna,Information Technology,2027,Jaffna,Job Portal
889,Candidate 0889,Female,26,University of Ruhuna,Finance,2028,Jaffna,LinkedIn
890,Candidate 0890,Male,25,Uva Wellassa University,Human Resource Management,2026,Negombo,Company Website
891,Candidate 0891,Female,24,University of Peradeniya,Human Resource Management,2026,Kurunegala,Email Campaign
892,Candidate 0892,Male,24,University of Peradeniya,Marketing,2027,Matara,Company Website
893,Candidate 0893,Male,20,University of Sri Jayewardenepura,Data Science,2028,Colombo,Job Portal
894,Candidate 0894,Male,23,Wayamba University,Business Management,2027,Negombo,Company Website
895,Candidate 0895,Male,21,South Eastern University of Sri Lanka,Business Management,2028,Kurunegala,Job Portal
896,Candidate 0896,Female,25,South Eastern University of Sri Lanka,Information Technology,2028,Colombo,Company Website
897,Candidate 0897,Female,26,University of Moratuwa,Business Management,2026,Batticaloa,Job Portal
898,Candidate 0898,Male,20,Wayamba University,Finance,2026,Kurunegala,Job Portal
899,Candidate 0899,Male,23,Uva Wellassa University,Marketing,2028,Batticaloa,Company Website
900,Candidate 0900,Female,23,University of Ruhuna,Software Engineering,2028,Galle,University Career Fair
901,Candidate 0901,Male,24,University of Ruhuna,Finance,2027,Galle,Referral
902,Candidate 0902,Male,21,University of Colombo,Information Technology,2028,Colombo,LinkedIn
903,Candidate 0903,Female,25,University of Ruhuna,Data Science,2026,Galle,Company Website
904,Candidate 0904,Female,26,Sabaragamuwa University,Marketing,2028,Galle,University Career Fair
905,Candidate 0905,Female,24,Sabaragamuwa University,Marketing,2027,Jaffna,LinkedIn
906,Candidate 0906,Male,24,Sabaragamuwa University,Software Engineering,2028,Anuradhapura,Referral
907,Candidate 0907,Female,20,University of Colombo,Human Resource Management,2028,Batticaloa,LinkedIn
908,Candidate 0908,Female,25,University of Peradeniya,Data Science,2028,Anuradhapura,Email Campaign
909,Candidate 0909,Female,23,Wayamba University,Information Technology,2028,Negombo,LinkedIn
910,Candidate 0910,Female,25,University of Peradeniya,Business Management,2028,Colombo,Job Portal
911,Candidate 0911,Male,23,Sabaragamuwa University,Human Resource Management,2028,Batticaloa,University Career Fair
912,Candidate 0912,Female,22,University of Moratuwa,Computer Science,2028,Negombo,Company Website
913,Candidate 0913,Female,20,Sabaragamuwa University,Data Science,2028,Colombo,Company Website
914,Candidate 0914,Female,26,Uva Wellassa University,Computer Science,2027,Matara,LinkedIn
915,Candidate 0915,Male,26,University of Kelaniya,Business Management,2026,Negombo,Referral
916,Candidate 0916,Female,20,University of Peradeniya,Data Science,2028,Galle,Company Website
917,Candidate 0917,Female,26,University of Moratuwa,Business Management,2028,Jaffna,University Career Fair
918,Candidate 0918,Male,22,University of Peradeniya,Data Science,2028,Galle,Job Portal
919,Candidate 0919,Female,26,University of Ruhuna,Software Engineering,2028,Matara,Company Website
920,Candidate 0920,Male,21,Uva Wellassa University,Finance,2026,Kurunegala,Job Portal
921,Candidate 0921,Male,20,University of Moratuwa,Human Resource Management,2027,Matara,Referral
922,Candidate 0922,Male,23,University of Ruhuna,Human Resource Management,2027,Galle,University Career Fair
923,Candidate 0923,Female,20,University of Kelaniya,Human Resource Management,2027,Batticaloa,Email Campaign
924,Candidate 0924,Male,20,Wayamba University,Finance,2027,Negombo,Job Portal
925,Candidate 0925,Female,22,University of Kelaniya,Business Management,2026,Kurunegala,Company Website
926,Candidate 0926,Female,23,University of Sri Jayewardenepura,Software Engineering,2028,Batticaloa,Company Website
927,Candidate 0927,Male,22,Wayamba University,Computer Science,2028,Colombo,Job Portal
928,Candidate 0928,Male,23,University of Peradeniya,Information Technology,2028,Matara,Referral
929,Candidate 0929,Female,22,University of Sri Jayewardenepura,Computer Science,2026,Negombo,LinkedIn
930,Candidate 0930,Male,24,University of Peradeniya,Information Technology,2026,Negombo,LinkedIn
931,Candidate 0931,Male,20,University of Moratuwa,Business Management,2027,Matara,Company Website
932,Candidate 0932,Male,25,Sabaragamuwa University,Business Management,2027,Batticaloa,Referral
933,Candidate 0933,Male,22,University of Colombo,Marketing,2027,Batticaloa,Email Campaign
934,Candidate 0934,Female,26,University of Kelaniya,Data Science,2027,Kandy,University Career Fair
935,Candidate 0935,Male,24,University of Ruhuna,Data Science,2028,Matara,LinkedIn
936,Candidate 0936,Female,21,Uva Wellassa University,Information Technology,2027,Kurunegala,LinkedIn
937,Candidate 0937,Male,20,Uva Wellassa University,Business Management,2027,Colombo,Job Portal
938,Candidate 0938,Male,25,University of Colombo,Computer Science,2028,Ampara,Referral
939,Candidate 0939,Female,23,Uva Wellassa University,Computer Science,2028,Matara,University Career Fair
940,Candidate 0940,Female,26,University of Peradeniya,Software Engineering,2026,Ampara,Email Campaign
941,Candidate 0941,Female,20,Uva Wellassa University,Finance,2027,Kurunegala,University Career Fair
942,Candidate 0942,Male,22,Wayamba University,Finance,2026,Matara,Job Portal
943,Candidate 0943,Female,25,University of Sri Jayewardenepura,Data Science,2028,Colombo,Email Campaign
944,Candidate 0944,Male,22,University of Ruhuna,Information Technology,2028,Batticaloa,University Career Fair
945,Candidate 0945,Female,25,University of Sri Jayewardenepura,Data Science,2026,Jaffna,LinkedIn
946,Candidate 0946,Male,23,University of Ruhuna,Information Technology,2028,Kurunegala,University Career Fair
947,Candidate 0947,Female,20,University of Colombo,Finance,2026,Batticaloa,Job Portal
948,Candidate 0948,Male,23,University of Peradeniya,Software Engineering,2028,Anuradhapura,University Career Fair
949,Candidate 0949,Male,25,Uva Wellassa University,Software Engineering,2026,Colombo,Company Website
950,Candidate 0950,Female,25,University of Colombo,Human Resource Management,2028,Colombo,LinkedIn
951,Candidate 0951,Male,20,University of Moratuwa,Computer Science,2027,Kandy,University Career Fair
952,Candidate 0952,Male,26,Uva Wellassa University,Information Technology,2026,Kandy,University Career Fair
953,Candidate 0953,Male,20,University of Sri Jayewardenepura,Marketing,2027,Ampara,Referral
954,Candidate 0954,Male,22,University of Sri Jayewardenepura,Computer Science,2028,Galle,Referral
955,Candidate 0955,Male,22,University of Moratuwa,Marketing,2026,Batticaloa,Company Website
956,Candidate 0956,Female,21,Uva Wellassa University,Computer Science,2026,Kandy,Job Portal
957,Candidate 0957,Female,26,University of Moratuwa,Computer Science,2027,Kandy,LinkedIn
958,Candidate 0958,Male,20,Uva Wellassa University,Business Management,2027,Matara,Company Website
959,Candidate 0959,Male,21,University of Kelaniya,Human Resource Management,2027,Jaffna,Job Portal
960,Candidate 0960,Male,24,University of Moratuwa,Human Resource Management,2028,Kandy,Company Website
961,Candidate 0961,Female,22,University of Ruhuna,Computer Science,2028,Jaffna,LinkedIn
962,Candidate 0962,Male,24,South Eastern University of Sri Lanka,Software Engineering,2027,Jaffna,Referral
963,Candidate 0963,Male,20,University of Moratuwa,Human Resource Management,2027,Galle,LinkedIn
964,Candidate 0964,Male,20,South Eastern University of Sri Lanka,Business Management,2026,Ampara,Referral
965,Candidate 0965,Female,20,University of Peradeniya,Computer Science,2028,Galle,LinkedIn
966,Candidate 0966,Male,23,Wayamba University,Information Technology,2026,Jaffna,Company Website
967,Candidate 0967,Female,23,University of Sri Jayewardenepura,Finance,2026,Kandy,Referral
968,Candidate 0968,Male,21,University of Ruhuna,Software Engineering,2027,Jaffna,LinkedIn
969,Candidate 0969,Female,20,University of Ruhuna,Data Science,2026,Negombo,University Career Fair
970,Candidate 0970,Female,22,University of Moratuwa,Human Resource Management,2028,Jaffna,Company Website
971,Candidate 0971,Female,21,South Eastern University of Sri Lanka,Data Science,2026,Negombo,LinkedIn
972,Candidate 0972,Male,20,Sabaragamuwa University,Human Resource Management,2027,Galle,Job Portal
973,Candidate 0973,Male,22,Uva Wellassa University,Data Science,2028,Negombo,Job Portal
974,Candidate 0974,Male,20,University of Ruhuna,Human Resource Management,2026,Negombo,University Career Fair
975,Candidate 0975,Female,22,University of Colombo,Marketing,2028,Jaffna,LinkedIn
976,Candidate 0976,Female,24,University of Sri Jayewardenepura,Data Science,2028,Colombo,University Career Fair
977,Candidate 0977,Male,20,Sabaragamuwa University,Computer Science,2027,Anuradhapura,Referral
978,Candidate 0978,Male,23,Sabaragamuwa University,Software Engineering,2026,Anuradhapura,Job Portal
979,Candidate 0979,Female,21,University of Moratuwa,Finance,2027,Jaffna,Company Website
980,Candidate 0980,Male,20,Sabaragamuwa University,Business Management,2026,Matara,Job Portal
981,Candidate 0981,Male,23,Sabaragamuwa University,Data Science,2028,Ampara,LinkedIn
982,Candidate 0982,Female,25,Sabaragamuwa University,Computer Science,2028,Kandy,Referral
983,Candidate 0983,Female,24,University of Colombo,Business Management,2027,Kurunegala,Company Website
984,Candidate 0984,Male,26,University of Peradeniya,Finance,2028,Colombo,University Career Fair
985,Candidate 0985,Female,20,University of Peradeniya,Marketing,2027,Matara,Company Website
986,Candidate 0986,Female,22,University of Moratuwa,Information Technology,2028,Jaffna,LinkedIn
987,Candidate 0987,Female,21,Wayamba University,Information Technology,2028,Matara,Company Website
988,Candidate 0988,Male,26,University of Sri Jayewardenepura,Finance,2027,Kurunegala,University Career Fair
989,Candidate 0989,Female,22,University of Colombo,Information Technology,2027,Batticaloa,University Career Fair
990,Candidate 0990,Male,23,Wayamba University,Business Management,2027,Negombo,Referral
991,Candidate 0991,Male,21,Sabaragamuwa University,Information Technology,2026,Ampara,Job Portal
992,Candidate 0992,Female,20,University of Peradeniya,Data Science,2027,Kandy,Company Website
993,Candidate 0993,Female,21,University of Sri Jayewardenepura,Computer Science,2027,Ampara,Email Campaign
994,Candidate 0994,Male,23,South Eastern University of Sri Lanka,Marketing,2027,Colombo,Referral
995,Candidate 0995,Male,20,University of Sri Jayewardenepura,Finance,2027,Negombo,Referral
996,Candidate 0996,Female,23,Uva Wellassa University,Human Resource Management,2027,Kurunegala,Company Website
997,Candidate 0997,Female,21,University of Kelaniya,Software Engineering,2027,Batticaloa,Email Campaign
998,Candidate 0998,Male,21,South Eastern University of Sri Lanka,Business Management,2027,Galle,Company Website
999,Candidate 0999,Male,25,Wayamba University,Business Management,2026,Galle,Job Portal
1000,Candidate 1000,Male,21,University of Sri Jayewardenepura,Information Technology,2026,Batticaloa,Company Website
1001,Candidate 1001,Female,22,South Eastern University of Sri Lanka,Data Science,2026,Anuradhapura,Company Website
1002,Candidate 1002,Female,22,University of Moratuwa,Finance,2027,Anuradhapura,Email Campaign
1003,Candidate 1003,Female,20,University of Colombo,Marketing,2027,Galle,Job Portal
1004,Candidate 1004,Female,21,University of Colombo,Finance,2028,Kurunegala,University Career Fair
1005,Candidate 1005,Female,26,Uva Wellassa University,Data Science,2028,Matara,Referral
1006,Candidate 1006,Male,25,Sabaragamuwa University,Computer Science,2026,Anuradhapura,LinkedIn
1007,Candidate 1007,Male,23,Uva Wellassa University,Software Engineering,2027,Batticaloa,LinkedIn
1008,Candidate 1008,Male,24,University of Sri Jayewardenepura,Software Engineering,2027,Jaffna,LinkedIn
1009,Candidate 1009,Female,25,University of Peradeniya,Marketing,2026,Matara,Referral
1010,Candidate 1010,Male,25,South Eastern University of Sri Lanka,Marketing,2026,Ampara,Referral
1011,Candidate 1011,Female,20,University of Kelaniya,Finance,2027,Kurunegala,Email Campaign
1012,Candidate 1012,Male,21,Sabaragamuwa University,Marketing,2027,Kurunegala,LinkedIn
1013,Candidate 1013,Female,25,University of Ruhuna,Data Science,2028,Negombo,LinkedIn
1014,Candidate 1014,Male,22,Sabaragamuwa University,Finance,2026,Negombo,Job Portal
1015,Candidate 1015,Male,20,University of Ruhuna,Business Management,2027,Galle,Company Website
1016,Candidate 1016,Male,21,University of Moratuwa,Marketing,2027,Anuradhapura,University Career Fair
1017,Candidate 1017,Female,26,Uva Wellassa University,Business Management,2027,Anuradhapura,Company Website
1018,Candidate 1018,Male,20,University of Colombo,Data Science,2027,Kurunegala,Email Campaign
1019,Candidate 1019,Female,20,University of Kelaniya,Marketing,2026,Matara,Job Portal
1020,Candidate 1020,Male,20,University of Peradeniya,Business Management,2027,Kandy,Company Website
1021,Candidate 1021,Female,24,Sabaragamuwa University,Marketing,2027,Matara,Email Campaign
1022,Candidate 1022,Male,22,Wayamba University,Computer Science,2027,Galle,Company Website
1023,Candidate 1023,Male,22,Sabaragamuwa University,Data Science,2027,Galle,LinkedIn
1024,Candidate 1024,Female,23,South Eastern University of Sri Lanka,Computer Science,2027,Kurunegala,University Career Fair
1025,Candidate 1025,Male,24,University of Sri Jayewardenepura,Data Science,2026,Negombo,Job Portal
1026,Candidate 1026,Female,26,South Eastern University of Sri Lanka,Business Management,2027,Batticaloa,LinkedIn
1027,Candidate 1027,Female,26,University of Moratuwa,Computer Science,2026,Anuradhapura,Referral
1028,Candidate 1028,Female,23,South Eastern University of Sri Lanka,Data Science,2026,Jaffna,LinkedIn
1029,Candidate 1029,Male,26,University of Sri Jayewardenepura,Information Technology,2027,Matara,Job Portal
1030,Candidate 1030,Male,26,University of Moratuwa,Computer Science,2027,Batticaloa,Referral
1031,Candidate 1031,Female,21,Sabaragamuwa University,Finance,2026,Kurunegala,LinkedIn
1032,Candidate 1032,Male,21,University of Moratuwa,Data Science,2028,Jaffna,Referral
1033,Candidate 1033,Male,21,University of Peradeniya,Marketing,2028,Kandy,LinkedIn
1034,Candidate 1034,Female,26,University of Ruhuna,Computer Science,2026,Kandy,LinkedIn
1035,Candidate 1035,Male,23,University of Peradeniya,Business Management,2026,Kandy,Referral
1036,Candidate 1036,Male,26,University of Peradeniya,Information Technology,2028,Jaffna,Company Website
1037,Candidate 1037,Male,21,South Eastern University of Sri Lanka,Computer Science,2026,Galle,Job Portal
1038,Candidate 1038,Female,24,South Eastern University of Sri Lanka,Finance,2026,Anuradhapura,Job Portal
1039,Candidate 1039,Male,24,Uva Wellassa University,Information Technology,2026,Negombo,Job Portal
1040,Candidate 1040,Male,25,University of Sri Jayewardenepura,Business Management,2026,Anuradhapura,LinkedIn
1041,Candidate 1041,Male,21,Wayamba University,Human Resource Management,2027,Negombo,LinkedIn
1042,Candidate 1042,Male,21,South Eastern University of Sri Lanka,Marketing,2027,Jaffna,University Career Fair
1043,Candidate 1043,Female,20,South Eastern University of Sri Lanka,Information Technology,2027,Kandy,University Career Fair
1044,Candidate 1044,Female,26,South Eastern University of Sri Lanka,Business Management,2028,Colombo,LinkedIn
1045,Candidate 1045,Female,20,University of Ruhuna,Business Management,2027,Negombo,Company Website
1046,Candidate 1046,Female,21,Wayamba University,Marketing,2027,Ampara,LinkedIn
1047,Candidate 1047,Male,26,Sabaragamuwa University,Finance,2026,Colombo,Email Campaign
1048,Candidate 1048,Female,25,University of Peradeniya,Marketing,2027,Anuradhapura,Company Website
1049,Candidate 1049,Male,20,University of Moratuwa,Marketing,2027,Negombo,Email Campaign
1050,Candidate 1050,Male,20,South Eastern University of Sri Lanka,Software Engineering,2027,Jaffna,Company Website
1051,Candidate 1051,Female,20,University of Sri Jayewardenepura,Marketing,2028,Matara,Referral
1052,Candidate 1052,Female,26,University of Ruhuna,Finance,2027,Negombo,Email Campaign
1053,Candidate 1053,Female,24,University of Kelaniya,Data Science,2027,Kandy,LinkedIn
1054,Candidate 1054,Female,23,University of Sri Jayewardenepura,Data Science,2026,Kandy,Company Website
1055,Candidate 1055,Male,23,University of Colombo,Data Science,2027,Negombo,Company Website
1056,Candidate 1056,Male,22,Uva Wellassa University,Information Technology,2026,Anuradhapura,Job Portal
1057,Candidate 1057,Female,21,University of Kelaniya,Human Resource Management,2027,Anuradhapura,Referral
1058,Candidate 1058,Female,26,Wayamba University,Computer Science,2026,Ampara,Job Portal
1059,Candidate 1059,Male,23,Sabaragamuwa University,Finance,2027,Matara,University Career Fair
1060,Candidate 1060,Male,21,Wayamba University,Business Management,2028,Galle,University Career Fair
1061,Candidate 1061,Male,22,University of Ruhuna,Human Resource Management,2026,Negombo,Company Website
1062,Candidate 1062,Female,23,Wayamba University,Data Science,2028,Colombo,Referral
1063,Candidate 1063,Female,24,University of Ruhuna,Finance,2027,Batticaloa,LinkedIn
1064,Candidate 1064,Male,21,South Eastern University of Sri Lanka,Finance,2028,Negombo,LinkedIn
1065,Candidate 1065,Female,23,University of Peradeniya,Marketing,2027,Batticaloa,University Career Fair
1066,Candidate 1066,Male,25,University of Sri Jayewardenepura,Software Engineering,2026,Kurunegala,Company Website
1067,Candidate 1067,Male,26,University of Kelaniya,Information Technology,2027,Galle,LinkedIn
1068,Candidate 1068,Female,20,Sabaragamuwa University,Marketing,2028,Anuradhapura,Job Portal
1069,Candidate 1069,Female,20,Sabaragamuwa University,Computer Science,2027,Ampara,Company Website
1070,Candidate 1070,Female,24,University of Peradeniya,Human Resource Management,2026,Jaffna,Referral
1071,Candidate 1071,Female,21,Uva Wellassa University,Business Management,2027,Ampara,LinkedIn
1072,Candidate 1072,Male,26,Wayamba University,Software Engineering,2027,Kurunegala,LinkedIn
1073,Candidate 1073,Female,26,University of Sri Jayewardenepura,Information Technology,2028,Negombo,LinkedIn
1074,Candidate 1074,Female,22,University of Peradeniya,Human Resource Management,2027,Jaffna,Referral
1075,Candidate 1075,Male,25,University of Kelaniya,Business Management,2027,Anuradhapura,Referral
1076,Candidate 1076,Female,23,University of Kelaniya,Human Resource Management,2028,Anuradhapura,LinkedIn
1077,Candidate 1077,Male,25,Wayamba University,Data Science,2028,Matara,LinkedIn
1078,Candidate 1078,Female,22,Wayamba University,Marketing,2028,Colombo,University Career Fair
1079,Candidate 1079,Female,23,University of Moratuwa,Software Engineering,2026,Kurunegala,Job Portal
1080,Candidate 1080,Female,22,University of Peradeniya,Software Engineering,2027,Kurunegala,Job Portal
1081,Candidate 1081,Male,22,Uva Wellassa University,Software Engineering,2027,Jaffna,LinkedIn
1082,Candidate 1082,Male,20,University of Sri Jayewardenepura,Business Management,2027,Matara,Company Website
1083,Candidate 1083,Female,23,University of Colombo,Software Engineering,2026,Kurunegala,LinkedIn
1084,Candidate 1084,Female,26,University of Kelaniya,Data Science,2028,Colombo,Email Campaign
1085,Candidate 1085,Female,26,University of Colombo,Computer Science,2026,Batticaloa,Company Website
1086,Candidate 1086,Male,23,South Eastern University of Sri Lanka,Information Technology,2027,Galle,LinkedIn
1087,Candidate 1087,Male,24,Uva Wellassa University,Business Management,2027,Kandy,LinkedIn
1088,Candidate 1088,Male,26,South Eastern University of Sri Lanka,Finance,2028,Ampara,Job Portal
1089,Candidate 1089,Male,23,University of Sri Jayewardenepura,Data Science,2026,Galle,LinkedIn
1090,Candidate 1090,Female,23,University of Ruhuna,Business Management,2028,Colombo,University Career Fair
1091,Candidate 1091,Female,25,University of Peradeniya,Finance,2028,Ampara,University Career Fair
1092,Candidate 1092,Male,22,University of Moratuwa,Finance,2027,Batticaloa,Job Portal
1093,Candidate 1093,Male,25,Uva Wellassa University,Computer Science,2028,Colombo,Company Website
1094,Candidate 1094,Male,22,Wayamba University,Marketing,2027,Batticaloa,Job Portal
1095,Candidate 1095,Male,24,University of Sri Jayewardenepura,Human Resource Management,2027,Colombo,Job Portal
1096,Candidate 1096,Female,22,University of Kelaniya,Information Technology,2026,Kurunegala,LinkedIn
1097,Candidate 1097,Male,23,South Eastern University of Sri Lanka,Marketing,2026,Kurunegala,Job Portal
1098,Candidate 1098,Female,23,University of Ruhuna,Finance,2028,Ampara,Job Portal
1099,Candidate 1099,Male,26,University of Moratuwa,Business Management,2028,Kandy,Referral
1100,Candidate 1100,Female,23,University of Colombo,Computer Science,2028,Galle,Company Website
1101,Candidate 1101,Male,20,University of Ruhuna,Software Engineering,2028,Kurunegala,Referral
1102,Candidate 1102,Male,20,University of Moratuwa,Software Engineering,2028,Galle,Job Portal
1103,Candidate 1103,Female,26,South Eastern University of Sri Lanka,Human Resource Management,2027,Galle,Referral
1104,Candidate 1104,Female,26,University of Kelaniya,Software Engineering,2026,Ampara,Referral
1105,Candidate 1105,Female,23,Uva Wellassa University,Software Engineering,2026,Colombo,Job Portal
1106,Candidate 1106,Male,20,Sabaragamuwa University,Software Engineering,2027,Galle,LinkedIn
1107,Candidate 1107,Female,24,University of Kelaniya,Data Science,2026,Batticaloa,LinkedIn
1108,Candidate 1108,Male,20,Wayamba University,Marketing,2027,Matara,LinkedIn
1109,Candidate 1109,Male,21,University of Kelaniya,Business Management,2028,Matara,Referral
1110,Candidate 1110,Female,26,University of Sri Jayewardenepura,Software Engineering,2027,Jaffna,University Career Fair
1111,Candidate 1111,Female,26,University of Moratuwa,Computer Science,2027,Kurunegala,LinkedIn
1112,Candidate 1112,Female,21,South Eastern University of Sri Lanka,Human Resource Management,2026,Colombo,University Career Fair
1113,Candidate 1113,Female,25,University of Ruhuna,Software Engineering,2028,Ampara,Company Website
1114,Candidate 1114,Female,20,University of Peradeniya,Computer Science,2026,Batticaloa,Job Portal
1115,Candidate 1115,Female,22,Uva Wellassa University,Computer Science,2026,Kurunegala,University Career Fair
1116,Candidate 1116,Female,22,University of Ruhuna,Finance,2026,Anuradhapura,LinkedIn
1117,Candidate 1117,Male,22,University of Moratuwa,Human Resource Management,2027,Matara,LinkedIn
1118,Candidate 1118,Female,25,Wayamba University,Marketing,2026,Kurunegala,LinkedIn
1119,Candidate 1119,Male,21,Sabaragamuwa University,Business Management,2028,Batticaloa,Job Portal
1120,Candidate 1120,Female,22,Uva Wellassa University,Business Management,2028,Batticaloa,University Career Fair
1121,Candidate 1121,Male,22,Sabaragamuwa University,Data Science,2028,Matara,LinkedIn
1122,Candidate 1122,Male,20,University of Sri Jayewardenepura,Data Science,2026,Matara,Referral
1123,Candidate 1123,Female,23,University of Peradeniya,Human Resource Management,2026,Matara,Referral
1124,Candidate 1124,Female,23,Sabaragamuwa University,Information Technology,2028,Galle,LinkedIn
1125,Candidate 1125,Male,21,University of Kelaniya,Data Science,2026,Anuradhapura,Job Portal
1126,Candidate 1126,Male,24,University of Colombo,Data Science,2027,Kandy,LinkedIn
1127,Candidate 1127,Female,25,University of Peradeniya,Finance,2026,Kurunegala,Company Website
1128,Candidate 1128,Male,23,South Eastern University of Sri Lanka,Information Technology,2027,Galle,LinkedIn
1129,Candidate 1129,Female,26,Sabaragamuwa University,Human Resource Management,2028,Kurunegala,Company Website
1130,Candidate 1130,Male,22,University of Colombo,Human Resource Management,2027,Negombo,LinkedIn
1131,Candidate 1131,Male,26,University of Kelaniya,Finance,2026,Kandy,University Career Fair
1132,Candidate 1132,Female,20,University of Ruhuna,Business Management,2026,Jaffna,Email Campaign
1133,Candidate 1133,Female,20,University of Colombo,Software Engineering,2026,Ampara,Job Portal
1134,Candidate 1134,Female,25,University of Moratuwa,Information Technology,2027,Matara,Job Portal
1135,Candidate 1135,Female,25,Uva Wellassa University,Data Science,2027,Kandy,Job Portal
1136,Candidate 1136,Male,23,Sabaragamuwa University,Marketing,2027,Kurunegala,Company Website
1137,Candidate 1137,Female,20,University of Ruhuna,Finance,2028,Galle,University Career Fair
1138,Candidate 1138,Female,20,University of Colombo,Finance,2027,Jaffna,Company Website
1139,Candidate 1139,Male,23,Wayamba University,Information Technology,2027,Matara,University Career Fair
1140,Candidate 1140,Female,22,University of Moratuwa,Data Science,2028,Kurunegala,Job Portal
1141,Candidate 1141,Female,22,Uva Wellassa University,Computer Science,2028,Kandy,Job Portal
1142,Candidate 1142,Male,24,University of Ruhuna,Marketing,2026,Matara,Company Website
1143,Candidate 1143,Female,22,University of Kelaniya,Information Technology,2028,Colombo,LinkedIn
1144,Candidate 1144,Female,21,University of Moratuwa,Marketing,2026,Kandy,University Career Fair
1145,Candidate 1145,Female,22,Uva Wellassa University,Human Resource Management,2028,Matara,Company Website
1146,Candidate 1146,Female,22,University of Moratuwa,Software Engineering,2026,Kandy,Company Website
1147,Candidate 1147,Female,26,University of Peradeniya,Marketing,2028,Colombo,LinkedIn
1148,Candidate 1148,Male,20,University of Moratuwa,Human Resource Management,2027,Ampara,Job Portal
1149,Candidate 1149,Female,22,Uva Wellassa University,Finance,2028,Ampara,Job Portal
1150,Candidate 1150,Male,21,University of Moratuwa,Computer Science,2026,Kandy,Job Portal
1151,Candidate 1151,Male,26,University of Colombo,Software Engineering,2027,Galle,Company Website
1152,Candidate 1152,Female,26,Wayamba University,Software Engineering,2026,Kurunegala,Job Portal
1153,Candidate 1153,Male,23,University of Ruhuna,Computer Science,2026,Galle,Job Portal
1154,Candidate 1154,Female,23,Sabaragamuwa University,Computer Science,2027,Negombo,LinkedIn
1155,Candidate 1155,Female,24,University of Ruhuna,Computer Science,2027,Colombo,LinkedIn
1156,Candidate 1156,Female,23,Sabaragamuwa University,Business Management,2026,Matara,Referral
1157,Candidate 1157,Female,21,University of Colombo,Computer Science,2027,Negombo,Referral
1158,Candidate 1158,Male,22,University of Ruhuna,Human Resource Management,2026,Matara,Company Website
1159,Candidate 1159,Female,23,University of Ruhuna,Computer Science,2026,Kurunegala,Company Website
1160,Candidate 1160,Female,22,Sabaragamuwa University,Software Engineering,2028,Jaffna,Company Website
1161,Candidate 1161,Female,24,Sabaragamuwa University,Data Science,2027,Ampara,Email Campaign
1162,Candidate 1162,Female,26,Sabaragamuwa University,Data Science,2028,Jaffna,Referral
1163,Candidate 1163,Male,25,Sabaragamuwa University,Data Science,2026,Jaffna,LinkedIn
1164,Candidate 1164,Female,20,University of Ruhuna,Human Resource Management,2027,Jaffna,LinkedIn
1165,Candidate 1165,Male,20,South Eastern University of Sri Lanka,Business Management,2027,Galle,LinkedIn
1166,Candidate 1166,Male,26,University of Peradeniya,Finance,2027,Kandy,Company Website
1167,Candidate 1167,Male,24,University of Sri Jayewardenepura,Human Resource Management,2027,Batticaloa,Job Portal
1168,Candidate 1168,Male,26,Wayamba University,Business Management,2026,Anuradhapura,Company Website
1169,Candidate 1169,Male,25,University of Colombo,Human Resource Management,2027,Kandy,Email Campaign
1170,Candidate 1170,Male,26,Wayamba University,Computer Science,2028,Kandy,LinkedIn
1171,Candidate 1171,Male,26,University of Sri Jayewardenepura,Finance,2026,Kurunegala,Company Website
1172,Candidate 1172,Female,25,University of Peradeniya,Data Science,2028,Batticaloa,Referral
1173,Candidate 1173,Male,20,University of Sri Jayewardenepura,Human Resource Management,2027,Colombo,LinkedIn
1174,Candidate 1174,Female,22,University of Kelaniya,Data Science,2026,Kurunegala,Referral
1175,Candidate 1175,Female,22,University of Sri Jayewardenepura,Data Science,2028,Ampara,Job Portal
1176,Candidate 1176,Male,26,University of Ruhuna,Marketing,2027,Matara,Email Campaign
1177,Candidate 1177,Female,20,Sabaragamuwa University,Data Science,2026,Anuradhapura,Job Portal
1178,Candidate 1178,Male,22,South Eastern University of Sri Lanka,Marketing,2026,Ampara,LinkedIn
1179,Candidate 1179,Male,25,University of Moratuwa,Computer Science,2028,Anuradhapura,Email Campaign
1180,Candidate 1180,Female,23,Wayamba University,Business Management,2028,Batticaloa,Job Portal
1181,Candidate 1181,Male,26,University of Kelaniya,Data Science,2028,Ampara,University Career Fair
1182,Candidate 1182,Male,24,Uva Wellassa University,Human Resource Management,2028,Batticaloa,Job Portal
1183,Candidate 1183,Female,26,University of Sri Jayewardenepura,Business Management,2026,Colombo,University Career Fair
1184,Candidate 1184,Female,25,University of Moratuwa,Business Management,2026,Kandy,University Career Fair
1185,Candidate 1185,Female,24,South Eastern University of Sri Lanka,Data Science,2026,Colombo,Job Portal
1186,Candidate 1186,Female,21,University of Kelaniya,Marketing,2028,Kandy,Company Website
1187,Candidate 1187,Female,22,Wayamba University,Finance,2026,Colombo,Job Portal
1188,Candidate 1188,Male,23,University of Kelaniya,Computer Science,2027,Batticaloa,Email Campaign
1189,Candidate 1189,Male,22,University of Kelaniya,Business Management,2028,Negombo,Company Website
1190,Candidate 1190,Female,24,University of Sri Jayewardenepura,Information Technology,2027,Anuradhapura,Company Website
1191,Candidate 1191,Female,23,University of Peradeniya,Data Science,2028,Ampara,Job Portal
1192,Candidate 1192,Male,20,University of Colombo,Marketing,2026,Matara,LinkedIn
1193,Candidate 1193,Male,22,Wayamba University,Marketing,2028,Anuradhapura,University Career Fair
1194,Candidate 1194,Female,26,University of Kelaniya,Human Resource Management,2028,Ampara,Email Campaign
1195,Candidate 1195,Female,25,University of Ruhuna,Data Science,2026,Anuradhapura,LinkedIn
1196,Candidate 1196,Female,21,Wayamba University,Information Technology,2028,Jaffna,University Career Fair
1197,Candidate 1197,Male,25,University of Moratuwa,Finance,2026,Negombo,Job Portal
1198,Candidate 1198,Male,20,South Eastern University of Sri Lanka,Business Management,2026,Anuradhapura,LinkedIn
1199,Candidate 1199,Female,22,South Eastern University of Sri Lanka,Business Management,2027,Matara,LinkedIn
1200,Candidate 1200,Male,21,Uva Wellassa University,Marketing,2026,Kurunegala,Job Portal
1201,Candidate 1201,Male,21,Sabaragamuwa University,Computer Science,2026,Anuradhapura,Referral
1202,Candidate 1202,Male,23,Sabaragamuwa University,Business Management,2028,Matara,Job Portal
1203,Candidate 1203,Female,23,Uva Wellassa University,Data Science,2026,Anuradhapura,Company Website
1204,Candidate 1204,Female,25,Sabaragamuwa University,Data Science,2028,Batticaloa,LinkedIn
1205,Candidate 1205,Female,23,University of Sri Jayewardenepura,Marketing,2027,Anuradhapura,LinkedIn
1206,Candidate 1206,Female,25,University of Kelaniya,Information Technology,2026,Colombo,Company Website
1207,Candidate 1207,Female,24,University of Peradeniya,Information Technology,2026,Negombo,University Career Fair
1208,Candidate 1208,Male,24,Wayamba University,Software Engineering,2027,Anuradhapura,Job Portal
1209,Candidate 1209,Male,25,Wayamba University,Data Science,2026,Kurunegala,Job Portal
1210,Candidate 1210,Male,26,Uva Wellassa University,Human Resource Management,2026,Anuradhapura,Company Website
1211,Candidate 1211,Female,24,University of Colombo,Human Resource Management,2026,Batticaloa,University Career Fair
1212,Candidate 1212,Female,20,Wayamba University,Finance,2027,Kurunegala,LinkedIn
1213,Candidate 1213,Male,24,University of Moratuwa,Business Management,2026,Galle,Referral
1214,Candidate 1214,Male,21,University of Kelaniya,Marketing,2028,Galle,LinkedIn
1215,Candidate 1215,Female,21,University of Colombo,Computer Science,2027,Ampara,LinkedIn
1216,Candidate 1216,Male,23,South Eastern University of Sri Lanka,Business Management,2027,Kandy,LinkedIn
1217,Candidate 1217,Male,26,Uva Wellassa University,Software Engineering,2027,Anuradhapura,Job Portal
1218,Candidate 1218,Female,20,University of Kelaniya,Computer Science,2027,Matara,Company Website
1219,Candidate 1219,Male,23,University of Colombo,Marketing,2028,Jaffna,Job Portal
1220,Candidate 1220,Male,22,Wayamba University,Information Technology,2026,Anuradhapura,Company Website
1221,Candidate 1221,Male,22,Uva Wellassa University,Marketing,2027,Kandy,Job Portal
1222,Candidate 1222,Male,26,University of Moratuwa,Finance,2028,Galle,Job Portal
1223,Candidate 1223,Female,24,Sabaragamuwa University,Computer Science,2026,Matara,Email Campaign
1224,Candidate 1224,Female,25,University of Moratuwa,Computer Science,2026,Matara,Referral
1225,Candidate 1225,Female,26,University of Ruhuna,Finance,2028,Jaffna,Company Website
1226,Candidate 1226,Female,20,University of Moratuwa,Information Technology,2027,Kandy,Referral
1227,Candidate 1227,Male,26,University of Moratuwa,Business Management,2027,Jaffna,Company Website
1228,Candidate 1228,Female,25,South Eastern University of Sri Lanka,Business Management,2028,Matara,Referral
1229,Candidate 1229,Female,22,University of Sri Jayewardenepura,Human Resource Management,2028,Batticaloa,LinkedIn
1230,Candidate 1230,Male,25,University of Colombo,Human Resource Management,2026,Colombo,Company Website
1231,Candidate 1231,Female,24,Sabaragamuwa University,Marketing,2028,Kandy,Job Portal
1232,Candidate 1232,Male,24,University of Colombo,Human Resource Management,2028,Kandy,Referral
1233,Candidate 1233,Female,26,Uva Wellassa University,Finance,2027,Galle,Job Portal
1234,Candidate 1234,Male,20,Sabaragamuwa University,Finance,2026,Matara,LinkedIn
1235,Candidate 1235,Male,26,University of Kelaniya,Finance,2026,Kandy,Job Portal
1236,Candidate 1236,Female,26,University of Sri Jayewardenepura,Software Engineering,2027,Batticaloa,LinkedIn
1237,Candidate 1237,Female,25,Uva Wellassa University,Software Engineering,2026,Jaffna,Email Campaign
1238,Candidate 1238,Female,20,University of Kelaniya,Human Resource Management,2026,Anuradhapura,LinkedIn
1239,Candidate 1239,Male,20,Uva Wellassa University,Data Science,2028,Kandy,LinkedIn
1240,Candidate 1240,Male,24,University of Kelaniya,Software Engineering,2028,Colombo,Email Campaign
1241,Candidate 1241,Female,25,Wayamba University,Human Resource Management,2026,Ampara,Company Website
1242,Candidate 1242,Male,26,South Eastern University of Sri Lanka,Marketing,2027,Kurunegala,LinkedIn
1243,Candidate 1243,Female,23,South Eastern University of Sri Lanka,Computer Science,2028,Jaffna,LinkedIn
1244,Candidate 1244,Female,24,Sabaragamuwa University,Finance,2026,Ampara,LinkedIn
1245,Candidate 1245,Male,24,University of Colombo,Software Engineering,2028,Ampara,Email Campaign
1246,Candidate 1246,Male,21,University of Moratuwa,Finance,2027,Kandy,Company Website
1247,Candidate 1247,Male,20,Sabaragamuwa University,Marketing,2026,Negombo,Job Portal
1248,Candidate 1248,Female,26,University of Kelaniya,Software Engineering,2026,Matara,LinkedIn
1249,Candidate 1249,Female,26,University of Colombo,Finance,2028,Jaffna,Job Portal
1250,Candidate 1250,Female,26,University of Peradeniya,Human Resource Management,2028,Kandy,LinkedIn
1251,Candidate 1251,Male,20,University of Ruhuna,Finance,2028,Kandy,Job Portal
1252,Candidate 1252,Male,26,Sabaragamuwa University,Computer Science,2027,Negombo,Company Website
1253,Candidate 1253,Male,20,University of Colombo,Computer Science,2027,Ampara,University Career Fair
1254,Candidate 1254,Female,21,Uva Wellassa University,Computer Science,2027,Ampara,University Career Fair
1255,Candidate 1255,Female,24,Uva Wellassa University,Information Technology,2027,Colombo,University Career Fair
1256,Candidate 1256,Female,24,University of Sri Jayewardenepura,Information Technology,2026,Colombo,Company Website
1257,Candidate 1257,Male,24,University of Sri Jayewardenepura,Data Science,2028,Anuradhapura,Referral
1258,Candidate 1258,Female,23,Uva Wellassa University,Human Resource Management,2026,Jaffna,LinkedIn
1259,Candidate 1259,Male,20,University of Moratuwa,Business Management,2028,Ampara,University Career Fair
1260,Candidate 1260,Female,22,Uva Wellassa University,Data Science,2026,Matara,Referral
1261,Candidate 1261,Female,22,South Eastern University of Sri Lanka,Computer Science,2028,Negombo,Company Website
1262,Candidate 1262,Male,20,University of Sri Jayewardenepura,Computer Science,2027,Batticaloa,LinkedIn
1263,Candidate 1263,Male,25,University of Sri Jayewardenepura,Information Technology,2027,Jaffna,Company Website
1264,Candidate 1264,Female,24,South Eastern University of Sri Lanka,Finance,2028,Kurunegala,University Career Fair
1265,Candidate 1265,Male,20,Sabaragamuwa University,Computer Science,2027,Jaffna,Job Portal
1266,Candidate 1266,Male,25,University of Sri Jayewardenepura,Human Resource Management,2028,Jaffna,LinkedIn
1267,Candidate 1267,Female,26,University of Ruhuna,Software Engineering,2027,Galle,Job Portal
1268,Candidate 1268,Male,22,University of Colombo,Information Technology,2027,Colombo,Company Website
1269,Candidate 1269,Male,22,Sabaragamuwa University,Software Engineering,2028,Negombo,Job Portal
1270,Candidate 1270,Female,20,University of Colombo,Software Engineering,2026,Kurunegala,LinkedIn
1271,Candidate 1271,Female,25,University of Moratuwa,Finance,2028,Jaffna,LinkedIn
1272,Candidate 1272,Male,21,University of Kelaniya,Information Technology,2026,Galle,Referral
1273,Candidate 1273,Male,22,University of Sri Jayewardenepura,Business Management,2027,Jaffna,Referral
1274,Candidate 1274,Female,25,University of Moratuwa,Marketing,2028,Kandy,LinkedIn
1275,Candidate 1275,Male,26,University of Sri Jayewardenepura,Software Engineering,2028,Ampara,Company Website
1276,Candidate 1276,Female,24,University of Ruhuna,Software Engineering,2026,Negombo,Company Website
1277,Candidate 1277,Female,26,University of Moratuwa,Finance,2026,Colombo,Company Website
1278,Candidate 1278,Female,26,University of Moratuwa,Human Resource Management,2026,Kandy,Job Portal
1279,Candidate 1279,Male,21,Wayamba University,Marketing,2028,Anuradhapura,Referral
1280,Candidate 1280,Female,21,South Eastern University of Sri Lanka,Finance,2028,Matara,Company Website
1281,Candidate 1281,Female,23,University of Kelaniya,Marketing,2028,Negombo,Company Website
1282,Candidate 1282,Male,21,University of Sri Jayewardenepura,Human Resource Management,2026,Ampara,LinkedIn
1283,Candidate 1283,Female,23,Uva Wellassa University,Data Science,2027,Kurunegala,Company Website
1284,Candidate 1284,Male,26,University of Peradeniya,Business Management,2027,Anuradhapura,Referral
1285,Candidate 1285,Male,23,Wayamba University,Finance,2027,Matara,University Career Fair
1286,Candidate 1286,Female,22,Sabaragamuwa University,Finance,2027,Ampara,LinkedIn
1287,Candidate 1287,Female,21,University of Kelaniya,Information Technology,2027,Kandy,Referral
1288,Candidate 1288,Male,26,University of Kelaniya,Software Engineering,2026,Kandy,LinkedIn
1289,Candidate 1289,Male,24,University of Sri Jayewardenepura,Finance,2026,Batticaloa,Referral
1290,Candidate 1290,Female,21,Uva Wellassa University,Data Science,2028,Anuradhapura,Job Portal
1291,Candidate 1291,Male,26,University of Kelaniya,Business Management,2027,Ampara,Job Portal
1292,Candidate 1292,Male,23,Wayamba University,Data Science,2027,Jaffna,LinkedIn
1293,Candidate 1293,Male,23,University of Sri Jayewardenepura,Human Resource Management,2028,Matara,Referral
1294,Candidate 1294,Male,22,University of Sri Jayewardenepura,Marketing,2028,Ampara,LinkedIn
1295,Candidate 1295,Female,26,Wayamba University,Computer Science,2027,Galle,Company Website
1296,Candidate 1296,Male,22,University of Colombo,Human Resource Management,2028,Batticaloa,Referral
1297,Candidate 1297,Female,23,University of Ruhuna,Business Management,2027,Negombo,LinkedIn
1298,Candidate 1298,Male,21,University of Moratuwa,Finance,2028,Negombo,Job Portal
1299,Candidate 1299,Female,23,University of Sri Jayewardenepura,Marketing,2026,Anuradhapura,Referral
1300,Candidate 1300,Female,20,South Eastern University of Sri Lanka,Human Resource Management,2028,Kurunegala,LinkedIn
1301,Candidate 1301,Male,25,Wayamba University,Data Science,2026,Negombo,University Career Fair
1302,Candidate 1302,Male,21,University of Peradeniya,Marketing,2027,Jaffna,LinkedIn
1303,Candidate 1303,Male,23,University of Colombo,Finance,2028,Colombo,LinkedIn
1304,Candidate 1304,Female,23,University of Moratuwa,Information Technology,2026,Anuradhapura,University Career Fair
1305,Candidate 1305,Male,23,University of Sri Jayewardenepura,Data Science,2026,Kurunegala,University Career Fair
1306,Candidate 1306,Female,21,Uva Wellassa University,Business Management,2028,Jaffna,University Career Fair
1307,Candidate 1307,Female,22,University of Sri Jayewardenepura,Computer Science,2026,Matara,LinkedIn
1308,Candidate 1308,Female,24,University of Sri Jayewardenepura,Finance,2028,Matara,University Career Fair
1309,Candidate 1309,Male,25,University of Peradeniya,Business Management,2028,Matara,Referral
1310,Candidate 1310,Female,23,Uva Wellassa University,Data Science,2027,Jaffna,LinkedIn
1311,Candidate 1311,Female,23,University of Ruhuna,Data Science,2028,Negombo,LinkedIn
1312,Candidate 1312,Male,21,University of Moratuwa,Business Management,2028,Anuradhapura,Referral
1313,Candidate 1313,Male,25,University of Sri Jayewardenepura,Human Resource Management,2027,Anuradhapura,LinkedIn
1314,Candidate 1314,Female,20,University of Peradeniya,Finance,2027,Matara,LinkedIn
1315,Candidate 1315,Male,24,University of Colombo,Human Resource Management,2026,Kandy,Company Website
1316,Candidate 1316,Female,23,South Eastern University of Sri Lanka,Marketing,2026,Ampara,LinkedIn
1317,Candidate 1317,Female,20,University of Moratuwa,Finance,2028,Matara,University Career Fair
1318,Candidate 1318,Male,20,Wayamba University,Software Engineering,2028,Matara,LinkedIn
1319,Candidate 1319,Female,26,University of Moratuwa,Data Science,2026,Negombo,LinkedIn
1320,Candidate 1320,Female,20,Wayamba University,Marketing,2026,Kandy,Company Website
1321,Candidate 1321,Male,25,University of Kelaniya,Data Science,2027,Batticaloa,LinkedIn
1322,Candidate 1322,Male,25,Wayamba University,Software Engineering,2027,Colombo,Job Portal
1323,Candidate 1323,Male,23,University of Kelaniya,Human Resource Management,2026,Negombo,LinkedIn
1324,Candidate 1324,Female,26,University of Sri Jayewardenepura,Software Engineering,2027,Jaffna,LinkedIn
1325,Candidate 1325,Male,23,University of Colombo,Computer Science,2027,Jaffna,Company Website
1326,Candidate 1326,Male,21,University of Peradeniya,Data Science,2028,Galle,LinkedIn
1327,Candidate 1327,Male,26,South Eastern University of Sri Lanka,Finance,2028,Jaffna,Company Website
1328,Candidate 1328,Female,23,University of Peradeniya,Software Engineering,2026,Kandy,Referral
1329,Candidate 1329,Male,20,University of Ruhuna,Finance,2026,Ampara,LinkedIn
1330,Candidate 1330,Male,20,University of Kelaniya,Finance,2026,Kandy,Job Portal
1331,Candidate 1331,Female,22,Uva Wellassa University,Human Resource Management,2026,Anuradhapura,Job Portal
1332,Candidate 1332,Male,22,University of Peradeniya,Finance,2028,Ampara,Company Website
1333,Candidate 1333,Male,22,University of Moratuwa,Finance,2028,Matara,LinkedIn
1334,Candidate 1334,Male,24,Uva Wellassa University,Human Resource Management,2027,Anuradhapura,Company Website
1335,Candidate 1335,Male,24,Uva Wellassa University,Computer Science,2026,Colombo,Company Website
1336,Candidate 1336,Male,22,University of Sri Jayewardenepura,Marketing,2026,Negombo,LinkedIn
1337,Candidate 1337,Male,22,Sabaragamuwa University,Business Management,2026,Galle,Referral
1338,Candidate 1338,Male,21,Uva Wellassa University,Human Resource Management,2028,Batticaloa,LinkedIn
1339,Candidate 1339,Female,25,University of Colombo,Marketing,2028,Kurunegala,Job Portal
1340,Candidate 1340,Male,26,South Eastern University of Sri Lanka,Finance,2026,Jaffna,University Career Fair
1341,Candidate 1341,Male,26,University of Sri Jayewardenepura,Marketing,2028,Batticaloa,LinkedIn
1342,Candidate 1342,Male,20,Sabaragamuwa University,Information Technology,2026,Colombo,Company Website
1343,Candidate 1343,Male,21,University of Moratuwa,Information Technology,2026,Negombo,University Career Fair
1344,Candidate 1344,Male,21,Wayamba University,Information Technology,2027,Matara,Referral
1345,Candidate 1345,Male,21,University of Ruhuna,Data Science,2028,Jaffna,Referral
1346,Candidate 1346,Female,25,University of Sri Jayewardenepura,Business Management,2027,Kandy,Email Campaign
1347,Candidate 1347,Female,23,University of Ruhuna,Data Science,2027,Matara,University Career Fair
1348,Candidate 1348,Female,26,University of Moratuwa,Human Resource Management,2026,Ampara,University Career Fair
1349,Candidate 1349,Male,26,University of Kelaniya,Data Science,2028,Galle,Referral
1350,Candidate 1350,Female,22,Sabaragamuwa University,Business Management,2027,Anuradhapura,Company Website
1351,Candidate 1351,Male,22,University of Moratuwa,Human Resource Management,2026,Galle,Job Portal
1352,Candidate 1352,Male,20,Wayamba University,Finance,2027,Ampara,Job Portal
1353,Candidate 1353,Female,25,South Eastern University of Sri Lanka,Marketing,2027,Kurunegala,Company Website
1354,Candidate 1354,Male,23,University of Colombo,Information Technology,2027,Negombo,LinkedIn
1355,Candidate 1355,Female,22,South Eastern University of Sri Lanka,Human Resource Management,2028,Batticaloa,Company Website
1356,Candidate 1356,Female,23,University of Sri Jayewardenepura,Software Engineering,2027,Colombo,Job Portal
1357,Candidate 1357,Female,25,University of Colombo,Data Science,2027,Negombo,University Career Fair
1358,Candidate 1358,Male,22,University of Sri Jayewardenepura,Data Science,2026,Kandy,Job Portal
1359,Candidate 1359,Female,23,Uva Wellassa University,Information Technology,2028,Jaffna,Job Portal
1360,Candidate 1360,Male,26,University of Ruhuna,Business Management,2028,Kurunegala,University Career Fair
1361,Candidate 1361,Female,24,University of Kelaniya,Marketing,2028,Kandy,LinkedIn
1362,Candidate 1362,Female,26,University of Moratuwa,Business Management,2028,Jaffna,Job Portal
1363,Candidate 1363,Female,25,University of Kelaniya,Computer Science,2026,Matara,LinkedIn
1364,Candidate 1364,Male,26,University of Ruhuna,Marketing,2028,Kurunegala,Company Website
1365,Candidate 1365,Male,21,South Eastern University of Sri Lanka,Data Science,2028,Galle,LinkedIn
1366,Candidate 1366,Male,24,University of Peradeniya,Human Resource Management,2028,Jaffna,LinkedIn
1367,Candidate 1367,Male,25,University of Moratuwa,Software Engineering,2027,Ampara,University Career Fair
1368,Candidate 1368,Male,26,University of Moratuwa,Information Technology,2027,Kandy,Referral
1369,Candidate 1369,Female,20,South Eastern University of Sri Lanka,Computer Science,2028,Jaffna,University Career Fair
1370,Candidate 1370,Male,20,University of Colombo,Business Management,2026,Negombo,Job Portal
1371,Candidate 1371,Male,20,University of Sri Jayewardenepura,Computer Science,2027,Negombo,University Career Fair
1372,Candidate 1372,Female,23,Sabaragamuwa University,Finance,2028,Ampara,Referral
1373,Candidate 1373,Female,22,University of Sri Jayewardenepura,Finance,2028,Ampara,Referral
1374,Candidate 1374,Male,22,South Eastern University of Sri Lanka,Information Technology,2026,Matara,Job Portal
1375,Candidate 1375,Female,25,University of Moratuwa,Computer Science,2028,Kandy,Job Portal
1376,Candidate 1376,Female,25,University of Sri Jayewardenepura,Finance,2027,Negombo,Company Website
1377,Candidate 1377,Female,24,University of Ruhuna,Software Engineering,2026,Batticaloa,LinkedIn
1378,Candidate 1378,Female,26,University of Colombo,Finance,2028,Matara,LinkedIn
1379,Candidate 1379,Female,23,Uva Wellassa University,Information Technology,2027,Ampara,Job Portal
1380,Candidate 1380,Female,25,University of Peradeniya,Marketing,2027,Negombo,LinkedIn
1381,Candidate 1381,Male,26,Wayamba University,Computer Science,2026,Matara,Job Portal
1382,Candidate 1382,Female,26,Wayamba University,Human Resource Management,2026,Matara,Email Campaign
1383,Candidate 1383,Female,25,Wayamba University,Software Engineering,2026,Jaffna,LinkedIn
1384,Candidate 1384,Male,20,University of Ruhuna,Computer Science,2026,Batticaloa,Job Portal
1385,Candidate 1385,Female,21,University of Kelaniya,Human Resource Management,2028,Kandy,Company Website
1386,Candidate 1386,Female,20,South Eastern University of Sri Lanka,Software Engineering,2028,Negombo,LinkedIn
1387,Candidate 1387,Female,23,University of Ruhuna,Marketing,2026,Jaffna,Referral
1388,Candidate 1388,Female,20,University of Peradeniya,Information Technology,2027,Negombo,Job Portal
1389,Candidate 1389,Male,24,South Eastern University of Sri Lanka,Data Science,2027,Ampara,Company Website
1390,Candidate 1390,Male,22,University of Colombo,Software Engineering,2027,Ampara,Referral
1391,Candidate 1391,Female,26,University of Moratuwa,Software Engineering,2026,Ampara,LinkedIn
1392,Candidate 1392,Female,22,University of Moratuwa,Business Management,2026,Matara,Company Website
1393,Candidate 1393,Male,24,University of Kelaniya,Data Science,2028,Colombo,Company Website
1394,Candidate 1394,Female,24,University of Peradeniya,Business Management,2028,Negombo,University Career Fair
1395,Candidate 1395,Male,23,University of Kelaniya,Marketing,2026,Batticaloa,LinkedIn
1396,Candidate 1396,Male,26,University of Sri Jayewardenepura,Computer Science,2026,Matara,Company Website
1397,Candidate 1397,Female,26,University of Moratuwa,Computer Science,2028,Ampara,Referral
1398,Candidate 1398,Female,22,University of Ruhuna,Marketing,2026,Anuradhapura,Company Website
1399,Candidate 1399,Female,25,University of Sri Jayewardenepura,Marketing,2026,Galle,Referral
1400,Candidate 1400,Male,26,University of Kelaniya,Human Resource Management,2028,Galle,Company Website
1401,Candidate 1401,Female,25,Sabaragamuwa University,Business Management,2026,Jaffna,LinkedIn
1402,Candidate 1402,Male,25,University of Colombo,Finance,2028,Negombo,LinkedIn
1403,Candidate 1403,Male,23,University of Ruhuna,Data Science,2026,Kandy,Referral
1404,Candidate 1404,Female,21,University of Colombo,Information Technology,2028,Batticaloa,Company Website
1405,Candidate 1405,Male,25,University of Ruhuna,Software Engineering,2026,Kandy,LinkedIn
1406,Candidate 1406,Female,22,Uva Wellassa University,Data Science,2028,Ampara,Job Portal
1407,Candidate 1407,Male,26,Sabaragamuwa University,Marketing,2027,Matara,Referral
1408,Candidate 1408,Male,20,University of Peradeniya,Information Technology,2027,Anuradhapura,LinkedIn
1409,Candidate 1409,Female,22,University of Peradeniya,Data Science,2027,Matara,Email Campaign
1410,Candidate 1410,Female,22,Uva Wellassa University,Data Science,2026,Batticaloa,LinkedIn
1411,Candidate 1411,Male,23,University of Colombo,Marketing,2028,Anuradhapura,Job Portal
1412,Candidate 1412,Female,20,Wayamba University,Information Technology,2026,Kandy,LinkedIn
1413,Candidate 1413,Male,20,Wayamba University,Human Resource Management,2027,Kandy,LinkedIn
1414,Candidate 1414,Male,25,University of Moratuwa,Information Technology,2028,Kurunegala,Job Portal
1415,Candidate 1415,Male,20,University of Peradeniya,Business Management,2027,Anuradhapura,LinkedIn
1416,Candidate 1416,Male,21,University of Kelaniya,Computer Science,2028,Kurunegala,Company Website
1417,Candidate 1417,Female,21,Uva Wellassa University,Human Resource Management,2028,Batticaloa,University Career Fair
1418,Candidate 1418,Female,24,Wayamba University,Software Engineering,2028,Kandy,Company Website
1419,Candidate 1419,Male,21,University of Colombo,Software Engineering,2026,Kurunegala,Job Portal
1420,Candidate 1420,Male,21,Uva Wellassa University,Software Engineering,2028,Batticaloa,Referral
1421,Candidate 1421,Female,20,Wayamba University,Business Management,2027,Ampara,Company Website
1422,Candidate 1422,Male,23,Sabaragamuwa University,Information Technology,2027,Ampara,Job Portal
1423,Candidate 1423,Male,24,University of Sri Jayewardenepura,Information Technology,2028,Kurunegala,Email Campaign
1424,Candidate 1424,Male,25,South Eastern University of Sri Lanka,Data Science,2027,Galle,Referral
1425,Candidate 1425,Female,23,University of Colombo,Software Engineering,2026,Kurunegala,LinkedIn
1426,Candidate 1426,Male,25,Wayamba University,Marketing,2026,Batticaloa,Company Website
1427,Candidate 1427,Female,22,University of Kelaniya,Data Science,2026,Kurunegala,LinkedIn
1428,Candidate 1428,Female,21,University of Ruhuna,Information Technology,2026,Galle,University Career Fair
1429,Candidate 1429,Female,24,Sabaragamuwa University,Information Technology,2028,Batticaloa,Company Website
1430,Candidate 1430,Female,24,University of Kelaniya,Information Technology,2026,Galle,Referral
1431,Candidate 1431,Female,21,South Eastern University of Sri Lanka,Marketing,2027,Negombo,LinkedIn
1432,Candidate 1432,Male,25,Wayamba University,Data Science,2028,Galle,LinkedIn
1433,Candidate 1433,Female,20,South Eastern University of Sri Lanka,Software Engineering,2028,Negombo,University Career Fair
1434,Candidate 1434,Female,21,Sabaragamuwa University,Finance,2027,Anuradhapura,Referral
1435,Candidate 1435,Female,24,University of Sri Jayewardenepura,Business Management,2028,Kandy,Job Portal
1436,Candidate 1436,Female,26,South Eastern University of Sri Lanka,Information Technology,2028,Kandy,LinkedIn
1437,Candidate 1437,Male,20,University of Moratuwa,Computer Science,2026,Kurunegala,Company Website
1438,Candidate 1438,Female,26,University of Colombo,Marketing,2028,Anuradhapura,Job Portal
1439,Candidate 1439,Male,23,Sabaragamuwa University,Information Technology,2027,Colombo,Company Website
1440,Candidate 1440,Male,25,University of Ruhuna,Finance,2026,Anuradhapura,Company Website
1441,Candidate 1441,Male,24,Sabaragamuwa University,Data Science,2028,Anuradhapura,Job Portal
1442,Candidate 1442,Male,20,South Eastern University of Sri Lanka,Data Science,2028,Batticaloa,Email Campaign
1443,Candidate 1443,Female,23,University of Ruhuna,Data Science,2027,Kandy,Referral
1444,Candidate 1444,Male,26,Wayamba University,Information Technology,2027,Kurunegala,University Career Fair
1445,Candidate 1445,Female,21,University of Colombo,Marketing,2026,Kurunegala,Job Portal
1446,Candidate 1446,Male,23,Uva Wellassa University,Human Resource Management,2026,Batticaloa,LinkedIn
1447,Candidate 1447,Female,22,University of Kelaniya,Finance,2026,Colombo,Referral
1448,Candidate 1448,Male,23,South Eastern University of Sri Lanka,Computer Science,2026,Ampara,University Career Fair
1449,Candidate 1449,Male,24,Wayamba University,Data Science,2027,Kandy,Job Portal
1450,Candidate 1450,Male,21,University of Kelaniya,Software Engineering,2027,Ampara,Referral
1451,Candidate 1451,Female,23,University of Moratuwa,Business Management,2026,Matara,Company Website
1452,Candidate 1452,Female,21,University of Moratuwa,Finance,2028,Ampara,LinkedIn
1453,Candidate 1453,Male,20,University of Sri Jayewardenepura,Business Management,2026,Galle,Referral
1454,Candidate 1454,Female,20,University of Moratuwa,Software Engineering,2027,Kurunegala,LinkedIn
1455,Candidate 1455,Female,24,Sabaragamuwa University,Data Science,2027,Ampara,University Career Fair
1456,Candidate 1456,Female,21,University of Peradeniya,Information Technology,2026,Galle,LinkedIn
1457,Candidate 1457,Male,26,University of Sri Jayewardenepura,Computer Science,2028,Batticaloa,University Career Fair
1458,Candidate 1458,Male,23,Sabaragamuwa University,Business Management,2027,Matara,LinkedIn
1459,Candidate 1459,Female,21,Uva Wellassa University,Data Science,2028,Anuradhapura,LinkedIn
1460,Candidate 1460,Female,26,University of Peradeniya,Business Management,2028,Jaffna,Company Website
1461,Candidate 1461,Female,21,Sabaragamuwa University,Information Technology,2028,Anuradhapura,Company Website
1462,Candidate 1462,Male,26,Uva Wellassa University,Data Science,2026,Kandy,LinkedIn
1463,Candidate 1463,Male,22,University of Sri Jayewardenepura,Data Science,2027,Colombo,Company Website
1464,Candidate 1464,Male,26,University of Colombo,Marketing,2027,Anuradhapura,Referral
1465,Candidate 1465,Male,21,South Eastern University of Sri Lanka,Marketing,2027,Colombo,University Career Fair
1466,Candidate 1466,Male,22,University of Peradeniya,Business Management,2027,Kurunegala,Job Portal
1467,Candidate 1467,Female,21,South Eastern University of Sri Lanka,Computer Science,2026,Colombo,LinkedIn
1468,Candidate 1468,Female,21,University of Kelaniya,Human Resource Management,2027,Negombo,LinkedIn
1469,Candidate 1469,Male,22,Sabaragamuwa University,Finance,2027,Kurunegala,LinkedIn
1470,Candidate 1470,Male,25,Wayamba University,Data Science,2027,Batticaloa,Company Website
1471,Candidate 1471,Female,25,Uva Wellassa University,Finance,2026,Kurunegala,LinkedIn
1472,Candidate 1472,Female,20,University of Peradeniya,Data Science,2028,Negombo,LinkedIn
1473,Candidate 1473,Male,21,Sabaragamuwa University,Information Technology,2026,Anuradhapura,Company Website
1474,Candidate 1474,Female,25,Sabaragamuwa University,Software Engineering,2028,Galle,LinkedIn
1475,Candidate 1475,Male,23,Wayamba University,Business Management,2028,Batticaloa,Job Portal
1476,Candidate 1476,Female,25,University of Peradeniya,Marketing,2026,Matara,University Career Fair
1477,Candidate 1477,Male,21,Uva Wellassa University,Business Management,2028,Galle,Referral
1478,Candidate 1478,Male,26,University of Sri Jayewardenepura,Marketing,2027,Anuradhapura,Job Portal
1479,Candidate 1479,Male,21,Sabaragamuwa University,Marketing,2028,Ampara,University Career Fair
1480,Candidate 1480,Female,21,University of Moratuwa,Computer Science,2026,Negombo,LinkedIn
1481,Candidate 1481,Male,26,Wayamba University,Human Resource Management,2028,Anuradhapura,Referral
1482,Candidate 1482,Male,22,University of Kelaniya,Information Technology,2026,Jaffna,LinkedIn
1483,Candidate 1483,Male,22,University of Colombo,Data Science,2027,Galle,Referral
1484,Candidate 1484,Male,25,University of Sri Jayewardenepura,Software Engineering,2028,Kandy,LinkedIn
1485,Candidate 1485,Female,25,Uva Wellassa University,Finance,2027,Kandy,Job Portal
1486,Candidate 1486,Female,25,University of Moratuwa,Marketing,2028,Kurunegala,Referral
1487,Candidate 1487,Male,25,University of Colombo,Finance,2026,Kurunegala,LinkedIn
1488,Candidate 1488,Male,24,Uva Wellassa University,Information Technology,2028,Ampara,Job Portal
1489,Candidate 1489,Female,26,Uva Wellassa University,Software Engineering,2027,Jaffna,Referral
1490,Candidate 1490,Male,24,University of Ruhuna,Data Science,2027,Jaffna,Company Website
1491,Candidate 1491,Female,22,University of Moratuwa,Human Resource Management,2026,Matara,LinkedIn
1492,Candidate 1492,Male,26,University of Moratuwa,Software Engineering,2028,Matara,Job Portal
1493,Candidate 1493,Male,25,University of Kelaniya,Computer Science,2027,Galle,Job Portal
1494,Candidate 1494,Female,25,Uva Wellassa University,Software Engineering,2026,Galle,LinkedIn
1495,Candidate 1495,Male,23,University of Ruhuna,Information Technology,2028,Anuradhapura,LinkedIn
1496,Candidate 1496,Male,24,University of Peradeniya,Marketing,2027,Colombo,LinkedIn
1497,Candidate 1497,Male,26,University of Colombo,Data Science,2026,Kandy,Referral
1498,Candidate 1498,Male,26,University of Colombo,Information Technology,2028,Batticaloa,Job Portal
1499,Candidate 1499,Male,21,University of Moratuwa,Human Resource Management,2028,Matara,Job Portal
1500,Candidate 1500,Female,22,Sabaragamuwa University,Data Science,2026,Colombo,University Career Fair
1501,Candidate 1501,Female,25,Wayamba University,Information Technology,2026,Colombo,LinkedIn
1502,Candidate 1502,Female,20,Wayamba University,Marketing,2026,Colombo,Job Portal
1503,Candidate 1503,Male,21,University of Ruhuna,Marketing,2026,Batticaloa,Company Website
1504,Candidate 1504,Male,25,University of Ruhuna,Information Technology,2027,Galle,Email Campaign
1505,Candidate 1505,Male,20,University of Kelaniya,Finance,2026,Negombo,Referral
1506,Candidate 1506,Female,20,University of Colombo,Data Science,2026,Ampara,University Career Fair
1507,Candidate 1507,Male,25,University of Ruhuna,Data Science,2028,Kurunegala,Company Website
1508,Candidate 1508,Female,22,University of Peradeniya,Business Management,2027,Batticaloa,Job Portal
1509,Candidate 1509,Male,26,University of Colombo,Data Science,2028,Galle,Referral
1510,Candidate 1510,Female,23,Sabaragamuwa University,Information Technology,2026,Negombo,University Career Fair
1511,Candidate 1511,Female,21,University of Peradeniya,Finance,2026,Galle,Job Portal
1512,Candidate 1512,Female,22,Sabaragamuwa University,Marketing,2027,Ampara,Company Website
1513,Candidate 1513,Female,21,University of Sri Jayewardenepura,Marketing,2027,Anuradhapura,University Career Fair
1514,Candidate 1514,Female,24,Wayamba University,Software Engineering,2027,Kandy,Company Website
1515,Candidate 1515,Female,24,Uva Wellassa University,Software Engineering,2028,Kandy,LinkedIn
1516,Candidate 1516,Male,21,University of Colombo,Finance,2028,Matara,Email Campaign
1517,Candidate 1517,Male,20,South Eastern University of Sri Lanka,Finance,2026,Kurunegala,University Career Fair
1518,Candidate 1518,Female,21,University of Sri Jayewardenepura,Software Engineering,2026,Galle,LinkedIn
1519,Candidate 1519,Male,23,University of Colombo,Marketing,2027,Colombo,Company Website
1520,Candidate 1520,Male,23,Uva Wellassa University,Data Science,2026,Galle,Referral
1521,Candidate 1521,Male,21,University of Peradeniya,Computer Science,2028,Ampara,LinkedIn
1522,Candidate 1522,Male,23,University of Moratuwa,Business Management,2027,Ampara,Company Website
1523,Candidate 1523,Female,26,University of Colombo,Business Management,2026,Galle,LinkedIn
1524,Candidate 1524,Male,24,University of Moratuwa,Data Science,2026,Ampara,Job Portal
1525,Candidate 1525,Female,24,University of Kelaniya,Business Management,2028,Jaffna,University Career Fair
1526,Candidate 1526,Male,22,University of Peradeniya,Marketing,2026,Jaffna,University Career Fair
1527,Candidate 1527,Male,21,University of Ruhuna,Data Science,2028,Anuradhapura,Company Website
1528,Candidate 1528,Male,26,Sabaragamuwa University,Human Resource Management,2027,Ampara,Job Portal
1529,Candidate 1529,Male,20,South Eastern University of Sri Lanka,Marketing,2026,Kurunegala,LinkedIn
1530,Candidate 1530,Male,22,Uva Wellassa University,Finance,2026,Jaffna,Referral
1531,Candidate 1531,Male,20,University of Sri Jayewardenepura,Computer Science,2027,Jaffna,Company Website
1532,Candidate 1532,Male,21,University of Kelaniya,Information Technology,2028,Negombo,LinkedIn
1533,Candidate 1533,Female,20,University of Colombo,Finance,2026,Kurunegala,LinkedIn
1534,Candidate 1534,Female,26,University of Kelaniya,Marketing,2028,Jaffna,Referral
1535,Candidate 1535,Female,25,South Eastern University of Sri Lanka,Data Science,2028,Kandy,Referral
1536,Candidate 1536,Male,24,University of Moratuwa,Computer Science,2028,Ampara,University Career Fair
1537,Candidate 1537,Male,22,University of Moratuwa,Data Science,2028,Matara,LinkedIn
1538,Candidate 1538,Male,25,University of Sri Jayewardenepura,Software Engineering,2028,Galle,Job Portal
1539,Candidate 1539,Male,24,Wayamba University,Finance,2027,Galle,Referral
1540,Candidate 1540,Female,24,University of Ruhuna,Computer Science,2028,Ampara,LinkedIn
1541,Candidate 1541,Male,21,Uva Wellassa University,Human Resource Management,2026,Colombo,LinkedIn
1542,Candidate 1542,Female,24,University of Peradeniya,Human Resource Management,2026,Matara,Referral
1543,Candidate 1543,Female,21,University of Peradeniya,Business Management,2028,Batticaloa,Referral
1544,Candidate 1544,Male,21,Sabaragamuwa University,Business Management,2027,Kurunegala,Job Portal
1545,Candidate 1545,Female,25,University of Moratuwa,Information Technology,2028,Matara,LinkedIn
1546,Candidate 1546,Female,23,University of Ruhuna,Data Science,2027,Batticaloa,University Career Fair
1547,Candidate 1547,Female,22,University of Peradeniya,Marketing,2028,Matara,Referral
1548,Candidate 1548,Male,24,University of Colombo,Software Engineering,2028,Anuradhapura,LinkedIn
1549,Candidate 1549,Male,22,University of Ruhuna,Data Science,2028,Ampara,Job Portal
1550,Candidate 1550,Male,23,Sabaragamuwa University,Information Technology,2027,Matara,University Career Fair
1551,Candidate 1551,Female,20,University of Peradeniya,Data Science,2028,Kandy,Job Portal
1552,Candidate 1552,Female,26,University of Ruhuna,Software Engineering,2027,Batticaloa,LinkedIn
1553,Candidate 1553,Female,24,Sabaragamuwa University,Software Engineering,2028,Matara,LinkedIn
1554,Candidate 1554,Female,20,Wayamba University,Data Science,2027,Galle,Company Website
1555,Candidate 1555,Female,24,University of Colombo,Marketing,2026,Batticaloa,Job Portal
1556,Candidate 1556,Female,21,University of Colombo,Software Engineering,2026,Ampara,Referral
1557,Candidate 1557,Male,20,University of Moratuwa,Information Technology,2027,Ampara,LinkedIn
1558,Candidate 1558,Female,26,University of Ruhuna,Software Engineering,2028,Kurunegala,LinkedIn
1559,Candidate 1559,Male,20,University of Ruhuna,Finance,2027,Galle,LinkedIn
1560,Candidate 1560,Female,23,Sabaragamuwa University,Data Science,2028,Ampara,Referral
1561,Candidate 1561,Female,26,University of Colombo,Software Engineering,2026,Negombo,Company Website
1562,Candidate 1562,Female,25,South Eastern University of Sri Lanka,Computer Science,2026,Matara,Job Portal
1563,Candidate 1563,Female,26,South Eastern University of Sri Lanka,Information Technology,2028,Ampara,Referral
1564,Candidate 1564,Male,23,University of Moratuwa,Human Resource Management,2028,Negombo,LinkedIn
1565,Candidate 1565,Male,25,University of Sri Jayewardenepura,Marketing,2028,Anuradhapura,Job Portal
1566,Candidate 1566,Female,21,South Eastern University of Sri Lanka,Software Engineering,2026,Negombo,Email Campaign
1567,Candidate 1567,Female,26,South Eastern University of Sri Lanka,Computer Science,2027,Kurunegala,University Career Fair
1568,Candidate 1568,Male,25,Sabaragamuwa University,Human Resource Management,2027,Ampara,Referral
1569,Candidate 1569,Female,24,South Eastern University of Sri Lanka,Information Technology,2026,Matara,University Career Fair
1570,Candidate 1570,Male,24,Uva Wellassa University,Data Science,2028,Ampara,Referral
1571,Candidate 1571,Female,25,University of Kelaniya,Information Technology,2026,Kandy,LinkedIn
1572,Candidate 1572,Male,24,University of Ruhuna,Information Technology,2027,Negombo,Job Portal
1573,Candidate 1573,Male,25,Sabaragamuwa University,Computer Science,2028,Kurunegala,Job Portal
1574,Candidate 1574,Male,21,Sabaragamuwa University,Marketing,2026,Jaffna,Job Portal
1575,Candidate 1575,Male,22,Sabaragamuwa University,Marketing,2028,Ampara,LinkedIn
1576,Candidate 1576,Female,26,University of Sri Jayewardenepura,Business Management,2027,Kurunegala,Referral
1577,Candidate 1577,Female,25,University of Sri Jayewardenepura,Computer Science,2027,Colombo,LinkedIn
1578,Candidate 1578,Male,26,South Eastern University of Sri Lanka,Finance,2027,Galle,Email Campaign
1579,Candidate 1579,Female,21,Wayamba University,Marketing,2026,Negombo,Company Website
1580,Candidate 1580,Male,26,Uva Wellassa University,Marketing,2026,Ampara,Email Campaign
1581,Candidate 1581,Male,23,South Eastern University of Sri Lanka,Data Science,2027,Jaffna,LinkedIn
1582,Candidate 1582,Male,24,University of Peradeniya,Marketing,2028,Kurunegala,Job Portal
1583,Candidate 1583,Male,22,University of Sri Jayewardenepura,Information Technology,2026,Colombo,University Career Fair
1584,Candidate 1584,Male,20,Uva Wellassa University,Information Technology,2028,Ampara,LinkedIn
1585,Candidate 1585,Male,23,South Eastern University of Sri Lanka,Data Science,2026,Jaffna,Referral
1586,Candidate 1586,Male,25,University of Ruhuna,Business Management,2028,Colombo,Referral
1587,Candidate 1587,Male,25,University of Colombo,Information Technology,2026,Matara,Job Portal
1588,Candidate 1588,Male,20,University of Moratuwa,Business Management,2027,Galle,LinkedIn
1589,Candidate 1589,Female,26,South Eastern University of Sri Lanka,Software Engineering,2027,Kandy,University Career Fair
1590,Candidate 1590,Male,23,University of Peradeniya,Human Resource Management,2028,Kandy,LinkedIn
1591,Candidate 1591,Female,23,South Eastern University of Sri Lanka,Human Resource Management,2026,Galle,Referral
1592,Candidate 1592,Male,25,Uva Wellassa University,Computer Science,2026,Batticaloa,Email Campaign
1593,Candidate 1593,Female,24,Uva Wellassa University,Computer Science,2026,Anuradhapura,Company Website
1594,Candidate 1594,Male,21,Uva Wellassa University,Computer Science,2028,Colombo,University Career Fair
1595,Candidate 1595,Male,21,South Eastern University of Sri Lanka,Information Technology,2026,Colombo,Referral
1596,Candidate 1596,Male,20,University of Moratuwa,Business Management,2027,Matara,LinkedIn
1597,Candidate 1597,Male,22,Wayamba University,Business Management,2027,Matara,University Career Fair
1598,Candidate 1598,Female,21,University of Kelaniya,Data Science,2026,Kurunegala,Email Campaign
1599,Candidate 1599,Male,24,Uva Wellassa University,Business Management,2026,Jaffna,Email Campaign
1600,Candidate 1600,Female,23,Sabaragamuwa University,Marketing,2028,Kurunegala,Job Portal
1601,Candidate 1601,Male,24,University of Ruhuna,Marketing,2026,Negombo,Referral
1602,Candidate 1602,Male,23,University of Moratuwa,Computer Science,2028,Kurunegala,Company Website
1603,Candidate 1603,Female,24,Wayamba University,Finance,2027,Colombo,LinkedIn
1604,Candidate 1604,Female,23,University of Moratuwa,Finance,2026,Kandy,LinkedIn
1605,Candidate 1605,Female,22,University of Moratuwa,Finance,2026,Colombo,Referral
1606,Candidate 1606,Male,25,South Eastern University of Sri Lanka,Software Engineering,2027,Negombo,Job Portal
1607,Candidate 1607,Male,24,University of Peradeniya,Marketing,2027,Negombo,LinkedIn
1608,Candidate 1608,Male,20,Wayamba University,Business Management,2028,Negombo,Job Portal
1609,Candidate 1609,Male,24,University of Ruhuna,Marketing,2027,Batticaloa,LinkedIn
1610,Candidate 1610,Male,26,Sabaragamuwa University,Human Resource Management,2026,Kurunegala,University Career Fair
1611,Candidate 1611,Male,23,University of Moratuwa,Finance,2028,Ampara,LinkedIn
1612,Candidate 1612,Male,22,University of Colombo,Computer Science,2027,Kurunegala,LinkedIn
1613,Candidate 1613,Female,20,Wayamba University,Computer Science,2027,Colombo,LinkedIn
1614,Candidate 1614,Male,26,University of Ruhuna,Business Management,2027,Batticaloa,Job Portal
1615,Candidate 1615,Female,20,Wayamba University,Finance,2027,Negombo,LinkedIn
1616,Candidate 1616,Female,25,Sabaragamuwa University,Human Resource Management,2028,Kandy,Job Portal
1617,Candidate 1617,Male,20,University of Sri Jayewardenepura,Computer Science,2026,Galle,LinkedIn
1618,Candidate 1618,Female,26,University of Ruhuna,Software Engineering,2026,Kandy,LinkedIn
1619,Candidate 1619,Female,26,Wayamba University,Computer Science,2028,Colombo,Referral
1620,Candidate 1620,Male,20,University of Colombo,Business Management,2026,Kurunegala,Referral
1621,Candidate 1621,Female,22,University of Moratuwa,Data Science,2028,Matara,LinkedIn
1622,Candidate 1622,Female,26,University of Moratuwa,Marketing,2028,Matara,Company Website
1623,Candidate 1623,Male,24,Sabaragamuwa University,Human Resource Management,2027,Batticaloa,Job Portal
1624,Candidate 1624,Female,21,University of Peradeniya,Business Management,2027,Kandy,Referral
1625,Candidate 1625,Male,25,University of Sri Jayewardenepura,Information Technology,2026,Matara,LinkedIn
1626,Candidate 1626,Male,25,University of Sri Jayewardenepura,Human Resource Management,2027,Jaffna,University Career Fair
1627,Candidate 1627,Female,21,Uva Wellassa University,Finance,2027,Matara,Company Website
1628,Candidate 1628,Male,21,University of Sri Jayewardenepura,Finance,2027,Matara,Job Portal
1629,Candidate 1629,Male,26,University of Ruhuna,Software Engineering,2026,Kurunegala,University Career Fair
1630,Candidate 1630,Female,26,Uva Wellassa University,Information Technology,2026,Matara,Job Portal
1631,Candidate 1631,Male,21,University of Colombo,Human Resource Management,2026,Kurunegala,LinkedIn
1632,Candidate 1632,Female,22,University of Kelaniya,Information Technology,2028,Kandy,Referral
1633,Candidate 1633,Male,21,University of Ruhuna,Marketing,2028,Batticaloa,LinkedIn
1634,Candidate 1634,Female,22,University of Peradeniya,Computer Science,2028,Ampara,Company Website
1635,Candidate 1635,Female,21,University of Kelaniya,Software Engineering,2027,Galle,Company Website
1636,Candidate 1636,Female,24,University of Ruhuna,Information Technology,2028,Colombo,Company Website
1637,Candidate 1637,Male,21,University of Peradeniya,Computer Science,2026,Negombo,Referral
1638,Candidate 1638,Male,24,University of Peradeniya,Business Management,2026,Negombo,Company Website
1639,Candidate 1639,Female,23,University of Ruhuna,Information Technology,2026,Kurunegala,University Career Fair
1640,Candidate 1640,Male,26,University of Sri Jayewardenepura,Finance,2028,Kurunegala,Company Website
1641,Candidate 1641,Female,25,University of Colombo,Information Technology,2026,Anuradhapura,Job Portal
1642,Candidate 1642,Female,25,University of Kelaniya,Software Engineering,2026,Batticaloa,Company Website
1643,Candidate 1643,Male,21,South Eastern University of Sri Lanka,Human Resource Management,2026,Colombo,Company Website
1644,Candidate 1644,Female,22,University of Colombo,Data Science,2027,Kandy,LinkedIn
1645,Candidate 1645,Male,24,South Eastern University of Sri Lanka,Human Resource Management,2028,Colombo,University Career Fair
1646,Candidate 1646,Male,23,University of Peradeniya,Computer Science,2026,Negombo,Company Website
1647,Candidate 1647,Female,26,University of Sri Jayewardenepura,Data Science,2026,Kandy,LinkedIn
1648,Candidate 1648,Female,23,Sabaragamuwa University,Finance,2028,Kurunegala,Company Website
1649,Candidate 1649,Female,22,Sabaragamuwa University,Computer Science,2027,Kurunegala,Company Website
1650,Candidate 1650,Female,20,University of Kelaniya,Computer Science,2026,Ampara,Job Portal
1651,Candidate 1651,Male,22,Sabaragamuwa University,Computer Science,2026,Negombo,Company Website
1652,Candidate 1652,Female,22,University of Sri Jayewardenepura,Information Technology,2026,Ampara,Company Website
1653,Candidate 1653,Female,25,Wayamba University,Human Resource Management,2028,Galle,Referral
1654,Candidate 1654,Female,22,University of Ruhuna,Marketing,2027,Kurunegala,LinkedIn
1655,Candidate 1655,Female,26,Uva Wellassa University,Information Technology,2027,Matara,Company Website
1656,Candidate 1656,Female,22,University of Peradeniya,Computer Science,2027,Galle,University Career Fair
1657,Candidate 1657,Male,24,University of Kelaniya,Data Science,2027,Matara,Referral
1658,Candidate 1658,Female,20,Sabaragamuwa University,Computer Science,2026,Kurunegala,Job Portal
1659,Candidate 1659,Male,20,Sabaragamuwa University,Business Management,2026,Ampara,Referral
1660,Candidate 1660,Male,20,University of Kelaniya,Data Science,2027,Kurunegala,Job Portal
1661,Candidate 1661,Male,20,University of Kelaniya,Data Science,2028,Jaffna,University Career Fair
1662,Candidate 1662,Male,22,University of Sri Jayewardenepura,Computer Science,2027,Batticaloa,LinkedIn
1663,Candidate 1663,Female,23,University of Ruhuna,Information Technology,2027,Kurunegala,Company Website
1664,Candidate 1664,Male,24,University of Ruhuna,Finance,2028,Galle,Company Website
1665,Candidate 1665,Male,22,University of Moratuwa,Marketing,2028,Jaffna,Referral
1666,Candidate 1666,Male,22,Uva Wellassa University,Human Resource Management,2028,Galle,Referral
1667,Candidate 1667,Female,20,University of Moratuwa,Human Resource Management,2028,Batticaloa,University Career Fair
1668,Candidate 1668,Female,23,South Eastern University of Sri Lanka,Marketing,2027,Ampara,Email Campaign
1669,Candidate 1669,Female,20,Wayamba University,Computer Science,2027,Kandy,Job Portal
1670,Candidate 1670,Female,26,University of Sri Jayewardenepura,Finance,2026,Negombo,University Career Fair
1671,Candidate 1671,Female,20,University of Ruhuna,Data Science,2027,Colombo,University Career Fair
1672,Candidate 1672,Female,26,University of Colombo,Information Technology,2026,Kurunegala,Job Portal
1673,Candidate 1673,Male,22,Uva Wellassa University,Information Technology,2027,Negombo,University Career Fair
1674,Candidate 1674,Female,26,University of Colombo,Information Technology,2028,Negombo,Company Website
1675,Candidate 1675,Male,25,University of Sri Jayewardenepura,Data Science,2028,Matara,LinkedIn
1676,Candidate 1676,Male,22,University of Kelaniya,Computer Science,2027,Negombo,Company Website
1677,Candidate 1677,Male,20,University of Colombo,Data Science,2028,Kandy,University Career Fair
1678,Candidate 1678,Male,21,University of Peradeniya,Human Resource Management,2026,Anuradhapura,University Career Fair
1679,Candidate 1679,Male,20,University of Kelaniya,Marketing,2027,Galle,Job Portal
1680,Candidate 1680,Female,26,Uva Wellassa University,Human Resource Management,2028,Negombo,LinkedIn
1681,Candidate 1681,Male,25,University of Colombo,Data Science,2026,Jaffna,LinkedIn
1682,Candidate 1682,Male,23,Sabaragamuwa University,Business Management,2027,Kandy,Email Campaign
1683,Candidate 1683,Female,22,University of Kelaniya,Marketing,2027,Kandy,University Career Fair
1684,Candidate 1684,Female,21,University of Colombo,Business Management,2027,Kandy,Company Website
1685,Candidate 1685,Male,24,University of Kelaniya,Computer Science,2028,Negombo,University Career Fair
1686,Candidate 1686,Female,21,Sabaragamuwa University,Human Resource Management,2027,Colombo,Email Campaign
1687,Candidate 1687,Female,24,Wayamba University,Software Engineering,2027,Anuradhapura,Referral
1688,Candidate 1688,Male,21,University of Moratuwa,Finance,2028,Negombo,Referral
1689,Candidate 1689,Male,22,University of Kelaniya,Marketing,2026,Matara,Referral
1690,Candidate 1690,Female,24,University of Moratuwa,Business Management,2026,Batticaloa,Company Website
1691,Candidate 1691,Female,24,Uva Wellassa University,Marketing,2026,Colombo,LinkedIn
1692,Candidate 1692,Male,21,University of Peradeniya,Information Technology,2027,Matara,Referral
1693,Candidate 1693,Male,26,University of Sri Jayewardenepura,Information Technology,2026,Ampara,Job Portal
1694,Candidate 1694,Female,20,University of Colombo,Business Management,2026,Colombo,Job Portal
1695,Candidate 1695,Male,23,South Eastern University of Sri Lanka,Computer Science,2026,Batticaloa,LinkedIn
1696,Candidate 1696,Female,23,University of Moratuwa,Software Engineering,2026,Kurunegala,University Career Fair
1697,Candidate 1697,Female,21,University of Sri Jayewardenepura,Data Science,2027,Anuradhapura,Job Portal
1698,Candidate 1698,Male,20,Uva Wellassa University,Computer Science,2028,Kandy,LinkedIn
1699,Candidate 1699,Male,20,South Eastern University of Sri Lanka,Marketing,2028,Anuradhapura,Job Portal
1700,Candidate 1700,Female,21,Wayamba University,Human Resource Management,2026,Jaffna,Company Website
1701,Candidate 1701,Female,24,South Eastern University of Sri Lanka,Finance,2028,Anuradhapura,Job Portal
1702,Candidate 1702,Male,23,University of Ruhuna,Marketing,2026,Negombo,LinkedIn
1703,Candidate 1703,Female,20,University of Peradeniya,Human Resource Management,2026,Colombo,Company Website
1704,Candidate 1704,Female,20,University of Sri Jayewardenepura,Business Management,2027,Ampara,Company Website
1705,Candidate 1705,Male,26,University of Moratuwa,Business Management,2026,Anuradhapura,Company Website
1706,Candidate 1706,Female,23,Uva Wellassa University,Computer Science,2028,Kandy,Company Website
1707,Candidate 1707,Female,25,University of Colombo,Computer Science,2027,Ampara,Referral
1708,Candidate 1708,Female,26,University of Colombo,Data Science,2026,Anuradhapura,Job Portal
1709,Candidate 1709,Female,26,University of Colombo,Software Engineering,2027,Kandy,Job Portal
1710,Candidate 1710,Male,22,University of Peradeniya,Marketing,2028,Negombo,Job Portal
1711,Candidate 1711,Female,21,University of Kelaniya,Computer Science,2026,Colombo,University Career Fair
1712,Candidate 1712,Male,25,South Eastern University of Sri Lanka,Marketing,2027,Kurunegala,Job Portal
1713,Candidate 1713,Male,20,University of Colombo,Computer Science,2026,Anuradhapura,Company Website
1714,Candidate 1714,Female,25,University of Colombo,Human Resource Management,2026,Ampara,Job Portal
1715,Candidate 1715,Male,23,University of Ruhuna,Data Science,2026,Matara,LinkedIn
1716,Candidate 1716,Female,22,University of Sri Jayewardenepura,Finance,2027,Colombo,LinkedIn
1717,Candidate 1717,Male,24,University of Colombo,Software Engineering,2027,Anuradhapura,Company Website
1718,Candidate 1718,Male,26,University of Sri Jayewardenepura,Computer Science,2026,Colombo,LinkedIn
1719,Candidate 1719,Male,22,University of Colombo,Finance,2027,Negombo,Company Website
1720,Candidate 1720,Male,22,University of Moratuwa,Marketing,2027,Kandy,Company Website
1721,Candidate 1721,Male,22,Wayamba University,Software Engineering,2027,Batticaloa,Job Portal
1722,Candidate 1722,Male,23,University of Kelaniya,Finance,2028,Kurunegala,Job Portal
1723,Candidate 1723,Male,24,University of Kelaniya,Finance,2028,Anuradhapura,University Career Fair
1724,Candidate 1724,Male,22,University of Ruhuna,Human Resource Management,2027,Kandy,LinkedIn
1725,Candidate 1725,Male,26,Wayamba University,Software Engineering,2027,Anuradhapura,LinkedIn
1726,Candidate 1726,Female,25,University of Moratuwa,Computer Science,2026,Matara,Company Website
1727,Candidate 1727,Female,20,University of Colombo,Human Resource Management,2026,Kurunegala,Referral
1728,Candidate 1728,Female,22,University of Peradeniya,Computer Science,2027,Negombo,Referral
1729,Candidate 1729,Male,26,University of Ruhuna,Marketing,2027,Colombo,LinkedIn
1730,Candidate 1730,Female,21,University of Ruhuna,Computer Science,2028,Kurunegala,LinkedIn
1731,Candidate 1731,Female,20,Uva Wellassa University,Finance,2027,Negombo,LinkedIn
1732,Candidate 1732,Male,22,Uva Wellassa University,Marketing,2027,Colombo,Job Portal
1733,Candidate 1733,Female,25,University of Kelaniya,Human Resource Management,2027,Negombo,Company Website
1734,Candidate 1734,Female,21,University of Ruhuna,Human Resource Management,2028,Jaffna,LinkedIn
1735,Candidate 1735,Male,22,University of Kelaniya,Information Technology,2026,Anuradhapura,Referral
1736,Candidate 1736,Female,20,Uva Wellassa University,Business Management,2027,Kurunegala,Company Website
1737,Candidate 1737,Male,20,University of Kelaniya,Finance,2027,Galle,University Career Fair
1738,Candidate 1738,Male,23,University of Colombo,Human Resource Management,2026,Batticaloa,University Career Fair
1739,Candidate 1739,Male,23,University of Colombo,Information Technology,2027,Negombo,Company Website
1740,Candidate 1740,Male,23,University of Moratuwa,Business Management,2027,Kurunegala,Job Portal
1741,Candidate 1741,Male,21,University of Moratuwa,Data Science,2028,Colombo,LinkedIn
1742,Candidate 1742,Male,21,Wayamba University,Human Resource Management,2028,Batticaloa,LinkedIn
1743,Candidate 1743,Male,20,University of Kelaniya,Business Management,2026,Batticaloa,University Career Fair
1744,Candidate 1744,Male,24,University of Sri Jayewardenepura,Finance,2026,Kandy,University Career Fair
1745,Candidate 1745,Male,24,University of Peradeniya,Software Engineering,2026,Batticaloa,Company Website
1746,Candidate 1746,Female,20,University of Ruhuna,Business Management,2026,Colombo,Referral
1747,Candidate 1747,Female,22,University of Ruhuna,Finance,2027,Kurunegala,Company Website
1748,Candidate 1748,Male,22,University of Colombo,Business Management,2026,Negombo,LinkedIn
1749,Candidate 1749,Male,26,South Eastern University of Sri Lanka,Finance,2026,Ampara,Job Portal
1750,Candidate 1750,Male,25,University of Moratuwa,Marketing,2028,Kandy,Email Campaign
1751,Candidate 1751,Male,24,Wayamba University,Marketing,2028,Kandy,Job Portal
1752,Candidate 1752,Male,24,Sabaragamuwa University,Human Resource Management,2027,Kurunegala,LinkedIn
1753,Candidate 1753,Female,21,South Eastern University of Sri Lanka,Software Engineering,2027,Jaffna,University Career Fair
1754,Candidate 1754,Male,25,University of Sri Jayewardenepura,Human Resource Management,2028,Ampara,Referral
1755,Candidate 1755,Female,24,Wayamba University,Information Technology,2027,Matara,Company Website
1756,Candidate 1756,Female,26,University of Ruhuna,Software Engineering,2028,Galle,Job Portal
1757,Candidate 1757,Male,26,University of Ruhuna,Data Science,2028,Kurunegala,Job Portal
1758,Candidate 1758,Female,22,University of Peradeniya,Information Technology,2027,Ampara,University Career Fair
1759,Candidate 1759,Male,24,Sabaragamuwa University,Software Engineering,2026,Matara,LinkedIn
1760,Candidate 1760,Male,23,University of Kelaniya,Human Resource Management,2028,Kandy,LinkedIn
1761,Candidate 1761,Male,26,University of Ruhuna,Computer Science,2028,Galle,Email Campaign
1762,Candidate 1762,Male,24,Wayamba University,Marketing,2027,Batticaloa,LinkedIn
1763,Candidate 1763,Male,25,University of Kelaniya,Information Technology,2027,Batticaloa,Company Website
1764,Candidate 1764,Male,25,University of Colombo,Information Technology,2028,Batticaloa,Job Portal
1765,Candidate 1765,Female,25,Sabaragamuwa University,Marketing,2027,Matara,Company Website
1766,Candidate 1766,Male,25,Uva Wellassa University,Information Technology,2026,Colombo,Company Website
1767,Candidate 1767,Female,25,Sabaragamuwa University,Marketing,2027,Matara,LinkedIn
1768,Candidate 1768,Female,26,University of Peradeniya,Software Engineering,2027,Matara,Referral
1769,Candidate 1769,Female,22,South Eastern University of Sri Lanka,Marketing,2027,Galle,Email Campaign
1770,Candidate 1770,Male,26,University of Sri Jayewardenepura,Marketing,2028,Kurunegala,Company Website
1771,Candidate 1771,Female,20,South Eastern University of Sri Lanka,Business Management,2026,Kandy,Referral
1772,Candidate 1772,Female,23,University of Sri Jayewardenepura,Data Science,2027,Kurunegala,Email Campaign
1773,Candidate 1773,Male,21,University of Kelaniya,Data Science,2026,Jaffna,Company Website
1774,Candidate 1774,Male,20,Uva Wellassa University,Computer Science,2028,Anuradhapura,Job Portal
1775,Candidate 1775,Male,23,University of Colombo,Finance,2026,Kurunegala,Job Portal
1776,Candidate 1776,Female,25,Sabaragamuwa University,Data Science,2027,Kurunegala,Job Portal
1777,Candidate 1777,Male,23,University of Ruhuna,Human Resource Management,2027,Kandy,Job Portal
1778,Candidate 1778,Female,25,University of Peradeniya,Finance,2026,Jaffna,Company Website
1779,Candidate 1779,Female,21,Wayamba University,Finance,2027,Matara,Company Website
1780,Candidate 1780,Male,25,South Eastern University of Sri Lanka,Computer Science,2027,Kandy,Job Portal
1781,Candidate 1781,Female,21,Wayamba University,Computer Science,2028,Colombo,LinkedIn
1782,Candidate 1782,Female,26,University of Sri Jayewardenepura,Software Engineering,2027,Matara,LinkedIn
1783,Candidate 1783,Male,25,Sabaragamuwa University,Business Management,2026,Jaffna,Company Website
1784,Candidate 1784,Male,24,University of Sri Jayewardenepura,Computer Science,2027,Kandy,University Career Fair
1785,Candidate 1785,Male,25,University of Moratuwa,Computer Science,2027,Kurunegala,Company Website
1786,Candidate 1786,Male,25,South Eastern University of Sri Lanka,Human Resource Management,2028,Galle,Job Portal
1787,Candidate 1787,Male,22,Sabaragamuwa University,Human Resource Management,2028,Ampara,Company Website
1788,Candidate 1788,Female,22,University of Peradeniya,Software Engineering,2026,Kurunegala,University Career Fair
1789,Candidate 1789,Female,22,University of Sri Jayewardenepura,Marketing,2026,Galle,University Career Fair
1790,Candidate 1790,Female,25,University of Peradeniya,Finance,2028,Ampara,Company Website
1791,Candidate 1791,Female,26,Sabaragamuwa University,Marketing,2028,Jaffna,LinkedIn
1792,Candidate 1792,Female,24,University of Sri Jayewardenepura,Marketing,2026,Anuradhapura,Job Portal
1793,Candidate 1793,Female,25,South Eastern University of Sri Lanka,Marketing,2027,Matara,University Career Fair
1794,Candidate 1794,Female,20,University of Kelaniya,Human Resource Management,2028,Jaffna,Referral
1795,Candidate 1795,Male,22,Sabaragamuwa University,Marketing,2026,Negombo,Job Portal
1796,Candidate 1796,Male,26,University of Peradeniya,Finance,2026,Negombo,University Career Fair
1797,Candidate 1797,Male,26,University of Ruhuna,Information Technology,2028,Batticaloa,Job Portal
1798,Candidate 1798,Male,25,University of Colombo,Software Engineering,2027,Anuradhapura,LinkedIn
1799,Candidate 1799,Male,26,Wayamba University,Marketing,2028,Jaffna,Referral
1800,Candidate 1800,Male,22,South Eastern University of Sri Lanka,Marketing,2026,Anuradhapura,Company Website
1801,Candidate 1801,Male,20,University of Colombo,Information Technology,2028,Ampara,Job Portal
1802,Candidate 1802,Male,21,University of Kelaniya,Business Management,2026,Jaffna,Company Website
1803,Candidate 1803,Male,20,University of Kelaniya,Information Technology,2027,Ampara,LinkedIn
1804,Candidate 1804,Female,26,University of Peradeniya,Information Technology,2026,Anuradhapura,Company Website
1805,Candidate 1805,Female,20,University of Colombo,Data Science,2026,Negombo,Job Portal
1806,Candidate 1806,Male,26,Uva Wellassa University,Business Management,2027,Ampara,University Career Fair
1807,Candidate 1807,Male,22,University of Kelaniya,Human Resource Management,2026,Kandy,Referral
1808,Candidate 1808,Female,23,University of Kelaniya,Marketing,2026,Jaffna,Email Campaign
1809,Candidate 1809,Female,23,University of Kelaniya,Software Engineering,2027,Colombo,Email Campaign
1810,Candidate 1810,Female,22,Wayamba University,Information Technology,2027,Jaffna,Company Website
1811,Candidate 1811,Male,23,University of Sri Jayewardenepura,Human Resource Management,2027,Matara,Company Website
1812,Candidate 1812,Female,22,University of Moratuwa,Information Technology,2026,Anuradhapura,LinkedIn
1813,Candidate 1813,Female,24,University of Sri Jayewardenepura,Information Technology,2026,Ampara,Company Website
1814,Candidate 1814,Female,24,Uva Wellassa University,Software Engineering,2026,Matara,Referral
1815,Candidate 1815,Female,25,South Eastern University of Sri Lanka,Data Science,2026,Batticaloa,Company Website
1816,Candidate 1816,Female,26,University of Colombo,Business Management,2028,Jaffna,Job Portal
1817,Candidate 1817,Female,24,Sabaragamuwa University,Finance,2028,Jaffna,Referral
1818,Candidate 1818,Female,24,Wayamba University,Information Technology,2026,Ampara,Company Website
1819,Candidate 1819,Female,21,University of Colombo,Data Science,2028,Kandy,LinkedIn
1820,Candidate 1820,Female,26,University of Peradeniya,Computer Science,2027,Matara,LinkedIn
1821,Candidate 1821,Female,21,Wayamba University,Marketing,2027,Colombo,Referral
1822,Candidate 1822,Female,22,University of Kelaniya,Finance,2028,Batticaloa,Company Website
1823,Candidate 1823,Male,21,University of Kelaniya,Software Engineering,2028,Batticaloa,University Career Fair
1824,Candidate 1824,Female,23,Sabaragamuwa University,Software Engineering,2027,Galle,LinkedIn
1825,Candidate 1825,Female,20,South Eastern University of Sri Lanka,Marketing,2026,Galle,University Career Fair
1826,Candidate 1826,Male,22,University of Sri Jayewardenepura,Software Engineering,2028,Kandy,University Career Fair
1827,Candidate 1827,Female,20,University of Colombo,Human Resource Management,2028,Galle,LinkedIn
1828,Candidate 1828,Male,22,University of Colombo,Software Engineering,2027,Kurunegala,Job Portal
1829,Candidate 1829,Female,24,University of Kelaniya,Finance,2028,Ampara,Job Portal
1830,Candidate 1830,Male,20,Uva Wellassa University,Data Science,2026,Jaffna,Referral
1831,Candidate 1831,Female,24,University of Peradeniya,Data Science,2028,Negombo,Company Website
1832,Candidate 1832,Female,22,Uva Wellassa University,Business Management,2028,Negombo,Company Website
1833,Candidate 1833,Female,21,University of Moratuwa,Computer Science,2026,Jaffna,LinkedIn
1834,Candidate 1834,Male,21,University of Moratuwa,Human Resource Management,2026,Batticaloa,LinkedIn
1835,Candidate 1835,Male,21,Wayamba University,Human Resource Management,2027,Matara,Referral
1836,Candidate 1836,Male,21,Wayamba University,Marketing,2027,Ampara,Company Website
1837,Candidate 1837,Female,22,Wayamba University,Finance,2028,Kandy,Job Portal
1838,Candidate 1838,Male,21,University of Kelaniya,Data Science,2027,Anuradhapura,University Career Fair
1839,Candidate 1839,Female,25,University of Peradeniya,Marketing,2028,Batticaloa,LinkedIn
1840,Candidate 1840,Female,26,Sabaragamuwa University,Finance,2028,Ampara,LinkedIn
1841,Candidate 1841,Male,23,South Eastern University of Sri Lanka,Data Science,2028,Colombo,LinkedIn
1842,Candidate 1842,Female,24,University of Sri Jayewardenepura,Computer Science,2028,Kurunegala,Referral
1843,Candidate 1843,Female,22,Wayamba University,Computer Science,2028,Kurunegala,LinkedIn
1844,Candidate 1844,Female,25,Sabaragamuwa University,Marketing,2026,Kurunegala,Referral
1845,Candidate 1845,Male,24,University of Colombo,Human Resource Management,2028,Matara,University Career Fair
1846,Candidate 1846,Female,25,Wayamba University,Information Technology,2026,Batticaloa,LinkedIn
1847,Candidate 1847,Male,25,University of Moratuwa,Data Science,2026,Ampara,Job Portal
1848,Candidate 1848,Male,20,Sabaragamuwa University,Computer Science,2027,Kandy,Job Portal
1849,Candidate 1849,Female,26,University of Sri Jayewardenepura,Computer Science,2027,Batticaloa,Job Portal
1850,Candidate 1850,Male,24,South Eastern University of Sri Lanka,Computer Science,2028,Ampara,University Career Fair
1851,Candidate 1851,Male,20,University of Sri Jayewardenepura,Data Science,2028,Kurunegala,LinkedIn
1852,Candidate 1852,Female,20,University of Kelaniya,Software Engineering,2028,Anuradhapura,University Career Fair
1853,Candidate 1853,Male,22,University of Kelaniya,Finance,2026,Batticaloa,University Career Fair
1854,Candidate 1854,Male,24,Sabaragamuwa University,Information Technology,2026,Kandy,LinkedIn
1855,Candidate 1855,Male,21,South Eastern University of Sri Lanka,Computer Science,2026,Colombo,LinkedIn
1856,Candidate 1856,Female,23,University of Peradeniya,Software Engineering,2027,Jaffna,Company Website
1857,Candidate 1857,Male,22,University of Colombo,Marketing,2028,Kurunegala,LinkedIn
1858,Candidate 1858,Male,24,South Eastern University of Sri Lanka,Marketing,2026,Jaffna,Referral
1859,Candidate 1859,Male,21,University of Kelaniya,Business Management,2028,Matara,Referral
1860,Candidate 1860,Female,22,Uva Wellassa University,Finance,2027,Anuradhapura,University Career Fair
1861,Candidate 1861,Male,20,Uva Wellassa University,Marketing,2026,Anuradhapura,Company Website
1862,Candidate 1862,Female,22,University of Kelaniya,Software Engineering,2027,Anuradhapura,Company Website
1863,Candidate 1863,Female,20,Wayamba University,Software Engineering,2027,Jaffna,University Career Fair
1864,Candidate 1864,Male,20,Wayamba University,Data Science,2027,Galle,University Career Fair
1865,Candidate 1865,Female,22,Uva Wellassa University,Marketing,2028,Negombo,Job Portal
1866,Candidate 1866,Female,25,University of Peradeniya,Finance,2026,Galle,University Career Fair
1867,Candidate 1867,Female,22,University of Peradeniya,Data Science,2027,Kurunegala,LinkedIn
1868,Candidate 1868,Male,26,University of Colombo,Human Resource Management,2028,Matara,Company Website
1869,Candidate 1869,Female,25,University of Ruhuna,Human Resource Management,2026,Kurunegala,Company Website
1870,Candidate 1870,Female,23,University of Ruhuna,Business Management,2026,Jaffna,Job Portal
1871,Candidate 1871,Male,23,University of Ruhuna,Business Management,2028,Ampara,Company Website
1872,Candidate 1872,Male,24,University of Moratuwa,Business Management,2028,Anuradhapura,LinkedIn
1873,Candidate 1873,Male,21,South Eastern University of Sri Lanka,Computer Science,2026,Kurunegala,Job Portal
1874,Candidate 1874,Male,26,South Eastern University of Sri Lanka,Human Resource Management,2027,Galle,University Career Fair
1875,Candidate 1875,Male,21,University of Moratuwa,Business Management,2027,Kandy,LinkedIn
1876,Candidate 1876,Male,23,University of Peradeniya,Software Engineering,2026,Anuradhapura,Job Portal
1877,Candidate 1877,Female,20,Sabaragamuwa University,Data Science,2027,Kandy,University Career Fair
1878,Candidate 1878,Female,25,University of Sri Jayewardenepura,Human Resource Management,2028,Ampara,Job Portal
1879,Candidate 1879,Male,26,University of Peradeniya,Marketing,2026,Batticaloa,Job Portal
1880,Candidate 1880,Male,23,South Eastern University of Sri Lanka,Business Management,2028,Ampara,Company Website
1881,Candidate 1881,Male,22,Sabaragamuwa University,Computer Science,2026,Negombo,LinkedIn
1882,Candidate 1882,Male,22,South Eastern University of Sri Lanka,Finance,2028,Colombo,Company Website
1883,Candidate 1883,Female,20,University of Sri Jayewardenepura,Data Science,2027,Jaffna,LinkedIn
1884,Candidate 1884,Female,23,University of Peradeniya,Finance,2027,Galle,University Career Fair
1885,Candidate 1885,Female,22,University of Ruhuna,Human Resource Management,2026,Kurunegala,Email Campaign
1886,Candidate 1886,Female,21,University of Moratuwa,Marketing,2028,Anuradhapura,Job Portal
1887,Candidate 1887,Female,26,University of Peradeniya,Finance,2028,Kandy,Company Website
1888,Candidate 1888,Female,26,University of Colombo,Data Science,2027,Galle,Company Website
1889,Candidate 1889,Female,25,Sabaragamuwa University,Computer Science,2027,Ampara,University Career Fair
1890,Candidate 1890,Male,22,University of Ruhuna,Business Management,2028,Kandy,Company Website
1891,Candidate 1891,Female,24,South Eastern University of Sri Lanka,Human Resource Management,2028,Batticaloa,Job Portal
1892,Candidate 1892,Female,20,University of Moratuwa,Marketing,2028,Ampara,Job Portal
1893,Candidate 1893,Male,21,University of Colombo,Finance,2028,Negombo,Referral
1894,Candidate 1894,Female,23,University of Colombo,Human Resource Management,2027,Colombo,LinkedIn
1895,Candidate 1895,Female,23,South Eastern University of Sri Lanka,Computer Science,2028,Batticaloa,Referral
1896,Candidate 1896,Female,25,University of Kelaniya,Computer Science,2028,Kurunegala,LinkedIn
1897,Candidate 1897,Female,23,University of Colombo,Human Resource Management,2027,Kurunegala,Company Website
1898,Candidate 1898,Male,22,University of Colombo,Marketing,2026,Galle,LinkedIn
1899,Candidate 1899,Male,21,University of Moratuwa,Human Resource Management,2027,Kurunegala,Referral
1900,Candidate 1900,Female,25,Uva Wellassa University,Software Engineering,2028,Anuradhapura,Company Website
1901,Candidate 1901,Male,20,South Eastern University of Sri Lanka,Finance,2026,Galle,Company Website
1902,Candidate 1902,Male,23,Wayamba University,Information Technology,2027,Kurunegala,University Career Fair
1903,Candidate 1903,Male,21,University of Kelaniya,Information Technology,2027,Kandy,Job Portal
1904,Candidate 1904,Female,22,Uva Wellassa University,Software Engineering,2028,Colombo,Referral
1905,Candidate 1905,Female,21,University of Ruhuna,Business Management,2028,Galle,Referral
1906,Candidate 1906,Male,24,University of Ruhuna,Data Science,2028,Kurunegala,Referral
1907,Candidate 1907,Female,21,University of Colombo,Marketing,2028,Galle,Referral
1908,Candidate 1908,Female,24,South Eastern University of Sri Lanka,Information Technology,2026,Jaffna,LinkedIn
1909,Candidate 1909,Female,21,University of Peradeniya,Business Management,2028,Negombo,Job Portal
1910,Candidate 1910,Female,25,Uva Wellassa University,Finance,2028,Ampara,University Career Fair
1911,Candidate 1911,Male,22,South Eastern University of Sri Lanka,Finance,2027,Matara,LinkedIn
1912,Candidate 1912,Female,21,Wayamba University,Data Science,2028,Ampara,Referral
1913,Candidate 1913,Male,25,Uva Wellassa University,Information Technology,2028,Matara,Company Website
1914,Candidate 1914,Female,20,University of Sri Jayewardenepura,Finance,2027,Kurunegala,Job Portal
1915,Candidate 1915,Female,25,Sabaragamuwa University,Computer Science,2026,Negombo,Company Website
1916,Candidate 1916,Female,24,University of Ruhuna,Marketing,2026,Kurunegala,Company Website
1917,Candidate 1917,Female,21,University of Ruhuna,Data Science,2027,Negombo,Job Portal
1918,Candidate 1918,Male,20,University of Ruhuna,Software Engineering,2026,Kandy,Company Website
1919,Candidate 1919,Male,26,University of Moratuwa,Marketing,2028,Ampara,Referral
1920,Candidate 1920,Male,23,Uva Wellassa University,Business Management,2027,Batticaloa,Company Website
1921,Candidate 1921,Female,24,Wayamba University,Marketing,2026,Ampara,University Career Fair
1922,Candidate 1922,Female,22,Sabaragamuwa University,Data Science,2026,Ampara,Referral
1923,Candidate 1923,Female,26,Sabaragamuwa University,Data Science,2028,Kandy,Referral
1924,Candidate 1924,Female,23,University of Ruhuna,Software Engineering,2028,Colombo,Company Website
1925,Candidate 1925,Male,24,Uva Wellassa University,Information Technology,2028,Negombo,Company Website
1926,Candidate 1926,Male,22,Uva Wellassa University,Software Engineering,2026,Negombo,Company Website
1927,Candidate 1927,Male,22,University of Colombo,Marketing,2028,Anuradhapura,Job Portal
1928,Candidate 1928,Male,23,South Eastern University of Sri Lanka,Software Engineering,2026,Matara,Job Portal
1929,Candidate 1929,Male,22,University of Moratuwa,Business Management,2026,Colombo,LinkedIn
1930,Candidate 1930,Female,23,University of Sri Jayewardenepura,Human Resource Management,2026,Galle,Email Campaign
1931,Candidate 1931,Male,26,Uva Wellassa University,Finance,2026,Jaffna,University Career Fair
1932,Candidate 1932,Male,20,University of Colombo,Marketing,2028,Matara,Job Portal
1933,Candidate 1933,Male,26,University of Ruhuna,Business Management,2028,Anuradhapura,LinkedIn
1934,Candidate 1934,Male,23,Sabaragamuwa University,Computer Science,2027,Ampara,Job Portal
1935,Candidate 1935,Male,22,University of Ruhuna,Human Resource Management,2027,Kandy,LinkedIn
1936,Candidate 1936,Female,26,Uva Wellassa University,Information Technology,2028,Galle,Referral
1937,Candidate 1937,Female,21,University of Sri Jayewardenepura,Human Resource Management,2026,Kurunegala,LinkedIn
1938,Candidate 1938,Male,23,Sabaragamuwa University,Software Engineering,2027,Batticaloa,Referral
1939,Candidate 1939,Female,22,Sabaragamuwa University,Business Management,2028,Kurunegala,Company Website
1940,Candidate 1940,Male,21,Wayamba University,Business Management,2026,Jaffna,Job Portal
1941,Candidate 1941,Female,25,University of Kelaniya,Business Management,2028,Galle,Company Website
1942,Candidate 1942,Female,23,Sabaragamuwa University,Business Management,2026,Galle,LinkedIn
1943,Candidate 1943,Female,26,University of Ruhuna,Business Management,2028,Jaffna,LinkedIn
1944,Candidate 1944,Male,24,University of Kelaniya,Data Science,2028,Colombo,Referral
1945,Candidate 1945,Female,23,Uva Wellassa University,Data Science,2027,Galle,Company Website
1946,Candidate 1946,Female,24,South Eastern University of Sri Lanka,Marketing,2027,Galle,Job Portal
1947,Candidate 1947,Female,21,Sabaragamuwa University,Marketing,2026,Kandy,Referral
1948,Candidate 1948,Female,21,University of Sri Jayewardenepura,Data Science,2027,Negombo,Job Portal
1949,Candidate 1949,Male,25,University of Sri Jayewardenepura,Finance,2027,Matara,Company Website
1950,Candidate 1950,Male,26,Wayamba University,Software Engineering,2028,Jaffna,Referral
1951,Candidate 1951,Male,23,University of Peradeniya,Finance,2028,Kandy,Referral
1952,Candidate 1952,Male,26,University of Colombo,Human Resource Management,2028,Anuradhapura,LinkedIn
1953,Candidate 1953,Female,26,University of Moratuwa,Software Engineering,2026,Matara,LinkedIn
1954,Candidate 1954,Female,24,University of Kelaniya,Information Technology,2028,Jaffna,Company Website
1955,Candidate 1955,Male,21,Wayamba University,Business Management,2026,Jaffna,LinkedIn
1956,Candidate 1956,Female,23,University of Peradeniya,Computer Science,2027,Kandy,LinkedIn
1957,Candidate 1957,Male,23,University of Peradeniya,Human Resource Management,2026,Kandy,University Career Fair
1958,Candidate 1958,Male,24,Sabaragamuwa University,Business Management,2028,Colombo,Company Website
1959,Candidate 1959,Male,25,Sabaragamuwa University,Software Engineering,2028,Negombo,Job Portal
1960,Candidate 1960,Male,22,University of Ruhuna,Business Management,2027,Galle,Referral
1961,Candidate 1961,Female,24,University of Kelaniya,Business Management,2027,Anuradhapura,LinkedIn
1962,Candidate 1962,Female,25,Wayamba University,Business Management,2028,Matara,LinkedIn
1963,Candidate 1963,Male,23,University of Colombo,Finance,2028,Matara,University Career Fair
1964,Candidate 1964,Male,20,University of Ruhuna,Business Management,2026,Matara,Referral
1965,Candidate 1965,Male,21,University of Peradeniya,Software Engineering,2026,Kurunegala,University Career Fair
1966,Candidate 1966,Female,26,Wayamba University,Human Resource Management,2026,Kurunegala,Job Portal
1967,Candidate 1967,Male,24,University of Moratuwa,Finance,2026,Jaffna,Job Portal
1968,Candidate 1968,Male,26,University of Moratuwa,Data Science,2027,Anuradhapura,Email Campaign
1969,Candidate 1969,Female,26,University of Kelaniya,Software Engineering,2027,Matara,Job Portal
1970,Candidate 1970,Female,22,University of Moratuwa,Business Management,2027,Batticaloa,Job Portal
1971,Candidate 1971,Female,23,University of Kelaniya,Marketing,2028,Ampara,Job Portal
1972,Candidate 1972,Male,26,University of Ruhuna,Computer Science,2027,Batticaloa,Company Website
1973,Candidate 1973,Male,23,University of Kelaniya,Computer Science,2028,Jaffna,LinkedIn
1974,Candidate 1974,Female,22,South Eastern University of Sri Lanka,Computer Science,2027,Ampara,Job Portal
1975,Candidate 1975,Female,24,Wayamba University,Software Engineering,2026,Negombo,University Career Fair
1976,Candidate 1976,Female,20,University of Peradeniya,Software Engineering,2026,Batticaloa,Company Website
1977,Candidate 1977,Female,20,University of Ruhuna,Human Resource Management,2026,Kurunegala,Email Campaign
1978,Candidate 1978,Female,20,University of Peradeniya,Computer Science,2028,Batticaloa,Referral
1979,Candidate 1979,Female,23,University of Kelaniya,Information Technology,2027,Galle,Job Portal
1980,Candidate 1980,Male,22,University of Ruhuna,Data Science,2026,Negombo,Referral
1981,Candidate 1981,Male,24,University of Peradeniya,Human Resource Management,2026,Batticaloa,Company Website
1982,Candidate 1982,Female,24,Wayamba University,Business Management,2028,Colombo,LinkedIn
1983,Candidate 1983,Male,26,South Eastern University of Sri Lanka,Finance,2027,Jaffna,LinkedIn
1984,Candidate 1984,Female,21,Sabaragamuwa University,Finance,2027,Jaffna,Company Website
1985,Candidate 1985,Female,22,Uva Wellassa University,Computer Science,2026,Kandy,Company Website
1986,Candidate 1986,Female,23,Sabaragamuwa University,Computer Science,2028,Colombo,Job Portal
1987,Candidate 1987,Female,20,Uva Wellassa University,Marketing,2026,Anuradhapura,Job Portal
1988,Candidate 1988,Female,26,Wayamba University,Human Resource Management,2027,Negombo,Referral
1989,Candidate 1989,Male,25,University of Peradeniya,Information Technology,2028,Kandy,University Career Fair
1990,Candidate 1990,Male,24,Sabaragamuwa University,Software Engineering,2026,Ampara,Job Portal
1991,Candidate 1991,Female,23,University of Moratuwa,Finance,2026,Galle,Company Website
1992,Candidate 1992,Female,23,Wayamba University,Marketing,2026,Ampara,Company Website
1993,Candidate 1993,Male,24,University of Ruhuna,Computer Science,2026,Jaffna,Referral
1994,Candidate 1994,Male,22,University of Sri Jayewardenepura,Finance,2028,Matara,Company Website
1995,Candidate 1995,Male,26,Uva Wellassa University,Finance,2028,Negombo,LinkedIn
1996,Candidate 1996,Male,21,University of Kelaniya,Data Science,2026,Colombo,University Career Fair
1997,Candidate 1997,Male,26,University of Moratuwa,Finance,2026,Batticaloa,Job Portal
1998,Candidate 1998,Male,25,University of Sri Jayewardenepura,Software Engineering,2027,Galle,University Career Fair
1999,Candidate 1999,Female,21,University of Sri Jayewardenepura,Finance,2026,Galle,Job Portal
2000,Candidate 2000,Female,20,University of Ruhuna,Computer Science,2027,Jaffna,Referral
2001,Candidate 2001,Female,23,University of Ruhuna,Software Engineering,2026,Ampara,Company Website
2002,Candidate 2002,Male,20,University of Moratuwa,Information Technology,2026,Jaffna,LinkedIn
2003,Candidate 2003,Female,25,Uva Wellassa University,Finance,2028,Batticaloa,University Career Fair
2004,Candidate 2004,Male,20,Wayamba University,Finance,2027,Kurunegala,University Career Fair
2005,Candidate 2005,Female,20,University of Colombo,Marketing,2027,Ampara,Email Campaign
2006,Candidate 2006,Male,22,South Eastern University of Sri Lanka,Business Management,2026,Ampara,Job Portal
2007,Candidate 2007,Female,21,University of Peradeniya,Marketing,2027,Colombo,Email Campaign
2008,Candidate 2008,Female,25,South Eastern University of Sri Lanka,Computer Science,2026,Jaffna,LinkedIn
2009,Candidate 2009,Male,21,Wayamba University,Data Science,2026,Matara,Job Portal
2010,Candidate 2010,Male,24,University of Sri Jayewardenepura,Business Management,2027,Negombo,University Career Fair
2011,Candidate 2011,Male,23,University of Moratuwa,Data Science,2028,Galle,Company Website
2012,Candidate 2012,Male,22,University of Peradeniya,Data Science,2026,Matara,LinkedIn
2013,Candidate 2013,Female,25,South Eastern University of Sri Lanka,Business Management,2028,Batticaloa,LinkedIn
2014,Candidate 2014,Male,22,University of Colombo,Human Resource Management,2026,Galle,Job Portal
2015,Candidate 2015,Male,24,University of Ruhuna,Data Science,2026,Kandy,LinkedIn
2016,Candidate 2016,Male,20,University of Ruhuna,Information Technology,2026,Matara,University Career Fair
2017,Candidate 2017,Female,26,Wayamba University,Human Resource Management,2026,Negombo,Job Portal
2018,Candidate 2018,Male,22,Sabaragamuwa University,Human Resource Management,2027,Galle,Referral
2019,Candidate 2019,Female,24,University of Peradeniya,Human Resource Management,2027,Negombo,LinkedIn
2020,Candidate 2020,Male,24,University of Moratuwa,Data Science,2026,Kandy,Company Website
2021,Candidate 2021,Female,22,Uva Wellassa University,Information Technology,2026,Jaffna,Referral
2022,Candidate 2022,Female,22,Sabaragamuwa University,Business Management,2026,Batticaloa,University Career Fair
2023,Candidate 2023,Male,24,University of Colombo,Marketing,2028,Colombo,Job Portal
2024,Candidate 2024,Male,20,University of Moratuwa,Computer Science,2026,Galle,Referral
2025,Candidate 2025,Male,24,Sabaragamuwa University,Human Resource Management,2027,Jaffna,Company Website
2026,Candidate 2026,Female,23,University of Sri Jayewardenepura,Human Resource Management,2028,Kurunegala,University Career Fair
2027,Candidate 2027,Male,25,University of Kelaniya,Finance,2027,Galle,Referral
2028,Candidate 2028,Female,26,Wayamba University,Human Resource Management,2028,Kandy,Company Website
2029,Candidate 2029,Female,26,Wayamba University,Business Management,2026,Batticaloa,University Career Fair
2030,Candidate 2030,Male,24,University of Moratuwa,Information Technology,2026,Matara,Job Portal
2031,Candidate 2031,Male,24,University of Kelaniya,Data Science,2027,Kurunegala,University Career Fair
2032,Candidate 2032,Male,26,Wayamba University,Data Science,2027,Anuradhapura,LinkedIn
2033,Candidate 2033,Male,26,University of Colombo,Software Engineering,2028,Batticaloa,University Career Fair
2034,Candidate 2034,Male,24,Wayamba University,Computer Science,2028,Batticaloa,University Career Fair
2035,Candidate 2035,Male,22,University of Moratuwa,Information Technology,2028,Galle,Company Website
2036,Candidate 2036,Male,26,University of Moratuwa,Marketing,2026,Kurunegala,LinkedIn
2037,Candidate 2037,Female,22,University of Ruhuna,Marketing,2027,Matara,Referral
2038,Candidate 2038,Female,20,University of Peradeniya,Business Management,2028,Anuradhapura,Company Website
2039,Candidate 2039,Male,25,Uva Wellassa University,Information Technology,2026,Ampara,LinkedIn
2040,Candidate 2040,Female,26,University of Moratuwa,Software Engineering,2027,Galle,Company Website
2041,Candidate 2041,Female,24,University of Sri Jayewardenepura,Software Engineering,2027,Kandy,LinkedIn
2042,Candidate 2042,Female,21,University of Ruhuna,Information Technology,2028,Negombo,Job Portal
2043,Candidate 2043,Male,21,Sabaragamuwa University,Data Science,2028,Kurunegala,Job Portal
2044,Candidate 2044,Male,25,University of Peradeniya,Business Management,2028,Kandy,Job Portal
2045,Candidate 2045,Female,21,Sabaragamuwa University,Business Management,2026,Anuradhapura,Company Website
2046,Candidate 2046,Female,21,University of Peradeniya,Finance,2027,Colombo,Referral
2047,Candidate 2047,Female,20,Sabaragamuwa University,Marketing,2028,Galle,Job Portal
2048,Candidate 2048,Female,26,University of Kelaniya,Software Engineering,2028,Kandy,LinkedIn
2049,Candidate 2049,Female,21,Sabaragamuwa University,Marketing,2027,Colombo,Company Website
2050,Candidate 2050,Female,26,University of Kelaniya,Business Management,2028,Anuradhapura,Referral
2051,Candidate 2051,Female,22,University of Peradeniya,Computer Science,2026,Matara,LinkedIn
2052,Candidate 2052,Female,21,Uva Wellassa University,Marketing,2028,Kurunegala,LinkedIn
2053,Candidate 2053,Female,24,Uva Wellassa University,Marketing,2028,Anuradhapura,Job Portal
2054,Candidate 2054,Female,20,Uva Wellassa University,Information Technology,2028,Kandy,Company Website
2055,Candidate 2055,Male,26,University of Sri Jayewardenepura,Finance,2028,Negombo,University Career Fair
2056,Candidate 2056,Female,25,University of Colombo,Finance,2028,Matara,Job Portal
2057,Candidate 2057,Male,23,University of Ruhuna,Computer Science,2026,Negombo,LinkedIn
2058,Candidate 2058,Female,20,University of Kelaniya,Marketing,2026,Matara,Job Portal
2059,Candidate 2059,Female,22,South Eastern University of Sri Lanka,Finance,2026,Kurunegala,University Career Fair
2060,Candidate 2060,Male,22,Sabaragamuwa University,Business Management,2026,Jaffna,Company Website
2061,Candidate 2061,Female,25,University of Ruhuna,Finance,2026,Matara,Job Portal
2062,Candidate 2062,Female,22,Uva Wellassa University,Software Engineering,2027,Kurunegala,LinkedIn
2063,Candidate 2063,Male,25,University of Ruhuna,Finance,2028,Matara,Company Website
2064,Candidate 2064,Female,21,University of Kelaniya,Human Resource Management,2027,Batticaloa,Job Portal
2065,Candidate 2065,Female,26,University of Moratuwa,Data Science,2027,Colombo,LinkedIn
2066,Candidate 2066,Female,24,Wayamba University,Business Management,2028,Anuradhapura,LinkedIn
2067,Candidate 2067,Male,21,University of Peradeniya,Information Technology,2028,Negombo,Job Portal
2068,Candidate 2068,Female,26,University of Kelaniya,Data Science,2028,Batticaloa,University Career Fair
2069,Candidate 2069,Female,21,University of Ruhuna,Information Technology,2028,Kurunegala,Company Website
2070,Candidate 2070,Male,22,University of Sri Jayewardenepura,Human Resource Management,2026,Jaffna,University Career Fair
2071,Candidate 2071,Female,20,Sabaragamuwa University,Software Engineering,2028,Jaffna,LinkedIn
2072,Candidate 2072,Male,23,University of Sri Jayewardenepura,Data Science,2026,Kurunegala,LinkedIn
2073,Candidate 2073,Male,26,Uva Wellassa University,Human Resource Management,2027,Ampara,Company Website
2074,Candidate 2074,Male,23,University of Moratuwa,Marketing,2028,Negombo,Job Portal
2075,Candidate 2075,Female,25,University of Kelaniya,Finance,2027,Ampara,Referral
2076,Candidate 2076,Male,22,Wayamba University,Finance,2026,Galle,Referral
2077,Candidate 2077,Male,26,Wayamba University,Data Science,2026,Anuradhapura,Company Website
2078,Candidate 2078,Female,20,Uva Wellassa University,Software Engineering,2028,Batticaloa,Company Website
2079,Candidate 2079,Male,23,University of Kelaniya,Computer Science,2027,Negombo,University Career Fair
2080,Candidate 2080,Female,20,University of Moratuwa,Computer Science,2028,Matara,Company Website
2081,Candidate 2081,Male,22,Sabaragamuwa University,Data Science,2026,Batticaloa,LinkedIn
2082,Candidate 2082,Female,24,University of Kelaniya,Computer Science,2028,Negombo,University Career Fair
2083,Candidate 2083,Male,23,University of Sri Jayewardenepura,Human Resource Management,2027,Anuradhapura,Company Website
2084,Candidate 2084,Female,22,University of Sri Jayewardenepura,Marketing,2026,Anuradhapura,Email Campaign
2085,Candidate 2085,Female,26,University of Colombo,Computer Science,2028,Batticaloa,Company Website
2086,Candidate 2086,Male,24,University of Peradeniya,Marketing,2028,Galle,Company Website
2087,Candidate 2087,Male,24,University of Moratuwa,Data Science,2026,Matara,Company Website
2088,Candidate 2088,Female,20,University of Peradeniya,Marketing,2028,Ampara,Job Portal
2089,Candidate 2089,Female,25,Sabaragamuwa University,Data Science,2027,Galle,LinkedIn
2090,Candidate 2090,Female,21,University of Ruhuna,Business Management,2027,Kandy,LinkedIn
2091,Candidate 2091,Female,21,University of Sri Jayewardenepura,Finance,2028,Kandy,Referral
2092,Candidate 2092,Male,24,University of Kelaniya,Computer Science,2028,Colombo,Email Campaign
2093,Candidate 2093,Male,25,South Eastern University of Sri Lanka,Information Technology,2026,Colombo,Email Campaign
2094,Candidate 2094,Male,20,South Eastern University of Sri Lanka,Marketing,2027,Colombo,Job Portal
2095,Candidate 2095,Female,26,University of Peradeniya,Data Science,2026,Negombo,University Career Fair
2096,Candidate 2096,Male,22,University of Peradeniya,Data Science,2028,Batticaloa,Company Website
2097,Candidate 2097,Female,25,University of Moratuwa,Data Science,2027,Colombo,Company Website
2098,Candidate 2098,Male,26,University of Kelaniya,Business Management,2026,Batticaloa,Company Website
2099,Candidate 2099,Male,20,Sabaragamuwa University,Software Engineering,2028,Galle,Email Campaign
2100,Candidate 2100,Female,23,Wayamba University,Marketing,2027,Kandy,Company Website
2101,Candidate 2101,Male,22,University of Sri Jayewardenepura,Finance,2026,Jaffna,Email Campaign
2102,Candidate 2102,Female,21,University of Ruhuna,Computer Science,2027,Colombo,Job Portal
2103,Candidate 2103,Female,26,Uva Wellassa University,Information Technology,2028,Kandy,Company Website
2104,Candidate 2104,Female,24,Uva Wellassa University,Marketing,2028,Jaffna,Referral
2105,Candidate 2105,Male,23,University of Sri Jayewardenepura,Business Management,2028,Ampara,University Career Fair
2106,Candidate 2106,Female,20,Sabaragamuwa University,Computer Science,2027,Kandy,Referral
2107,Candidate 2107,Female,24,University of Ruhuna,Business Management,2027,Kurunegala,Job Portal
2108,Candidate 2108,Male,24,University of Colombo,Software Engineering,2026,Kurunegala,Job Portal
2109,Candidate 2109,Male,25,South Eastern University of Sri Lanka,Computer Science,2028,Colombo,LinkedIn
2110,Candidate 2110,Female,23,University of Sri Jayewardenepura,Finance,2028,Colombo,Job Portal
2111,Candidate 2111,Female,25,Wayamba University,Data Science,2028,Batticaloa,Company Website
2112,Candidate 2112,Male,21,University of Peradeniya,Human Resource Management,2026,Jaffna,Company Website
2113,Candidate 2113,Male,25,University of Sri Jayewardenepura,Human Resource Management,2026,Negombo,Company Website
2114,Candidate 2114,Male,20,University of Ruhuna,Software Engineering,2028,Kandy,Job Portal
2115,Candidate 2115,Male,21,South Eastern University of Sri Lanka,Data Science,2027,Jaffna,Referral
2116,Candidate 2116,Female,20,University of Moratuwa,Data Science,2028,Jaffna,Company Website
2117,Candidate 2117,Female,23,Uva Wellassa University,Business Management,2026,Kurunegala,University Career Fair
2118,Candidate 2118,Male,23,University of Ruhuna,Marketing,2027,Jaffna,Job Portal
2119,Candidate 2119,Female,22,Uva Wellassa University,Computer Science,2028,Ampara,LinkedIn
2120,Candidate 2120,Female,21,University of Sri Jayewardenepura,Information Technology,2028,Kandy,LinkedIn
2121,Candidate 2121,Female,20,University of Moratuwa,Finance,2026,Kurunegala,Email Campaign
2122,Candidate 2122,Female,22,Wayamba University,Business Management,2027,Negombo,Referral
2123,Candidate 2123,Male,23,University of Sri Jayewardenepura,Information Technology,2028,Matara,LinkedIn
2124,Candidate 2124,Male,23,Sabaragamuwa University,Information Technology,2026,Jaffna,LinkedIn
2125,Candidate 2125,Female,21,University of Peradeniya,Information Technology,2026,Ampara,Company Website
2126,Candidate 2126,Female,25,University of Moratuwa,Human Resource Management,2028,Colombo,Company Website
2127,Candidate 2127,Male,26,University of Sri Jayewardenepura,Finance,2026,Negombo,LinkedIn
2128,Candidate 2128,Male,22,University of Kelaniya,Data Science,2027,Matara,LinkedIn
2129,Candidate 2129,Male,23,University of Ruhuna,Data Science,2027,Anuradhapura,LinkedIn
2130,Candidate 2130,Male,25,University of Sri Jayewardenepura,Finance,2028,Matara,LinkedIn
2131,Candidate 2131,Female,20,University of Sri Jayewardenepura,Business Management,2028,Galle,LinkedIn
2132,Candidate 2132,Female,20,University of Peradeniya,Information Technology,2027,Anuradhapura,University Career Fair
2133,Candidate 2133,Male,25,South Eastern University of Sri Lanka,Finance,2026,Galle,Job Portal
2134,Candidate 2134,Male,20,University of Ruhuna,Computer Science,2028,Colombo,Job Portal
2135,Candidate 2135,Male,26,University of Sri Jayewardenepura,Computer Science,2028,Anuradhapura,LinkedIn
2136,Candidate 2136,Female,24,University of Ruhuna,Business Management,2028,Negombo,Referral
2137,Candidate 2137,Male,25,Sabaragamuwa University,Business Management,2027,Matara,University Career Fair
2138,Candidate 2138,Male,23,Wayamba University,Finance,2026,Galle,Referral
2139,Candidate 2139,Male,23,University of Kelaniya,Data Science,2027,Colombo,University Career Fair
2140,Candidate 2140,Female,21,University of Colombo,Human Resource Management,2027,Anuradhapura,Job Portal
2141,Candidate 2141,Female,21,South Eastern University of Sri Lanka,Software Engineering,2027,Ampara,Job Portal
2142,Candidate 2142,Female,25,Sabaragamuwa University,Human Resource Management,2027,Matara,Referral
2143,Candidate 2143,Female,25,University of Ruhuna,Data Science,2028,Anuradhapura,LinkedIn
2144,Candidate 2144,Male,25,University of Sri Jayewardenepura,Software Engineering,2028,Negombo,Referral
2145,Candidate 2145,Female,24,University of Ruhuna,Finance,2028,Kurunegala,LinkedIn
2146,Candidate 2146,Male,23,University of Peradeniya,Human Resource Management,2027,Negombo,University Career Fair
2147,Candidate 2147,Male,21,South Eastern University of Sri Lanka,Data Science,2028,Ampara,Job Portal
2148,Candidate 2148,Female,21,Sabaragamuwa University,Computer Science,2028,Jaffna,Referral
2149,Candidate 2149,Male,22,Uva Wellassa University,Data Science,2028,Ampara,Company Website
2150,Candidate 2150,Male,21,University of Ruhuna,Finance,2027,Jaffna,Job Portal
2151,Candidate 2151,Male,26,Sabaragamuwa University,Finance,2028,Negombo,University Career Fair
2152,Candidate 2152,Male,25,University of Peradeniya,Information Technology,2026,Colombo,LinkedIn
2153,Candidate 2153,Male,22,University of Peradeniya,Finance,2027,Jaffna,Company Website
2154,Candidate 2154,Male,22,University of Peradeniya,Finance,2028,Batticaloa,Company Website
2155,Candidate 2155,Female,23,South Eastern University of Sri Lanka,Data Science,2027,Kurunegala,LinkedIn
2156,Candidate 2156,Male,21,University of Moratuwa,Marketing,2026,Anuradhapura,Job Portal
2157,Candidate 2157,Female,21,Wayamba University,Human Resource Management,2028,Kurunegala,Company Website
2158,Candidate 2158,Male,20,University of Moratuwa,Human Resource Management,2026,Colombo,LinkedIn
2159,Candidate 2159,Female,23,University of Ruhuna,Human Resource Management,2026,Colombo,Company Website
2160,Candidate 2160,Female,23,Uva Wellassa University,Data Science,2027,Colombo,Email Campaign
2161,Candidate 2161,Female,22,University of Peradeniya,Finance,2026,Galle,LinkedIn
2162,Candidate 2162,Female,25,University of Ruhuna,Data Science,2026,Jaffna,Email Campaign
2163,Candidate 2163,Female,22,University of Peradeniya,Finance,2028,Matara,LinkedIn
2164,Candidate 2164,Female,21,South Eastern University of Sri Lanka,Business Management,2026,Anuradhapura,Referral
2165,Candidate 2165,Male,23,South Eastern University of Sri Lanka,Data Science,2026,Jaffna,Company Website
2166,Candidate 2166,Female,23,University of Ruhuna,Finance,2026,Kurunegala,Company Website
2167,Candidate 2167,Female,25,University of Peradeniya,Finance,2028,Colombo,LinkedIn
2168,Candidate 2168,Male,25,Uva Wellassa University,Computer Science,2027,Ampara,LinkedIn
2169,Candidate 2169,Female,23,University of Ruhuna,Computer Science,2028,Kurunegala,Company Website
2170,Candidate 2170,Female,22,Wayamba University,Marketing,2027,Batticaloa,LinkedIn
2171,Candidate 2171,Female,25,University of Kelaniya,Software Engineering,2027,Kurunegala,Referral
2172,Candidate 2172,Female,25,University of Peradeniya,Finance,2028,Kandy,LinkedIn
2173,Candidate 2173,Male,26,University of Peradeniya,Software Engineering,2026,Galle,Referral
2174,Candidate 2174,Male,24,University of Sri Jayewardenepura,Information Technology,2026,Colombo,Company Website
2175,Candidate 2175,Female,26,Uva Wellassa University,Information Technology,2026,Negombo,Company Website
2176,Candidate 2176,Female,25,South Eastern University of Sri Lanka,Information Technology,2028,Kandy,LinkedIn
2177,Candidate 2177,Male,21,University of Peradeniya,Data Science,2026,Kandy,LinkedIn
2178,Candidate 2178,Male,21,University of Colombo,Information Technology,2027,Batticaloa,Company Website
2179,Candidate 2179,Male,23,University of Sri Jayewardenepura,Human Resource Management,2028,Galle,University Career Fair
2180,Candidate 2180,Male,23,University of Moratuwa,Computer Science,2026,Galle,Email Campaign
2181,Candidate 2181,Female,21,Wayamba University,Software Engineering,2028,Kandy,Company Website
2182,Candidate 2182,Male,21,University of Moratuwa,Finance,2026,Galle,Referral
2183,Candidate 2183,Female,24,University of Ruhuna,Business Management,2026,Ampara,Referral
2184,Candidate 2184,Female,25,University of Sri Jayewardenepura,Computer Science,2028,Kurunegala,Referral
2185,Candidate 2185,Male,20,University of Colombo,Information Technology,2027,Batticaloa,Job Portal
2186,Candidate 2186,Male,24,University of Ruhuna,Information Technology,2028,Matara,LinkedIn
2187,Candidate 2187,Male,22,Uva Wellassa University,Finance,2028,Negombo,Company Website
2188,Candidate 2188,Male,24,University of Kelaniya,Finance,2027,Batticaloa,Company Website
2189,Candidate 2189,Female,22,Sabaragamuwa University,Business Management,2027,Batticaloa,University Career Fair
2190,Candidate 2190,Male,21,Uva Wellassa University,Data Science,2026,Batticaloa,University Career Fair
2191,Candidate 2191,Female,22,University of Ruhuna,Human Resource Management,2027,Matara,LinkedIn
2192,Candidate 2192,Female,23,University of Colombo,Data Science,2027,Ampara,Email Campaign
2193,Candidate 2193,Male,23,South Eastern University of Sri Lanka,Computer Science,2027,Galle,LinkedIn
2194,Candidate 2194,Male,21,University of Peradeniya,Computer Science,2027,Matara,LinkedIn
2195,Candidate 2195,Female,21,University of Colombo,Human Resource Management,2027,Galle,Referral
2196,Candidate 2196,Female,21,University of Sri Jayewardenepura,Human Resource Management,2028,Matara,University Career Fair
2197,Candidate 2197,Male,23,University of Colombo,Finance,2026,Kandy,Email Campaign
2198,Candidate 2198,Female,24,University of Kelaniya,Data Science,2026,Anuradhapura,Job Portal
2199,Candidate 2199,Male,23,Sabaragamuwa University,Computer Science,2027,Galle,Referral
2200,Candidate 2200,Female,25,Uva Wellassa University,Marketing,2028,Kandy,Company Website
2201,Candidate 2201,Female,22,South Eastern University of Sri Lanka,Data Science,2027,Negombo,Email Campaign
2202,Candidate 2202,Male,20,Sabaragamuwa University,Finance,2027,Jaffna,LinkedIn
2203,Candidate 2203,Female,25,University of Sri Jayewardenepura,Finance,2028,Matara,Job Portal
2204,Candidate 2204,Female,24,South Eastern University of Sri Lanka,Software Engineering,2026,Batticaloa,Job Portal
2205,Candidate 2205,Male,25,Uva Wellassa University,Software Engineering,2026,Matara,Company Website
2206,Candidate 2206,Male,22,Wayamba University,Information Technology,2027,Galle,Company Website
2207,Candidate 2207,Male,24,Sabaragamuwa University,Human Resource Management,2028,Kurunegala,LinkedIn
2208,Candidate 2208,Female,26,University of Sri Jayewardenepura,Business Management,2028,Galle,Referral
2209,Candidate 2209,Male,23,University of Sri Jayewardenepura,Software Engineering,2028,Colombo,Referral
2210,Candidate 2210,Female,24,University of Moratuwa,Business Management,2027,Matara,Email Campaign
2211,Candidate 2211,Male,26,University of Sri Jayewardenepura,Information Technology,2027,Colombo,Company Website
2212,Candidate 2212,Male,24,Wayamba University,Business Management,2026,Ampara,University Career Fair
2213,Candidate 2213,Male,22,University of Kelaniya,Software Engineering,2026,Kurunegala,LinkedIn
2214,Candidate 2214,Female,20,South Eastern University of Sri Lanka,Human Resource Management,2026,Matara,Company Website
2215,Candidate 2215,Male,24,Sabaragamuwa University,Finance,2026,Kurunegala,University Career Fair
2216,Candidate 2216,Male,25,Uva Wellassa University,Human Resource Management,2027,Galle,Company Website
2217,Candidate 2217,Female,20,University of Peradeniya,Computer Science,2027,Anuradhapura,University Career Fair
2218,Candidate 2218,Male,22,University of Ruhuna,Computer Science,2028,Ampara,Company Website
2219,Candidate 2219,Female,21,South Eastern University of Sri Lanka,Computer Science,2028,Kurunegala,Referral
2220,Candidate 2220,Male,24,University of Colombo,Data Science,2027,Kandy,Job Portal
2221,Candidate 2221,Male,21,University of Peradeniya,Data Science,2028,Jaffna,LinkedIn
2222,Candidate 2222,Female,22,South Eastern University of Sri Lanka,Information Technology,2027,Batticaloa,Job Portal
2223,Candidate 2223,Female,23,Wayamba University,Computer Science,2028,Ampara,Company Website
2224,Candidate 2224,Female,25,University of Moratuwa,Information Technology,2026,Matara,LinkedIn
2225,Candidate 2225,Female,21,University of Sri Jayewardenepura,Computer Science,2028,Anuradhapura,LinkedIn
2226,Candidate 2226,Male,23,University of Colombo,Computer Science,2026,Jaffna,Job Portal
2227,Candidate 2227,Male,24,South Eastern University of Sri Lanka,Finance,2027,Ampara,LinkedIn
2228,Candidate 2228,Female,23,University of Colombo,Marketing,2028,Kandy,LinkedIn
2229,Candidate 2229,Male,21,University of Sri Jayewardenepura,Human Resource Management,2026,Batticaloa,Company Website
2230,Candidate 2230,Female,24,University of Moratuwa,Marketing,2026,Galle,University Career Fair
2231,Candidate 2231,Female,22,Wayamba University,Finance,2028,Ampara,LinkedIn
2232,Candidate 2232,Male,26,Uva Wellassa University,Business Management,2027,Jaffna,Referral
2233,Candidate 2233,Female,23,University of Peradeniya,Business Management,2027,Colombo,University Career Fair
2234,Candidate 2234,Female,21,University of Moratuwa,Information Technology,2026,Ampara,Job Portal
2235,Candidate 2235,Male,21,Uva Wellassa University,Business Management,2028,Jaffna,Job Portal
2236,Candidate 2236,Female,22,Sabaragamuwa University,Computer Science,2028,Jaffna,Company Website
2237,Candidate 2237,Female,21,Wayamba University,Computer Science,2027,Colombo,LinkedIn
2238,Candidate 2238,Male,26,South Eastern University of Sri Lanka,Software Engineering,2027,Ampara,Company Website
2239,Candidate 2239,Female,23,Uva Wellassa University,Data Science,2027,Matara,Company Website
2240,Candidate 2240,Female,26,University of Sri Jayewardenepura,Information Technology,2028,Kandy,Job Portal
2241,Candidate 2241,Male,24,University of Colombo,Computer Science,2027,Colombo,Referral
2242,Candidate 2242,Female,25,Uva Wellassa University,Data Science,2026,Colombo,Referral
2243,Candidate 2243,Male,23,South Eastern University of Sri Lanka,Information Technology,2027,Ampara,Company Website
2244,Candidate 2244,Female,26,University of Colombo,Information Technology,2027,Galle,Referral
2245,Candidate 2245,Male,20,University of Colombo,Human Resource Management,2026,Colombo,LinkedIn
2246,Candidate 2246,Male,23,Uva Wellassa University,Business Management,2027,Colombo,Company Website
2247,Candidate 2247,Female,20,University of Moratuwa,Software Engineering,2026,Ampara,Company Website
2248,Candidate 2248,Male,20,Sabaragamuwa University,Marketing,2027,Ampara,LinkedIn
2249,Candidate 2249,Male,24,University of Colombo,Information Technology,2027,Kurunegala,Company Website
2250,Candidate 2250,Male,26,University of Kelaniya,Computer Science,2028,Kurunegala,Email Campaign
2251,Candidate 2251,Male,21,Sabaragamuwa University,Computer Science,2028,Colombo,Job Portal
2252,Candidate 2252,Female,24,Sabaragamuwa University,Software Engineering,2028,Colombo,Referral
2253,Candidate 2253,Male,24,South Eastern University of Sri Lanka,Human Resource Management,2027,Anuradhapura,LinkedIn
2254,Candidate 2254,Female,25,Wayamba University,Data Science,2027,Batticaloa,University Career Fair
2255,Candidate 2255,Female,22,Sabaragamuwa University,Finance,2027,Galle,Job Portal
2256,Candidate 2256,Female,25,Wayamba University,Marketing,2027,Ampara,LinkedIn
2257,Candidate 2257,Female,21,South Eastern University of Sri Lanka,Finance,2028,Matara,University Career Fair
2258,Candidate 2258,Male,20,South Eastern University of Sri Lanka,Data Science,2028,Batticaloa,University Career Fair
2259,Candidate 2259,Male,26,Uva Wellassa University,Data Science,2026,Ampara,LinkedIn
2260,Candidate 2260,Female,20,Wayamba University,Computer Science,2028,Kandy,Company Website
2261,Candidate 2261,Female,24,University of Moratuwa,Software Engineering,2028,Batticaloa,University Career Fair
2262,Candidate 2262,Female,25,South Eastern University of Sri Lanka,Marketing,2028,Ampara,LinkedIn
2263,Candidate 2263,Female,25,University of Ruhuna,Information Technology,2026,Matara,LinkedIn
2264,Candidate 2264,Male,25,University of Colombo,Information Technology,2027,Galle,Job Portal
2265,Candidate 2265,Female,21,University of Ruhuna,Business Management,2026,Anuradhapura,Company Website
2266,Candidate 2266,Male,20,University of Colombo,Computer Science,2027,Kandy,LinkedIn
2267,Candidate 2267,Male,20,University of Kelaniya,Human Resource Management,2026,Ampara,Job Portal
2268,Candidate 2268,Female,20,Uva Wellassa University,Business Management,2027,Ampara,Referral
2269,Candidate 2269,Female,23,Uva Wellassa University,Human Resource Management,2028,Negombo,Company Website
2270,Candidate 2270,Female,20,Sabaragamuwa University,Finance,2027,Colombo,Referral
2271,Candidate 2271,Female,26,University of Ruhuna,Information Technology,2027,Negombo,Company Website
2272,Candidate 2272,Female,25,Sabaragamuwa University,Computer Science,2027,Colombo,Email Campaign
2273,Candidate 2273,Male,23,University of Kelaniya,Information Technology,2026,Jaffna,Company Website
2274,Candidate 2274,Male,23,University of Ruhuna,Finance,2026,Negombo,Email Campaign
2275,Candidate 2275,Male,22,University of Kelaniya,Human Resource Management,2026,Negombo,University Career Fair
2276,Candidate 2276,Male,25,University of Moratuwa,Computer Science,2028,Matara,LinkedIn
2277,Candidate 2277,Male,23,University of Kelaniya,Marketing,2028,Colombo,Referral
2278,Candidate 2278,Male,25,Wayamba University,Human Resource Management,2026,Matara,Referral
2279,Candidate 2279,Male,20,University of Kelaniya,Finance,2027,Kandy,Company Website
2280,Candidate 2280,Male,21,Sabaragamuwa University,Human Resource Management,2026,Colombo,Referral
2281,Candidate 2281,Male,26,University of Ruhuna,Computer Science,2027,Galle,LinkedIn
2282,Candidate 2282,Female,21,Sabaragamuwa University,Information Technology,2026,Galle,LinkedIn
2283,Candidate 2283,Male,23,Sabaragamuwa University,Finance,2028,Ampara,LinkedIn
2284,Candidate 2284,Female,25,Wayamba University,Information Technology,2027,Matara,LinkedIn
2285,Candidate 2285,Female,24,University of Ruhuna,Information Technology,2026,Kandy,Referral
2286,Candidate 2286,Female,23,University of Ruhuna,Software Engineering,2026,Kandy,LinkedIn
2287,Candidate 2287,Male,24,University of Moratuwa,Software Engineering,2027,Anuradhapura,Referral
2288,Candidate 2288,Female,23,University of Peradeniya,Data Science,2028,Ampara,LinkedIn
2289,Candidate 2289,Male,21,University of Sri Jayewardenepura,Data Science,2027,Galle,Company Website
2290,Candidate 2290,Female,20,South Eastern University of Sri Lanka,Computer Science,2028,Colombo,LinkedIn
2291,Candidate 2291,Female,24,Wayamba University,Computer Science,2027,Galle,Referral
2292,Candidate 2292,Male,26,Sabaragamuwa University,Software Engineering,2026,Matara,University Career Fair
2293,Candidate 2293,Male,20,University of Moratuwa,Marketing,2028,Anuradhapura,Job Portal
2294,Candidate 2294,Male,21,University of Moratuwa,Data Science,2026,Matara,University Career Fair
2295,Candidate 2295,Male,24,University of Moratuwa,Software Engineering,2028,Ampara,Job Portal
2296,Candidate 2296,Female,21,University of Kelaniya,Marketing,2026,Ampara,LinkedIn
2297,Candidate 2297,Female,26,University of Ruhuna,Computer Science,2026,Batticaloa,Referral
2298,Candidate 2298,Male,25,University of Moratuwa,Human Resource Management,2028,Anuradhapura,Job Portal
2299,Candidate 2299,Male,21,Uva Wellassa University,Business Management,2027,Kandy,University Career Fair
2300,Candidate 2300,Male,23,University of Peradeniya,Information Technology,2028,Galle,Job Portal
2301,Candidate 2301,Male,22,University of Kelaniya,Marketing,2027,Matara,Company Website
2302,Candidate 2302,Female,22,Wayamba University,Finance,2027,Matara,University Career Fair
2303,Candidate 2303,Female,26,Uva Wellassa University,Data Science,2027,Batticaloa,LinkedIn
2304,Candidate 2304,Female,22,Wayamba University,Information Technology,2027,Kurunegala,Job Portal
2305,Candidate 2305,Female,24,Wayamba University,Software Engineering,2027,Batticaloa,Job Portal
2306,Candidate 2306,Male,22,University of Kelaniya,Software Engineering,2027,Anuradhapura,Company Website
2307,Candidate 2307,Female,22,Uva Wellassa University,Marketing,2028,Jaffna,Job Portal
2308,Candidate 2308,Male,26,University of Kelaniya,Software Engineering,2028,Batticaloa,Company Website
2309,Candidate 2309,Female,21,Sabaragamuwa University,Data Science,2026,Kurunegala,Company Website
2310,Candidate 2310,Male,24,South Eastern University of Sri Lanka,Data Science,2028,Matara,Referral
2311,Candidate 2311,Female,23,University of Kelaniya,Human Resource Management,2028,Batticaloa,LinkedIn
2312,Candidate 2312,Male,22,University of Peradeniya,Marketing,2028,Ampara,LinkedIn
2313,Candidate 2313,Male,26,University of Kelaniya,Human Resource Management,2027,Anuradhapura,Company Website
2314,Candidate 2314,Female,24,Uva Wellassa University,Marketing,2026,Kurunegala,LinkedIn
2315,Candidate 2315,Female,25,Sabaragamuwa University,Information Technology,2027,Ampara,Referral
2316,Candidate 2316,Male,21,University of Moratuwa,Information Technology,2027,Colombo,LinkedIn
2317,Candidate 2317,Male,22,University of Peradeniya,Business Management,2026,Kandy,Job Portal
2318,Candidate 2318,Female,21,University of Colombo,Computer Science,2026,Kandy,Referral
2319,Candidate 2319,Female,22,University of Ruhuna,Software Engineering,2026,Jaffna,Company Website
2320,Candidate 2320,Female,24,South Eastern University of Sri Lanka,Software Engineering,2026,Colombo,Company Website
2321,Candidate 2321,Female,26,University of Sri Jayewardenepura,Data Science,2027,Jaffna,University Career Fair
2322,Candidate 2322,Male,21,University of Peradeniya,Business Management,2027,Kandy,LinkedIn
2323,Candidate 2323,Female,21,University of Sri Jayewardenepura,Human Resource Management,2028,Galle,Job Portal
2324,Candidate 2324,Male,22,University of Peradeniya,Computer Science,2026,Kurunegala,University Career Fair
2325,Candidate 2325,Female,23,University of Sri Jayewardenepura,Software Engineering,2026,Kandy,University Career Fair
2326,Candidate 2326,Female,23,University of Moratuwa,Marketing,2028,Ampara,LinkedIn
2327,Candidate 2327,Female,21,Sabaragamuwa University,Marketing,2028,Batticaloa,Referral
2328,Candidate 2328,Female,24,Uva Wellassa University,Marketing,2027,Negombo,LinkedIn
2329,Candidate 2329,Male,25,University of Peradeniya,Marketing,2026,Ampara,LinkedIn
2330,Candidate 2330,Female,22,University of Ruhuna,Business Management,2026,Kurunegala,Job Portal
2331,Candidate 2331,Female,24,Sabaragamuwa University,Computer Science,2028,Negombo,LinkedIn
2332,Candidate 2332,Male,23,University of Colombo,Marketing,2028,Batticaloa,Referral
2333,Candidate 2333,Male,23,University of Ruhuna,Human Resource Management,2027,Kandy,University Career Fair
2334,Candidate 2334,Female,21,University of Kelaniya,Finance,2027,Matara,LinkedIn
2335,Candidate 2335,Male,26,Uva Wellassa University,Software Engineering,2026,Ampara,Referral
2336,Candidate 2336,Male,20,University of Moratuwa,Information Technology,2028,Anuradhapura,LinkedIn
2337,Candidate 2337,Male,24,University of Kelaniya,Human Resource Management,2026,Kurunegala,LinkedIn
2338,Candidate 2338,Female,22,University of Moratuwa,Software Engineering,2027,Kurunegala,LinkedIn
2339,Candidate 2339,Male,21,University of Peradeniya,Computer Science,2028,Galle,Referral
2340,Candidate 2340,Female,23,University of Moratuwa,Software Engineering,2026,Jaffna,Company Website
2341,Candidate 2341,Male,20,University of Peradeniya,Business Management,2026,Anuradhapura,LinkedIn
2342,Candidate 2342,Female,24,South Eastern University of Sri Lanka,Data Science,2026,Anuradhapura,Job Portal
2343,Candidate 2343,Male,26,University of Colombo,Finance,2026,Kurunegala,University Career Fair
2344,Candidate 2344,Male,24,Wayamba University,Computer Science,2027,Galle,LinkedIn
2345,Candidate 2345,Female,21,University of Moratuwa,Software Engineering,2028,Batticaloa,Company Website
2346,Candidate 2346,Female,23,University of Sri Jayewardenepura,Human Resource Management,2026,Kandy,Company Website
2347,Candidate 2347,Male,25,Uva Wellassa University,Computer Science,2026,Ampara,LinkedIn
2348,Candidate 2348,Female,23,Wayamba University,Human Resource Management,2028,Ampara,Company Website
2349,Candidate 2349,Female,24,Sabaragamuwa University,Finance,2028,Negombo,Company Website
2350,Candidate 2350,Female,26,University of Kelaniya,Marketing,2026,Anuradhapura,Job Portal
2351,Candidate 2351,Male,26,University of Colombo,Software Engineering,2026,Negombo,Email Campaign
2352,Candidate 2352,Female,20,Uva Wellassa University,Marketing,2027,Ampara,Referral
2353,Candidate 2353,Male,22,Sabaragamuwa University,Software Engineering,2026,Jaffna,University Career Fair
2354,Candidate 2354,Male,23,Uva Wellassa University,Data Science,2028,Kurunegala,Referral
2355,Candidate 2355,Male,20,University of Sri Jayewardenepura,Human Resource Management,2027,Matara,Referral
2356,Candidate 2356,Female,22,University of Sri Jayewardenepura,Human Resource Management,2026,Ampara,Email Campaign
2357,Candidate 2357,Male,21,University of Peradeniya,Business Management,2027,Colombo,Referral
2358,Candidate 2358,Female,25,University of Ruhuna,Information Technology,2028,Kurunegala,Referral
2359,Candidate 2359,Female,20,Sabaragamuwa University,Information Technology,2027,Batticaloa,LinkedIn
2360,Candidate 2360,Male,20,University of Peradeniya,Data Science,2028,Anuradhapura,Referral
2361,Candidate 2361,Male,24,University of Sri Jayewardenepura,Finance,2026,Matara,University Career Fair
2362,Candidate 2362,Female,22,Uva Wellassa University,Finance,2027,Batticaloa,LinkedIn
2363,Candidate 2363,Male,23,Sabaragamuwa University,Marketing,2028,Colombo,Company Website
2364,Candidate 2364,Male,21,University of Ruhuna,Finance,2028,Matara,Company Website
2365,Candidate 2365,Female,21,University of Moratuwa,Software Engineering,2026,Negombo,Referral
2366,Candidate 2366,Female,21,University of Colombo,Computer Science,2027,Colombo,Email Campaign
2367,Candidate 2367,Male,23,Uva Wellassa University,Software Engineering,2027,Galle,University Career Fair
2368,Candidate 2368,Female,21,University of Colombo,Information Technology,2026,Colombo,Referral
2369,Candidate 2369,Female,26,University of Peradeniya,Software Engineering,2027,Galle,Job Portal
2370,Candidate 2370,Female,20,University of Peradeniya,Human Resource Management,2027,Negombo,Company Website
2371,Candidate 2371,Female,26,Sabaragamuwa University,Business Management,2028,Anuradhapura,University Career Fair
2372,Candidate 2372,Female,25,South Eastern University of Sri Lanka,Data Science,2028,Negombo,University Career Fair
2373,Candidate 2373,Female,26,Uva Wellassa University,Software Engineering,2026,Colombo,University Career Fair
2374,Candidate 2374,Female,22,Wayamba University,Business Management,2027,Ampara,LinkedIn
2375,Candidate 2375,Female,26,University of Kelaniya,Information Technology,2026,Anuradhapura,LinkedIn
2376,Candidate 2376,Male,21,Sabaragamuwa University,Data Science,2026,Anuradhapura,University Career Fair
2377,Candidate 2377,Female,25,University of Ruhuna,Marketing,2028,Batticaloa,Referral
2378,Candidate 2378,Male,21,Uva Wellassa University,Human Resource Management,2028,Kandy,Job Portal
2379,Candidate 2379,Male,23,University of Ruhuna,Marketing,2026,Ampara,University Career Fair
2380,Candidate 2380,Male,22,South Eastern University of Sri Lanka,Information Technology,2027,Jaffna,University Career Fair
2381,Candidate 2381,Female,23,Uva Wellassa University,Software Engineering,2027,Ampara,Job Portal
2382,Candidate 2382,Female,21,Uva Wellassa University,Data Science,2027,Galle,Company Website
2383,Candidate 2383,Female,26,University of Peradeniya,Information Technology,2026,Kandy,Job Portal
2384,Candidate 2384,Male,21,Wayamba University,Marketing,2027,Kandy,Job Portal
2385,Candidate 2385,Male,20,University of Colombo,Human Resource Management,2026,Colombo,LinkedIn
2386,Candidate 2386,Female,25,South Eastern University of Sri Lanka,Information Technology,2026,Galle,Job Portal
2387,Candidate 2387,Female,20,University of Colombo,Information Technology,2026,Negombo,LinkedIn
2388,Candidate 2388,Male,26,University of Moratuwa,Marketing,2027,Kandy,Referral
2389,Candidate 2389,Female,24,Wayamba University,Information Technology,2028,Kurunegala,LinkedIn
2390,Candidate 2390,Female,24,University of Kelaniya,Data Science,2028,Anuradhapura,LinkedIn
2391,Candidate 2391,Male,25,University of Kelaniya,Computer Science,2027,Batticaloa,Company Website
2392,Candidate 2392,Female,26,Sabaragamuwa University,Finance,2028,Kurunegala,Referral
2393,Candidate 2393,Female,23,University of Sri Jayewardenepura,Business Management,2028,Batticaloa,LinkedIn
2394,Candidate 2394,Female,21,University of Moratuwa,Computer Science,2026,Colombo,Company Website
2395,Candidate 2395,Male,21,University of Peradeniya,Human Resource Management,2026,Galle,Company Website
2396,Candidate 2396,Female,26,South Eastern University of Sri Lanka,Finance,2028,Jaffna,Company Website
2397,Candidate 2397,Female,23,University of Peradeniya,Business Management,2028,Jaffna,Job Portal
2398,Candidate 2398,Male,22,University of Moratuwa,Marketing,2026,Batticaloa,LinkedIn
2399,Candidate 2399,Male,26,University of Kelaniya,Marketing,2026,Matara,University Career Fair
2400,Candidate 2400,Female,26,South Eastern University of Sri Lanka,Human Resource Management,2026,Batticaloa,Company Website
2401,Candidate 2401,Female,25,South Eastern University of Sri Lanka,Data Science,2026,Galle,Email Campaign
2402,Candidate 2402,Female,20,Sabaragamuwa University,Finance,2026,Colombo,Job Portal
2403,Candidate 2403,Male,24,Uva Wellassa University,Human Resource Management,2027,Jaffna,Company Website
2404,Candidate 2404,Female,20,University of Colombo,Finance,2028,Batticaloa,Job Portal
2405,Candidate 2405,Female,22,University of Colombo,Information Technology,2027,Anuradhapura,LinkedIn
2406,Candidate 2406,Male,22,Wayamba University,Business Management,2028,Ampara,Job Portal
2407,Candidate 2407,Male,23,University of Colombo,Human Resource Management,2028,Negombo,University Career Fair
2408,Candidate 2408,Female,20,University of Kelaniya,Finance,2026,Ampara,Company Website
2409,Candidate 2409,Male,23,University of Ruhuna,Human Resource Management,2028,Negombo,LinkedIn
2410,Candidate 2410,Female,26,Uva Wellassa University,Software Engineering,2027,Kurunegala,Referral
2411,Candidate 2411,Male,26,University of Sri Jayewardenepura,Business Management,2027,Kurunegala,LinkedIn
2412,Candidate 2412,Male,20,University of Sri Jayewardenepura,Human Resource Management,2026,Ampara,LinkedIn
2413,Candidate 2413,Male,20,University of Kelaniya,Marketing,2026,Anuradhapura,Job Portal
2414,Candidate 2414,Female,26,Uva Wellassa University,Computer Science,2027,Negombo,LinkedIn
2415,Candidate 2415,Female,26,University of Peradeniya,Software Engineering,2027,Anuradhapura,Company Website
2416,Candidate 2416,Male,24,University of Sri Jayewardenepura,Computer Science,2028,Ampara,LinkedIn
2417,Candidate 2417,Male,23,University of Colombo,Information Technology,2026,Kurunegala,LinkedIn
2418,Candidate 2418,Female,25,University of Kelaniya,Marketing,2026,Ampara,LinkedIn
2419,Candidate 2419,Male,22,University of Peradeniya,Business Management,2027,Anuradhapura,Company Website
2420,Candidate 2420,Male,20,University of Moratuwa,Information Technology,2026,Jaffna,LinkedIn
2421,Candidate 2421,Female,21,University of Peradeniya,Human Resource Management,2027,Kandy,University Career Fair
2422,Candidate 2422,Female,24,University of Peradeniya,Human Resource Management,2028,Negombo,Referral
2423,Candidate 2423,Male,22,University of Peradeniya,Finance,2026,Ampara,Job Portal
2424,Candidate 2424,Female,25,University of Colombo,Information Technology,2026,Galle,LinkedIn
2425,Candidate 2425,Male,24,Wayamba University,Software Engineering,2027,Batticaloa,LinkedIn
2426,Candidate 2426,Female,26,University of Ruhuna,Information Technology,2028,Ampara,LinkedIn
2427,Candidate 2427,Male,24,Sabaragamuwa University,Information Technology,2028,Jaffna,Job Portal
2428,Candidate 2428,Female,24,Sabaragamuwa University,Marketing,2027,Batticaloa,LinkedIn
2429,Candidate 2429,Male,20,Sabaragamuwa University,Software Engineering,2026,Negombo,Referral
2430,Candidate 2430,Female,25,South Eastern University of Sri Lanka,Marketing,2028,Colombo,Email Campaign
2431,Candidate 2431,Female,20,University of Moratuwa,Information Technology,2028,Anuradhapura,Company Website
2432,Candidate 2432,Male,24,University of Moratuwa,Human Resource Management,2027,Anuradhapura,Email Campaign
2433,Candidate 2433,Female,20,Uva Wellassa University,Computer Science,2028,Batticaloa,LinkedIn
2434,Candidate 2434,Female,22,University of Colombo,Information Technology,2026,Kurunegala,Company Website
2435,Candidate 2435,Male,25,University of Kelaniya,Marketing,2026,Kurunegala,Referral
2436,Candidate 2436,Female,20,Wayamba University,Finance,2026,Matara,Referral
2437,Candidate 2437,Female,23,University of Colombo,Computer Science,2027,Batticaloa,LinkedIn
2438,Candidate 2438,Male,26,University of Moratuwa,Information Technology,2027,Kandy,LinkedIn
2439,Candidate 2439,Female,26,South Eastern University of Sri Lanka,Finance,2026,Galle,Company Website
2440,Candidate 2440,Male,21,University of Colombo,Business Management,2027,Anuradhapura,Job Portal
2441,Candidate 2441,Male,26,Wayamba University,Business Management,2028,Kurunegala,LinkedIn
2442,Candidate 2442,Female,26,University of Colombo,Business Management,2027,Kandy,Company Website
2443,Candidate 2443,Female,25,University of Colombo,Data Science,2026,Kandy,Job Portal
2444,Candidate 2444,Male,20,Sabaragamuwa University,Computer Science,2027,Batticaloa,University Career Fair
2445,Candidate 2445,Male,22,University of Moratuwa,Software Engineering,2026,Batticaloa,LinkedIn
2446,Candidate 2446,Male,25,University of Colombo,Human Resource Management,2026,Galle,LinkedIn
2447,Candidate 2447,Male,23,University of Colombo,Business Management,2028,Jaffna,University Career Fair
2448,Candidate 2448,Male,20,University of Ruhuna,Software Engineering,2028,Ampara,LinkedIn
2449,Candidate 2449,Female,22,University of Moratuwa,Marketing,2028,Ampara,Job Portal
2450,Candidate 2450,Female,22,University of Sri Jayewardenepura,Information Technology,2028,Ampara,Referral
2451,Candidate 2451,Female,20,University of Peradeniya,Marketing,2028,Jaffna,Company Website
2452,Candidate 2452,Male,24,University of Moratuwa,Information Technology,2028,Jaffna,LinkedIn
2453,Candidate 2453,Male,21,University of Sri Jayewardenepura,Computer Science,2028,Kandy,Company Website
2454,Candidate 2454,Male,21,University of Kelaniya,Information Technology,2028,Colombo,Company Website
2455,Candidate 2455,Male,26,University of Colombo,Marketing,2026,Batticaloa,LinkedIn
2456,Candidate 2456,Male,21,University of Peradeniya,Finance,2027,Ampara,Referral
2457,Candidate 2457,Female,23,University of Sri Jayewardenepura,Data Science,2026,Ampara,Referral
2458,Candidate 2458,Male,23,Sabaragamuwa University,Business Management,2027,Colombo,Referral
2459,Candidate 2459,Female,23,University of Moratuwa,Computer Science,2026,Matara,University Career Fair
2460,Candidate 2460,Male,23,University of Peradeniya,Business Management,2026,Kurunegala,Referral
2461,Candidate 2461,Female,26,University of Colombo,Human Resource Management,2028,Kandy,Company Website
2462,Candidate 2462,Female,22,University of Sri Jayewardenepura,Human Resource Management,2026,Kurunegala,Job Portal
2463,Candidate 2463,Female,22,University of Moratuwa,Human Resource Management,2026,Matara,Job Portal
2464,Candidate 2464,Male,26,University of Sri Jayewardenepura,Human Resource Management,2027,Jaffna,Email Campaign
2465,Candidate 2465,Male,20,University of Kelaniya,Finance,2028,Kurunegala,Company Website
2466,Candidate 2466,Female,26,Wayamba University,Business Management,2028,Ampara,LinkedIn
2467,Candidate 2467,Male,21,University of Kelaniya,Business Management,2026,Anuradhapura,Job Portal
2468,Candidate 2468,Male,25,Sabaragamuwa University,Computer Science,2026,Colombo,Referral
2469,Candidate 2469,Female,24,South Eastern University of Sri Lanka,Computer Science,2027,Jaffna,LinkedIn
2470,Candidate 2470,Female,25,University of Ruhuna,Business Management,2028,Kurunegala,Company Website
2471,Candidate 2471,Female,25,Uva Wellassa University,Finance,2026,Ampara,University Career Fair
2472,Candidate 2472,Male,21,South Eastern University of Sri Lanka,Computer Science,2027,Batticaloa,University Career Fair
2473,Candidate 2473,Male,24,South Eastern University of Sri Lanka,Human Resource Management,2026,Ampara,Email Campaign
2474,Candidate 2474,Male,25,University of Peradeniya,Information Technology,2028,Galle,LinkedIn
2475,Candidate 2475,Male,21,Sabaragamuwa University,Marketing,2028,Kandy,LinkedIn
2476,Candidate 2476,Female,25,University of Moratuwa,Software Engineering,2028,Jaffna,LinkedIn
2477,Candidate 2477,Male,20,University of Kelaniya,Computer Science,2028,Ampara,LinkedIn
2478,Candidate 2478,Female,25,Uva Wellassa University,Human Resource Management,2026,Kandy,Referral
2479,Candidate 2479,Male,24,University of Peradeniya,Information Technology,2027,Negombo,University Career Fair
2480,Candidate 2480,Male,20,Sabaragamuwa University,Business Management,2028,Galle,Company Website
2481,Candidate 2481,Male,26,Sabaragamuwa University,Software Engineering,2027,Batticaloa,LinkedIn
2482,Candidate 2482,Male,24,University of Kelaniya,Computer Science,2027,Batticaloa,Job Portal
2483,Candidate 2483,Female,24,University of Moratuwa,Computer Science,2028,Kandy,Email Campaign
2484,Candidate 2484,Male,25,University of Kelaniya,Software Engineering,2026,Galle,LinkedIn
2485,Candidate 2485,Male,25,University of Moratuwa,Software Engineering,2026,Jaffna,LinkedIn
2486,Candidate 2486,Female,20,Sabaragamuwa University,Software Engineering,2028,Galle,LinkedIn
2487,Candidate 2487,Male,22,University of Kelaniya,Marketing,2026,Kandy,Job Portal
2488,Candidate 2488,Male,23,University of Ruhuna,Computer Science,2026,Batticaloa,LinkedIn
2489,Candidate 2489,Male,25,University of Ruhuna,Information Technology,2026,Galle,LinkedIn
2490,Candidate 2490,Male,23,University of Peradeniya,Marketing,2026,Galle,Referral
2491,Candidate 2491,Female,23,University of Moratuwa,Software Engineering,2027,Ampara,LinkedIn
2492,Candidate 2492,Female,22,South Eastern University of Sri Lanka,Business Management,2028,Jaffna,Job Portal
2493,Candidate 2493,Male,21,University of Ruhuna,Business Management,2027,Anuradhapura,University Career Fair
2494,Candidate 2494,Male,26,Uva Wellassa University,Information Technology,2028,Galle,Job Portal
2495,Candidate 2495,Male,25,Wayamba University,Information Technology,2028,Matara,Referral
2496,Candidate 2496,Male,20,Wayamba University,Data Science,2028,Jaffna,Job Portal
2497,Candidate 2497,Male,20,Wayamba University,Information Technology,2026,Anuradhapura,Company Website
2498,Candidate 2498,Female,24,Wayamba University,Information Technology,2027,Kurunegala,Referral
2499,Candidate 2499,Male,26,University of Moratuwa,Computer Science,2027,Matara,Job Portal
2500,Candidate 2500,Male,21,University of Sri Jayewardenepura,Information Technology,2028,Galle,Company Website
2501,Candidate 2501,Male,23,Wayamba University,Information Technology,2028,Batticaloa,University Career Fair
2502,Candidate 2502,Female,26,South Eastern University of Sri Lanka,Computer Science,2026,Colombo,Job Portal
2503,Candidate 2503,Male,26,University of Colombo,Information Technology,2027,Galle,Job Portal
2504,Candidate 2504,Male,20,University of Sri Jayewardenepura,Human Resource Management,2026,Matara,Job Portal
2505,Candidate 2505,Female,20,Uva Wellassa University,Computer Science,2028,Galle,Email Campaign
2506,Candidate 2506,Female,23,University of Peradeniya,Business Management,2027,Kurunegala,LinkedIn
2507,Candidate 2507,Male,24,Uva Wellassa University,Human Resource Management,2027,Matara,University Career Fair
2508,Candidate 2508,Male,21,University of Moratuwa,Business Management,2028,Negombo,Job Portal
2509,Candidate 2509,Female,23,Sabaragamuwa University,Computer Science,2028,Ampara,University Career Fair
2510,Candidate 2510,Male,24,University of Colombo,Computer Science,2028,Kurunegala,Job Portal
2511,Candidate 2511,Female,22,South Eastern University of Sri Lanka,Information Technology,2027,Anuradhapura,Referral
2512,Candidate 2512,Male,23,University of Ruhuna,Information Technology,2026,Ampara,LinkedIn
2513,Candidate 2513,Female,24,University of Sri Jayewardenepura,Finance,2027,Colombo,Referral
2514,Candidate 2514,Male,26,Uva Wellassa University,Marketing,2028,Colombo,Company Website
2515,Candidate 2515,Male,25,Sabaragamuwa University,Computer Science,2027,Jaffna,LinkedIn
2516,Candidate 2516,Female,24,South Eastern University of Sri Lanka,Computer Science,2028,Anuradhapura,LinkedIn
2517,Candidate 2517,Male,20,University of Kelaniya,Computer Science,2026,Ampara,Referral
2518,Candidate 2518,Male,24,Wayamba University,Computer Science,2027,Kurunegala,Email Campaign
2519,Candidate 2519,Male,24,Sabaragamuwa University,Human Resource Management,2026,Anuradhapura,LinkedIn
2520,Candidate 2520,Male,24,University of Peradeniya,Marketing,2027,Jaffna,LinkedIn
2521,Candidate 2521,Male,21,University of Ruhuna,Business Management,2028,Galle,University Career Fair
2522,Candidate 2522,Female,23,University of Kelaniya,Data Science,2026,Jaffna,Job Portal
2523,Candidate 2523,Male,22,Wayamba University,Marketing,2026,Kandy,Referral
2524,Candidate 2524,Female,20,Sabaragamuwa University,Computer Science,2027,Kurunegala,Job Portal
2525,Candidate 2525,Female,21,South Eastern University of Sri Lanka,Finance,2027,Colombo,LinkedIn
2526,Candidate 2526,Male,25,South Eastern University of Sri Lanka,Finance,2028,Galle,Referral
2527,Candidate 2527,Male,25,University of Peradeniya,Human Resource Management,2027,Kurunegala,University Career Fair
2528,Candidate 2528,Female,26,University of Kelaniya,Computer Science,2026,Kandy,Referral
2529,Candidate 2529,Male,26,University of Kelaniya,Finance,2028,Galle,University Career Fair
2530,Candidate 2530,Male,25,South Eastern University of Sri Lanka,Computer Science,2027,Colombo,Email Campaign
2531,Candidate 2531,Female,21,University of Sri Jayewardenepura,Software Engineering,2026,Batticaloa,LinkedIn
2532,Candidate 2532,Female,24,South Eastern University of Sri Lanka,Information Technology,2027,Jaffna,Job Portal
2533,Candidate 2533,Male,20,University of Peradeniya,Human Resource Management,2028,Matara,Company Website
2534,Candidate 2534,Male,24,University of Colombo,Software Engineering,2026,Negombo,LinkedIn
2535,Candidate 2535,Male,23,University of Sri Jayewardenepura,Data Science,2027,Batticaloa,Email Campaign
2536,Candidate 2536,Male,23,University of Colombo,Information Technology,2026,Negombo,Job Portal
2537,Candidate 2537,Female,26,South Eastern University of Sri Lanka,Marketing,2026,Matara,Email Campaign
2538,Candidate 2538,Female,26,Wayamba University,Computer Science,2026,Galle,LinkedIn
2539,Candidate 2539,Male,26,University of Colombo,Information Technology,2027,Ampara,LinkedIn
2540,Candidate 2540,Male,26,Uva Wellassa University,Computer Science,2026,Ampara,Referral
2541,Candidate 2541,Female,22,University of Kelaniya,Information Technology,2028,Ampara,Job Portal
2542,Candidate 2542,Male,23,South Eastern University of Sri Lanka,Finance,2026,Colombo,LinkedIn
2543,Candidate 2543,Male,26,University of Peradeniya,Business Management,2026,Anuradhapura,Referral
2544,Candidate 2544,Male,23,Wayamba University,Human Resource Management,2027,Colombo,Company Website
2545,Candidate 2545,Female,21,University of Moratuwa,Data Science,2026,Negombo,Company Website
2546,Candidate 2546,Male,20,University of Sri Jayewardenepura,Human Resource Management,2027,Batticaloa,Referral
2547,Candidate 2547,Male,20,University of Kelaniya,Computer Science,2028,Kurunegala,LinkedIn
2548,Candidate 2548,Female,25,University of Colombo,Finance,2028,Colombo,Job Portal
2549,Candidate 2549,Female,21,Sabaragamuwa University,Marketing,2027,Ampara,Email Campaign
2550,Candidate 2550,Male,24,University of Peradeniya,Information Technology,2028,Galle,University Career Fair
2551,Candidate 2551,Male,20,University of Sri Jayewardenepura,Computer Science,2028,Jaffna,Referral
2552,Candidate 2552,Female,24,University of Peradeniya,Computer Science,2027,Galle,Company Website
2553,Candidate 2553,Male,22,University of Sri Jayewardenepura,Information Technology,2026,Jaffna,Referral
2554,Candidate 2554,Female,22,University of Colombo,Marketing,2028,Anuradhapura,LinkedIn
2555,Candidate 2555,Male,23,Sabaragamuwa University,Marketing,2028,Galle,Company Website
2556,Candidate 2556,Female,22,University of Colombo,Information Technology,2026,Kurunegala,Job Portal
2557,Candidate 2557,Male,26,Wayamba University,Human Resource Management,2026,Batticaloa,Referral
2558,Candidate 2558,Female,26,Wayamba University,Data Science,2027,Colombo,LinkedIn
2559,Candidate 2559,Female,24,University of Peradeniya,Computer Science,2026,Batticaloa,University Career Fair
2560,Candidate 2560,Male,24,University of Colombo,Finance,2028,Negombo,Company Website
2561,Candidate 2561,Female,22,Uva Wellassa University,Data Science,2026,Matara,Email Campaign
2562,Candidate 2562,Male,23,Uva Wellassa University,Marketing,2028,Negombo,Job Portal
2563,Candidate 2563,Female,26,Wayamba University,Human Resource Management,2026,Anuradhapura,Referral
2564,Candidate 2564,Female,24,University of Ruhuna,Software Engineering,2026,Batticaloa,Company Website
2565,Candidate 2565,Female,20,Wayamba University,Business Management,2028,Negombo,Job Portal
2566,Candidate 2566,Male,21,University of Sri Jayewardenepura,Information Technology,2026,Jaffna,Referral
2567,Candidate 2567,Male,26,University of Ruhuna,Marketing,2028,Anuradhapura,Email Campaign
2568,Candidate 2568,Male,23,Uva Wellassa University,Computer Science,2028,Matara,LinkedIn
2569,Candidate 2569,Male,23,University of Ruhuna,Computer Science,2028,Matara,LinkedIn
2570,Candidate 2570,Male,22,Wayamba University,Software Engineering,2028,Negombo,LinkedIn
2571,Candidate 2571,Female,25,University of Sri Jayewardenepura,Data Science,2028,Anuradhapura,Job Portal
2572,Candidate 2572,Female,26,University of Colombo,Finance,2027,Kandy,Email Campaign
2573,Candidate 2573,Female,22,University of Colombo,Data Science,2027,Negombo,Job Portal
2574,Candidate 2574,Male,23,University of Kelaniya,Information Technology,2028,Ampara,Company Website
2575,Candidate 2575,Female,23,University of Peradeniya,Software Engineering,2026,Anuradhapura,University Career Fair
2576,Candidate 2576,Female,20,University of Moratuwa,Software Engineering,2028,Batticaloa,Company Website
2577,Candidate 2577,Male,22,University of Sri Jayewardenepura,Business Management,2027,Anuradhapura,LinkedIn
2578,Candidate 2578,Female,26,Wayamba University,Business Management,2028,Colombo,Job Portal
2579,Candidate 2579,Male,23,University of Sri Jayewardenepura,Computer Science,2026,Anuradhapura,University Career Fair
2580,Candidate 2580,Female,23,University of Peradeniya,Computer Science,2026,Ampara,University Career Fair
2581,Candidate 2581,Male,20,University of Sri Jayewardenepura,Finance,2026,Colombo,Job Portal
2582,Candidate 2582,Female,24,University of Colombo,Business Management,2026,Kurunegala,Company Website
2583,Candidate 2583,Male,26,South Eastern University of Sri Lanka,Computer Science,2027,Ampara,Job Portal
2584,Candidate 2584,Male,26,Uva Wellassa University,Human Resource Management,2028,Ampara,Company Website
2585,Candidate 2585,Male,25,South Eastern University of Sri Lanka,Software Engineering,2028,Kurunegala,Referral
2586,Candidate 2586,Female,23,Sabaragamuwa University,Business Management,2027,Galle,LinkedIn
2587,Candidate 2587,Female,21,University of Ruhuna,Marketing,2028,Galle,Company Website
2588,Candidate 2588,Female,20,Wayamba University,Information Technology,2028,Matara,Company Website
2589,Candidate 2589,Female,23,University of Colombo,Data Science,2028,Negombo,LinkedIn
2590,Candidate 2590,Female,20,University of Ruhuna,Business Management,2026,Jaffna,LinkedIn
2591,Candidate 2591,Female,21,University of Peradeniya,Data Science,2027,Batticaloa,Company Website
2592,Candidate 2592,Male,21,South Eastern University of Sri Lanka,Marketing,2026,Matara,University Career Fair
2593,Candidate 2593,Male,23,University of Colombo,Software Engineering,2026,Kandy,LinkedIn
2594,Candidate 2594,Male,20,University of Ruhuna,Information Technology,2026,Ampara,LinkedIn
2595,Candidate 2595,Female,21,Sabaragamuwa University,Human Resource Management,2028,Negombo,Email Campaign
2596,Candidate 2596,Female,20,University of Sri Jayewardenepura,Software Engineering,2027,Kandy,Job Portal
2597,Candidate 2597,Female,22,University of Kelaniya,Computer Science,2028,Galle,Job Portal
2598,Candidate 2598,Female,20,University of Moratuwa,Marketing,2027,Anuradhapura,LinkedIn
2599,Candidate 2599,Male,23,University of Kelaniya,Business Management,2026,Jaffna,University Career Fair
2600,Candidate 2600,Female,26,University of Peradeniya,Marketing,2027,Anuradhapura,LinkedIn
2601,Candidate 2601,Male,23,Sabaragamuwa University,Data Science,2026,Kandy,LinkedIn
2602,Candidate 2602,Male,25,University of Peradeniya,Human Resource Management,2028,Anuradhapura,Job Portal
2603,Candidate 2603,Male,25,University of Sri Jayewardenepura,Business Management,2028,Ampara,LinkedIn
2604,Candidate 2604,Female,25,Sabaragamuwa University,Human Resource Management,2026,Ampara,Job Portal
2605,Candidate 2605,Male,26,Wayamba University,Software Engineering,2026,Anuradhapura,LinkedIn
2606,Candidate 2606,Female,23,University of Colombo,Finance,2026,Negombo,Job Portal
2607,Candidate 2607,Male,23,Uva Wellassa University,Marketing,2027,Kandy,University Career Fair
2608,Candidate 2608,Male,23,Sabaragamuwa University,Software Engineering,2027,Anuradhapura,Job Portal
2609,Candidate 2609,Male,26,University of Colombo,Finance,2026,Ampara,University Career Fair
2610,Candidate 2610,Male,25,University of Moratuwa,Data Science,2026,Batticaloa,Referral
2611,Candidate 2611,Male,20,University of Ruhuna,Finance,2026,Batticaloa,University Career Fair
2612,Candidate 2612,Female,20,University of Kelaniya,Marketing,2028,Galle,Company Website
2613,Candidate 2613,Male,20,Uva Wellassa University,Data Science,2027,Negombo,Referral
2614,Candidate 2614,Female,26,Uva Wellassa University,Computer Science,2028,Negombo,University Career Fair
2615,Candidate 2615,Female,21,University of Ruhuna,Business Management,2028,Colombo,Email Campaign
2616,Candidate 2616,Male,20,South Eastern University of Sri Lanka,Computer Science,2028,Jaffna,Company Website
2617,Candidate 2617,Female,25,Uva Wellassa University,Business Management,2028,Kurunegala,Company Website
2618,Candidate 2618,Female,24,South Eastern University of Sri Lanka,Information Technology,2028,Kandy,Referral
2619,Candidate 2619,Female,25,Wayamba University,Human Resource Management,2026,Matara,LinkedIn
2620,Candidate 2620,Male,21,Wayamba University,Marketing,2027,Ampara,University Career Fair
2621,Candidate 2621,Male,20,Uva Wellassa University,Human Resource Management,2027,Ampara,Job Portal
2622,Candidate 2622,Male,25,Sabaragamuwa University,Human Resource Management,2028,Anuradhapura,University Career Fair
2623,Candidate 2623,Male,26,Uva Wellassa University,Marketing,2028,Matara,Company Website
2624,Candidate 2624,Male,26,University of Moratuwa,Finance,2028,Negombo,LinkedIn
2625,Candidate 2625,Male,26,Wayamba University,Finance,2028,Anuradhapura,LinkedIn
2626,Candidate 2626,Male,25,University of Sri Jayewardenepura,Finance,2026,Kurunegala,Job Portal
2627,Candidate 2627,Female,26,University of Ruhuna,Marketing,2028,Negombo,Referral
2628,Candidate 2628,Female,24,University of Colombo,Computer Science,2028,Kandy,LinkedIn
2629,Candidate 2629,Male,26,South Eastern University of Sri Lanka,Finance,2027,Kurunegala,LinkedIn
2630,Candidate 2630,Female,23,Uva Wellassa University,Marketing,2026,Galle,Referral
2631,Candidate 2631,Female,21,University of Sri Jayewardenepura,Data Science,2028,Anuradhapura,Company Website
2632,Candidate 2632,Female,26,University of Ruhuna,Software Engineering,2026,Anuradhapura,Email Campaign
2633,Candidate 2633,Male,22,University of Ruhuna,Data Science,2027,Kandy,Company Website
2634,Candidate 2634,Female,21,Wayamba University,Finance,2028,Matara,LinkedIn
2635,Candidate 2635,Female,23,University of Moratuwa,Data Science,2027,Negombo,LinkedIn
2636,Candidate 2636,Male,22,Wayamba University,Finance,2026,Jaffna,Job Portal
2637,Candidate 2637,Male,24,University of Ruhuna,Finance,2027,Colombo,Email Campaign
2638,Candidate 2638,Female,24,University of Kelaniya,Marketing,2028,Batticaloa,LinkedIn
2639,Candidate 2639,Female,26,Sabaragamuwa University,Business Management,2027,Jaffna,LinkedIn
2640,Candidate 2640,Female,25,Uva Wellassa University,Information Technology,2028,Anuradhapura,Job Portal
2641,Candidate 2641,Male,26,University of Peradeniya,Human Resource Management,2028,Matara,LinkedIn
2642,Candidate 2642,Male,24,South Eastern University of Sri Lanka,Software Engineering,2027,Colombo,LinkedIn
2643,Candidate 2643,Female,21,University of Ruhuna,Business Management,2026,Batticaloa,Referral
2644,Candidate 2644,Male,22,South Eastern University of Sri Lanka,Software Engineering,2026,Jaffna,Company Website
2645,Candidate 2645,Female,24,University of Sri Jayewardenepura,Marketing,2027,Anuradhapura,LinkedIn
2646,Candidate 2646,Female,23,South Eastern University of Sri Lanka,Computer Science,2026,Negombo,Referral
2647,Candidate 2647,Male,25,University of Peradeniya,Business Management,2026,Colombo,Job Portal
2648,Candidate 2648,Male,23,University of Ruhuna,Information Technology,2028,Negombo,University Career Fair
2649,Candidate 2649,Male,24,University of Moratuwa,Human Resource Management,2026,Kurunegala,Referral
2650,Candidate 2650,Male,26,Wayamba University,Finance,2027,Galle,Job Portal
2651,Candidate 2651,Female,24,University of Ruhuna,Marketing,2026,Batticaloa,Job Portal
2652,Candidate 2652,Female,26,Sabaragamuwa University,Human Resource Management,2027,Kurunegala,Job Portal
2653,Candidate 2653,Male,23,South Eastern University of Sri Lanka,Finance,2028,Kurunegala,University Career Fair
2654,Candidate 2654,Female,25,Uva Wellassa University,Marketing,2027,Batticaloa,Job Portal
2655,Candidate 2655,Female,21,Wayamba University,Data Science,2027,Negombo,Job Portal
2656,Candidate 2656,Male,26,University of Ruhuna,Finance,2026,Galle,Job Portal
2657,Candidate 2657,Male,20,University of Colombo,Data Science,2027,Batticaloa,Company Website
2658,Candidate 2658,Male,20,University of Sri Jayewardenepura,Data Science,2028,Kandy,Job Portal
2659,Candidate 2659,Female,20,University of Sri Jayewardenepura,Computer Science,2027,Batticaloa,University Career Fair
2660,Candidate 2660,Male,25,University of Ruhuna,Data Science,2028,Kandy,Referral
2661,Candidate 2661,Female,26,Wayamba University,Marketing,2027,Negombo,Company Website
2662,Candidate 2662,Female,21,Sabaragamuwa University,Software Engineering,2027,Matara,Job Portal
2663,Candidate 2663,Female,25,University of Kelaniya,Marketing,2026,Colombo,LinkedIn
2664,Candidate 2664,Male,22,University of Kelaniya,Software Engineering,2026,Anuradhapura,LinkedIn
2665,Candidate 2665,Male,25,Wayamba University,Information Technology,2028,Galle,LinkedIn
2666,Candidate 2666,Male,21,University of Sri Jayewardenepura,Data Science,2028,Colombo,Company Website
2667,Candidate 2667,Male,20,University of Ruhuna,Computer Science,2026,Anuradhapura,LinkedIn
2668,Candidate 2668,Female,23,University of Moratuwa,Software Engineering,2028,Anuradhapura,University Career Fair
2669,Candidate 2669,Male,24,University of Moratuwa,Human Resource Management,2027,Anuradhapura,Company Website
2670,Candidate 2670,Female,21,University of Moratuwa,Finance,2027,Matara,Referral
2671,Candidate 2671,Female,24,University of Kelaniya,Human Resource Management,2026,Ampara,LinkedIn
2672,Candidate 2672,Male,22,University of Moratuwa,Information Technology,2028,Matara,Referral
2673,Candidate 2673,Male,25,University of Peradeniya,Marketing,2026,Anuradhapura,Job Portal
2674,Candidate 2674,Female,20,Sabaragamuwa University,Data Science,2026,Matara,Company Website
2675,Candidate 2675,Male,23,University of Sri Jayewardenepura,Data Science,2026,Batticaloa,LinkedIn
2676,Candidate 2676,Male,24,Uva Wellassa University,Software Engineering,2028,Ampara,Job Portal
2677,Candidate 2677,Male,25,University of Ruhuna,Finance,2028,Negombo,LinkedIn
2678,Candidate 2678,Female,21,Wayamba University,Data Science,2026,Galle,Referral
2679,Candidate 2679,Female,25,University of Sri Jayewardenepura,Software Engineering,2027,Anuradhapura,Job Portal
2680,Candidate 2680,Female,23,University of Peradeniya,Human Resource Management,2028,Matara,Company Website
2681,Candidate 2681,Female,21,University of Moratuwa,Marketing,2027,Jaffna,Job Portal
2682,Candidate 2682,Female,22,University of Kelaniya,Human Resource Management,2028,Kandy,LinkedIn
2683,Candidate 2683,Female,24,Uva Wellassa University,Human Resource Management,2026,Galle,Company Website
2684,Candidate 2684,Female,20,University of Moratuwa,Computer Science,2027,Jaffna,Company Website
2685,Candidate 2685,Female,26,Wayamba University,Human Resource Management,2028,Kandy,LinkedIn
2686,Candidate 2686,Female,21,Uva Wellassa University,Software Engineering,2026,Galle,LinkedIn
2687,Candidate 2687,Male,21,South Eastern University of Sri Lanka,Marketing,2028,Colombo,University Career Fair
2688,Candidate 2688,Male,20,University of Colombo,Business Management,2028,Matara,Company Website
2689,Candidate 2689,Female,24,Wayamba University,Human Resource Management,2027,Jaffna,Company Website
2690,Candidate 2690,Female,25,Wayamba University,Finance,2026,Jaffna,Company Website
2691,Candidate 2691,Female,20,University of Colombo,Software Engineering,2026,Kurunegala,Email Campaign
2692,Candidate 2692,Male,23,University of Peradeniya,Finance,2026,Matara,LinkedIn
2693,Candidate 2693,Male,21,Uva Wellassa University,Information Technology,2026,Galle,Company Website
2694,Candidate 2694,Male,26,Uva Wellassa University,Finance,2028,Colombo,LinkedIn
2695,Candidate 2695,Male,23,University of Kelaniya,Software Engineering,2026,Negombo,Job Portal
2696,Candidate 2696,Male,24,University of Ruhuna,Human Resource Management,2026,Jaffna,Company Website
2697,Candidate 2697,Female,20,Uva Wellassa University,Information Technology,2026,Ampara,LinkedIn
2698,Candidate 2698,Male,25,University of Moratuwa,Information Technology,2026,Galle,LinkedIn
2699,Candidate 2699,Female,23,Sabaragamuwa University,Data Science,2026,Kandy,Company Website
2700,Candidate 2700,Male,20,University of Peradeniya,Marketing,2027,Kandy,LinkedIn
2701,Candidate 2701,Male,20,University of Peradeniya,Computer Science,2027,Galle,Company Website
2702,Candidate 2702,Female,21,University of Sri Jayewardenepura,Software Engineering,2026,Kurunegala,Company Website
2703,Candidate 2703,Female,23,South Eastern University of Sri Lanka,Software Engineering,2028,Colombo,Company Website
2704,Candidate 2704,Female,25,University of Kelaniya,Information Technology,2026,Kurunegala,LinkedIn
2705,Candidate 2705,Male,22,University of Colombo,Marketing,2028,Anuradhapura,LinkedIn
2706,Candidate 2706,Female,26,University of Colombo,Finance,2026,Galle,Company Website
2707,Candidate 2707,Female,21,University of Colombo,Software Engineering,2028,Batticaloa,Email Campaign
2708,Candidate 2708,Female,25,University of Ruhuna,Information Technology,2028,Colombo,Job Portal
2709,Candidate 2709,Male,25,Uva Wellassa University,Finance,2026,Negombo,University Career Fair
2710,Candidate 2710,Male,26,University of Peradeniya,Software Engineering,2027,Kandy,LinkedIn
2711,Candidate 2711,Male,23,South Eastern University of Sri Lanka,Finance,2028,Batticaloa,Referral
2712,Candidate 2712,Male,21,University of Colombo,Business Management,2026,Galle,LinkedIn
2713,Candidate 2713,Female,20,University of Ruhuna,Information Technology,2027,Negombo,LinkedIn
2714,Candidate 2714,Male,24,Sabaragamuwa University,Business Management,2026,Galle,Company Website
2715,Candidate 2715,Male,23,University of Peradeniya,Marketing,2027,Negombo,LinkedIn
2716,Candidate 2716,Male,21,University of Moratuwa,Business Management,2028,Kandy,Referral
2717,Candidate 2717,Female,26,University of Moratuwa,Computer Science,2026,Kurunegala,LinkedIn
2718,Candidate 2718,Male,20,University of Colombo,Finance,2027,Matara,Company Website
2719,Candidate 2719,Female,22,University of Ruhuna,Business Management,2028,Kandy,Referral
2720,Candidate 2720,Female,22,University of Kelaniya,Marketing,2026,Jaffna,Referral
2721,Candidate 2721,Male,21,University of Kelaniya,Human Resource Management,2027,Colombo,LinkedIn
2722,Candidate 2722,Male,26,University of Peradeniya,Information Technology,2026,Jaffna,LinkedIn
2723,Candidate 2723,Female,24,University of Sri Jayewardenepura,Information Technology,2027,Ampara,Referral
2724,Candidate 2724,Male,23,University of Moratuwa,Marketing,2028,Colombo,University Career Fair
2725,Candidate 2725,Male,26,South Eastern University of Sri Lanka,Human Resource Management,2026,Galle,Company Website
2726,Candidate 2726,Male,22,University of Colombo,Human Resource Management,2026,Jaffna,University Career Fair
2727,Candidate 2727,Female,23,University of Peradeniya,Software Engineering,2026,Matara,Company Website
2728,Candidate 2728,Female,20,University of Colombo,Business Management,2027,Anuradhapura,Email Campaign
2729,Candidate 2729,Female,22,University of Sri Jayewardenepura,Marketing,2026,Kandy,Company Website
2730,Candidate 2730,Male,20,Uva Wellassa University,Marketing,2026,Batticaloa,University Career Fair
2731,Candidate 2731,Female,23,University of Ruhuna,Marketing,2028,Kurunegala,University Career Fair
2732,Candidate 2732,Male,20,Wayamba University,Computer Science,2027,Jaffna,Email Campaign
2733,Candidate 2733,Male,24,University of Ruhuna,Data Science,2027,Kurunegala,Job Portal
2734,Candidate 2734,Female,23,University of Moratuwa,Information Technology,2027,Negombo,LinkedIn
2735,Candidate 2735,Male,26,University of Moratuwa,Human Resource Management,2026,Colombo,LinkedIn
2736,Candidate 2736,Female,23,University of Ruhuna,Marketing,2026,Kurunegala,Email Campaign
2737,Candidate 2737,Male,26,University of Peradeniya,Information Technology,2026,Matara,Company Website
2738,Candidate 2738,Female,20,University of Kelaniya,Computer Science,2026,Kurunegala,Company Website
2739,Candidate 2739,Male,26,Uva Wellassa University,Business Management,2028,Colombo,Referral
2740,Candidate 2740,Male,22,University of Moratuwa,Computer Science,2027,Negombo,Company Website
2741,Candidate 2741,Male,26,Uva Wellassa University,Business Management,2028,Negombo,Job Portal
2742,Candidate 2742,Female,26,Uva Wellassa University,Human Resource Management,2028,Jaffna,Company Website
2743,Candidate 2743,Male,23,Uva Wellassa University,Human Resource Management,2028,Kandy,Job Portal
2744,Candidate 2744,Female,24,Wayamba University,Business Management,2026,Ampara,Job Portal
2745,Candidate 2745,Male,21,University of Sri Jayewardenepura,Human Resource Management,2027,Colombo,University Career Fair
2746,Candidate 2746,Female,21,University of Sri Jayewardenepura,Data Science,2027,Ampara,LinkedIn
2747,Candidate 2747,Female,24,Uva Wellassa University,Information Technology,2028,Matara,Job Portal
2748,Candidate 2748,Male,25,University of Kelaniya,Data Science,2027,Galle,LinkedIn
2749,Candidate 2749,Female,20,Wayamba University,Human Resource Management,2028,Galle,LinkedIn
2750,Candidate 2750,Female,20,University of Moratuwa,Computer Science,2028,Kurunegala,LinkedIn
2751,Candidate 2751,Male,21,South Eastern University of Sri Lanka,Human Resource Management,2026,Kandy,LinkedIn
2752,Candidate 2752,Female,20,Wayamba University,Business Management,2028,Anuradhapura,LinkedIn
2753,Candidate 2753,Male,24,University of Ruhuna,Business Management,2027,Anuradhapura,LinkedIn
2754,Candidate 2754,Male,23,South Eastern University of Sri Lanka,Software Engineering,2028,Matara,Email Campaign
2755,Candidate 2755,Female,23,University of Colombo,Data Science,2026,Colombo,Referral
2756,Candidate 2756,Male,23,Sabaragamuwa University,Finance,2027,Kandy,Job Portal
2757,Candidate 2757,Male,26,University of Sri Jayewardenepura,Marketing,2028,Kandy,Referral
2758,Candidate 2758,Female,20,University of Peradeniya,Data Science,2028,Matara,Company Website
2759,Candidate 2759,Female,26,University of Moratuwa,Marketing,2028,Anuradhapura,LinkedIn
2760,Candidate 2760,Female,24,Sabaragamuwa University,Computer Science,2027,Colombo,Company Website
2761,Candidate 2761,Male,25,University of Peradeniya,Business Management,2026,Negombo,University Career Fair
2762,Candidate 2762,Female,23,University of Colombo,Human Resource Management,2028,Jaffna,LinkedIn
2763,Candidate 2763,Female,25,Wayamba University,Software Engineering,2027,Ampara,Referral
2764,Candidate 2764,Female,24,University of Ruhuna,Data Science,2027,Colombo,Job Portal
2765,Candidate 2765,Female,25,University of Kelaniya,Marketing,2027,Anuradhapura,LinkedIn
2766,Candidate 2766,Female,24,University of Ruhuna,Computer Science,2027,Matara,University Career Fair
2767,Candidate 2767,Male,20,Sabaragamuwa University,Computer Science,2026,Anuradhapura,Referral
2768,Candidate 2768,Female,21,University of Moratuwa,Finance,2028,Jaffna,Job Portal
2769,Candidate 2769,Female,22,Wayamba University,Data Science,2026,Anuradhapura,Email Campaign
2770,Candidate 2770,Male,22,Wayamba University,Marketing,2028,Anuradhapura,LinkedIn
2771,Candidate 2771,Male,23,University of Moratuwa,Business Management,2027,Matara,LinkedIn
2772,Candidate 2772,Female,24,Uva Wellassa University,Information Technology,2027,Colombo,Company Website
2773,Candidate 2773,Male,20,University of Kelaniya,Information Technology,2026,Kandy,Company Website
2774,Candidate 2774,Male,22,Uva Wellassa University,Data Science,2026,Ampara,LinkedIn
2775,Candidate 2775,Male,23,University of Ruhuna,Computer Science,2027,Galle,Email Campaign
2776,Candidate 2776,Male,22,South Eastern University of Sri Lanka,Information Technology,2027,Batticaloa,Job Portal
2777,Candidate 2777,Male,21,South Eastern University of Sri Lanka,Business Management,2027,Matara,LinkedIn
2778,Candidate 2778,Male,24,University of Peradeniya,Marketing,2027,Colombo,Job Portal
2779,Candidate 2779,Female,22,University of Colombo,Marketing,2027,Kandy,University Career Fair
2780,Candidate 2780,Female,25,University of Peradeniya,Data Science,2028,Kurunegala,Company Website
2781,Candidate 2781,Male,24,Wayamba University,Computer Science,2027,Matara,Job Portal
2782,Candidate 2782,Male,20,University of Kelaniya,Information Technology,2027,Kurunegala,University Career Fair
2783,Candidate 2783,Male,26,University of Sri Jayewardenepura,Finance,2028,Galle,Job Portal
2784,Candidate 2784,Female,22,Wayamba University,Marketing,2028,Anuradhapura,Company Website
2785,Candidate 2785,Male,25,Uva Wellassa University,Marketing,2028,Negombo,University Career Fair
2786,Candidate 2786,Female,24,University of Ruhuna,Business Management,2028,Kandy,Referral
2787,Candidate 2787,Female,22,University of Colombo,Information Technology,2026,Negombo,LinkedIn
2788,Candidate 2788,Male,20,Sabaragamuwa University,Finance,2026,Ampara,Job Portal
2789,Candidate 2789,Male,22,University of Peradeniya,Information Technology,2027,Kandy,University Career Fair
2790,Candidate 2790,Male,21,Uva Wellassa University,Marketing,2026,Ampara,Referral
2791,Candidate 2791,Female,25,University of Moratuwa,Information Technology,2028,Negombo,Referral
2792,Candidate 2792,Female,24,University of Colombo,Marketing,2027,Colombo,LinkedIn
2793,Candidate 2793,Female,26,University of Moratuwa,Business Management,2028,Negombo,Referral
2794,Candidate 2794,Male,22,University of Ruhuna,Marketing,2028,Kurunegala,Job Portal
2795,Candidate 2795,Female,23,Sabaragamuwa University,Marketing,2026,Batticaloa,Job Portal
2796,Candidate 2796,Female,21,University of Colombo,Business Management,2027,Ampara,Job Portal
2797,Candidate 2797,Female,26,Sabaragamuwa University,Finance,2028,Colombo,Company Website
2798,Candidate 2798,Female,26,South Eastern University of Sri Lanka,Software Engineering,2026,Anuradhapura,Job Portal
2799,Candidate 2799,Male,23,University of Moratuwa,Software Engineering,2027,Kurunegala,Job Portal
2800,Candidate 2800,Female,26,University of Moratuwa,Data Science,2027,Batticaloa,Company Website
2801,Candidate 2801,Male,20,University of Ruhuna,Finance,2028,Negombo,Referral
2802,Candidate 2802,Male,20,University of Ruhuna,Data Science,2026,Kandy,LinkedIn
2803,Candidate 2803,Female,21,Sabaragamuwa University,Marketing,2027,Matara,Referral
2804,Candidate 2804,Male,26,South Eastern University of Sri Lanka,Information Technology,2027,Colombo,LinkedIn
2805,Candidate 2805,Male,22,University of Peradeniya,Information Technology,2027,Anuradhapura,Job Portal
2806,Candidate 2806,Female,24,Wayamba University,Marketing,2026,Colombo,Job Portal
2807,Candidate 2807,Male,20,Sabaragamuwa University,Marketing,2027,Matara,Email Campaign
2808,Candidate 2808,Male,21,University of Peradeniya,Data Science,2028,Negombo,Job Portal
2809,Candidate 2809,Female,23,University of Colombo,Business Management,2027,Galle,Email Campaign
2810,Candidate 2810,Female,26,University of Kelaniya,Data Science,2028,Ampara,LinkedIn
2811,Candidate 2811,Male,21,University of Colombo,Software Engineering,2028,Kurunegala,LinkedIn
2812,Candidate 2812,Female,22,University of Sri Jayewardenepura,Marketing,2027,Negombo,Company Website
2813,Candidate 2813,Male,23,Wayamba University,Finance,2028,Galle,Referral
2814,Candidate 2814,Female,24,University of Moratuwa,Business Management,2026,Kandy,Company Website
2815,Candidate 2815,Male,24,South Eastern University of Sri Lanka,Business Management,2027,Kurunegala,LinkedIn
2816,Candidate 2816,Female,22,University of Kelaniya,Finance,2027,Matara,Referral
2817,Candidate 2817,Male,26,University of Sri Jayewardenepura,Information Technology,2026,Galle,Job Portal
2818,Candidate 2818,Male,25,Sabaragamuwa University,Business Management,2028,Negombo,Job Portal
2819,Candidate 2819,Female,25,Uva Wellassa University,Information Technology,2027,Matara,Job Portal
2820,Candidate 2820,Female,26,University of Sri Jayewardenepura,Software Engineering,2028,Kurunegala,Company Website
2821,Candidate 2821,Male,23,University of Moratuwa,Computer Science,2026,Anuradhapura,University Career Fair
2822,Candidate 2822,Male,26,University of Peradeniya,Human Resource Management,2027,Colombo,Company Website
2823,Candidate 2823,Male,26,University of Peradeniya,Marketing,2026,Colombo,Referral
2824,Candidate 2824,Male,20,University of Ruhuna,Software Engineering,2027,Anuradhapura,University Career Fair
2825,Candidate 2825,Male,22,Uva Wellassa University,Software Engineering,2027,Jaffna,Job Portal
2826,Candidate 2826,Male,20,University of Peradeniya,Information Technology,2028,Ampara,University Career Fair
2827,Candidate 2827,Female,24,University of Peradeniya,Marketing,2027,Galle,Referral
2828,Candidate 2828,Female,25,South Eastern University of Sri Lanka,Business Management,2027,Ampara,LinkedIn
2829,Candidate 2829,Male,26,Wayamba University,Finance,2028,Kandy,University Career Fair
2830,Candidate 2830,Male,23,Wayamba University,Information Technology,2026,Batticaloa,LinkedIn
2831,Candidate 2831,Male,21,Wayamba University,Human Resource Management,2028,Anuradhapura,Company Website
2832,Candidate 2832,Female,26,Uva Wellassa University,Marketing,2028,Anuradhapura,University Career Fair
2833,Candidate 2833,Male,26,Uva Wellassa University,Computer Science,2027,Batticaloa,University Career Fair
2834,Candidate 2834,Male,26,Sabaragamuwa University,Information Technology,2027,Matara,Company Website
2835,Candidate 2835,Female,23,University of Sri Jayewardenepura,Computer Science,2026,Negombo,University Career Fair
2836,Candidate 2836,Female,25,University of Kelaniya,Data Science,2027,Galle,Job Portal
2837,Candidate 2837,Male,24,Sabaragamuwa University,Data Science,2028,Jaffna,LinkedIn
2838,Candidate 2838,Male,21,University of Peradeniya,Human Resource Management,2026,Ampara,Job Portal
2839,Candidate 2839,Male,24,University of Sri Jayewardenepura,Data Science,2028,Anuradhapura,Job Portal
2840,Candidate 2840,Male,21,University of Moratuwa,Information Technology,2026,Kandy,LinkedIn
2841,Candidate 2841,Male,21,University of Colombo,Computer Science,2026,Anuradhapura,Referral
2842,Candidate 2842,Female,23,University of Peradeniya,Computer Science,2026,Anuradhapura,Job Portal
2843,Candidate 2843,Female,25,University of Ruhuna,Information Technology,2026,Anuradhapura,LinkedIn
2844,Candidate 2844,Female,21,South Eastern University of Sri Lanka,Marketing,2026,Kurunegala,LinkedIn
2845,Candidate 2845,Male,24,University of Kelaniya,Finance,2028,Jaffna,Company Website
2846,Candidate 2846,Male,24,Wayamba University,Computer Science,2027,Kurunegala,University Career Fair
2847,Candidate 2847,Male,21,South Eastern University of Sri Lanka,Business Management,2027,Negombo,Referral
2848,Candidate 2848,Male,20,University of Colombo,Software Engineering,2028,Colombo,University Career Fair
2849,Candidate 2849,Female,21,University of Colombo,Finance,2027,Batticaloa,Email Campaign
2850,Candidate 2850,Female,23,University of Peradeniya,Finance,2026,Colombo,University Career Fair
2851,Candidate 2851,Female,23,University of Kelaniya,Information Technology,2026,Colombo,Job Portal
2852,Candidate 2852,Female,22,University of Kelaniya,Information Technology,2028,Kandy,Company Website
2853,Candidate 2853,Male,22,University of Colombo,Human Resource Management,2028,Batticaloa,LinkedIn
2854,Candidate 2854,Female,26,Uva Wellassa University,Human Resource Management,2026,Anuradhapura,Company Website
2855,Candidate 2855,Female,26,Wayamba University,Software Engineering,2027,Ampara,University Career Fair
2856,Candidate 2856,Female,24,University of Moratuwa,Marketing,2028,Negombo,Company Website
2857,Candidate 2857,Female,21,University of Ruhuna,Human Resource Management,2026,Anuradhapura,LinkedIn
2858,Candidate 2858,Female,24,Wayamba University,Information Technology,2027,Anuradhapura,Email Campaign
2859,Candidate 2859,Female,26,Uva Wellassa University,Information Technology,2027,Colombo,Referral
2860,Candidate 2860,Female,21,South Eastern University of Sri Lanka,Human Resource Management,2026,Negombo,University Career Fair
2861,Candidate 2861,Female,20,Uva Wellassa University,Software Engineering,2026,Colombo,Job Portal
2862,Candidate 2862,Male,23,South Eastern University of Sri Lanka,Human Resource Management,2028,Anuradhapura,Company Website
2863,Candidate 2863,Male,23,University of Colombo,Business Management,2026,Anuradhapura,Job Portal
2864,Candidate 2864,Female,21,University of Peradeniya,Human Resource Management,2027,Batticaloa,University Career Fair
2865,Candidate 2865,Male,23,Sabaragamuwa University,Human Resource Management,2027,Kandy,Company Website
2866,Candidate 2866,Male,23,University of Kelaniya,Marketing,2028,Galle,Job Portal
2867,Candidate 2867,Male,24,Wayamba University,Data Science,2027,Kandy,Company Website
2868,Candidate 2868,Female,21,University of Ruhuna,Business Management,2026,Galle,LinkedIn
2869,Candidate 2869,Female,22,Wayamba University,Information Technology,2027,Colombo,Job Portal
2870,Candidate 2870,Female,25,South Eastern University of Sri Lanka,Business Management,2026,Kandy,Job Portal
2871,Candidate 2871,Female,25,University of Kelaniya,Finance,2027,Colombo,Referral
2872,Candidate 2872,Male,20,Uva Wellassa University,Data Science,2026,Batticaloa,University Career Fair
2873,Candidate 2873,Male,25,Uva Wellassa University,Computer Science,2028,Colombo,LinkedIn
2874,Candidate 2874,Female,21,South Eastern University of Sri Lanka,Marketing,2027,Colombo,University Career Fair
2875,Candidate 2875,Male,26,University of Moratuwa,Business Management,2027,Galle,University Career Fair
2876,Candidate 2876,Female,25,University of Kelaniya,Computer Science,2026,Kandy,University Career Fair
2877,Candidate 2877,Male,21,University of Kelaniya,Human Resource Management,2026,Kandy,LinkedIn
2878,Candidate 2878,Female,20,University of Ruhuna,Finance,2026,Matara,LinkedIn
2879,Candidate 2879,Female,24,University of Colombo,Information Technology,2026,Negombo,Referral
2880,Candidate 2880,Male,24,University of Moratuwa,Human Resource Management,2026,Kandy,Referral
2881,Candidate 2881,Female,20,University of Colombo,Finance,2026,Matara,LinkedIn
2882,Candidate 2882,Male,21,University of Colombo,Computer Science,2027,Kandy,Job Portal
2883,Candidate 2883,Female,25,University of Colombo,Computer Science,2027,Kurunegala,Job Portal
2884,Candidate 2884,Male,24,Uva Wellassa University,Business Management,2028,Batticaloa,Company Website
2885,Candidate 2885,Male,26,University of Moratuwa,Human Resource Management,2027,Negombo,Company Website
2886,Candidate 2886,Male,26,University of Ruhuna,Finance,2026,Negombo,Referral
2887,Candidate 2887,Female,26,University of Peradeniya,Marketing,2028,Kandy,Email Campaign
2888,Candidate 2888,Male,23,University of Sri Jayewardenepura,Business Management,2028,Kandy,LinkedIn
2889,Candidate 2889,Male,20,University of Kelaniya,Finance,2026,Galle,Referral
2890,Candidate 2890,Female,21,University of Moratuwa,Information Technology,2027,Kurunegala,LinkedIn
2891,Candidate 2891,Female,23,University of Kelaniya,Software Engineering,2027,Galle,University Career Fair
2892,Candidate 2892,Male,23,University of Kelaniya,Marketing,2026,Ampara,University Career Fair
2893,Candidate 2893,Male,25,University of Kelaniya,Business Management,2028,Anuradhapura,LinkedIn
2894,Candidate 2894,Female,21,South Eastern University of Sri Lanka,Software Engineering,2027,Kurunegala,University Career Fair
2895,Candidate 2895,Male,24,University of Colombo,Finance,2027,Colombo,University Career Fair
2896,Candidate 2896,Female,22,University of Colombo,Marketing,2027,Matara,Company Website
2897,Candidate 2897,Female,20,South Eastern University of Sri Lanka,Marketing,2026,Jaffna,Company Website
2898,Candidate 2898,Male,24,University of Colombo,Finance,2027,Kandy,LinkedIn
2899,Candidate 2899,Female,25,University of Colombo,Information Technology,2026,Kandy,Email Campaign
2900,Candidate 2900,Male,23,Wayamba University,Marketing,2026,Negombo,Email Campaign
2901,Candidate 2901,Male,21,South Eastern University of Sri Lanka,Business Management,2028,Matara,Company Website
2902,Candidate 2902,Male,25,University of Moratuwa,Data Science,2028,Colombo,University Career Fair
2903,Candidate 2903,Female,21,South Eastern University of Sri Lanka,Business Management,2028,Kandy,Company Website
2904,Candidate 2904,Male,20,University of Moratuwa,Data Science,2027,Batticaloa,Job Portal
2905,Candidate 2905,Female,26,University of Colombo,Computer Science,2026,Ampara,Job Portal
2906,Candidate 2906,Male,20,South Eastern University of Sri Lanka,Information Technology,2027,Jaffna,Job Portal
2907,Candidate 2907,Male,22,Uva Wellassa University,Business Management,2027,Negombo,Referral
2908,Candidate 2908,Female,22,University of Colombo,Human Resource Management,2026,Matara,Company Website
2909,Candidate 2909,Male,23,Uva Wellassa University,Computer Science,2027,Negombo,Company Website
2910,Candidate 2910,Male,21,University of Peradeniya,Computer Science,2026,Ampara,Referral
2911,Candidate 2911,Male,22,University of Colombo,Software Engineering,2028,Negombo,LinkedIn
2912,Candidate 2912,Female,22,University of Moratuwa,Computer Science,2026,Ampara,LinkedIn
2913,Candidate 2913,Female,20,University of Peradeniya,Business Management,2028,Negombo,Job Portal
2914,Candidate 2914,Male,25,South Eastern University of Sri Lanka,Data Science,2028,Batticaloa,Referral
2915,Candidate 2915,Male,22,Uva Wellassa University,Finance,2026,Colombo,Referral
2916,Candidate 2916,Male,20,University of Colombo,Marketing,2027,Negombo,Job Portal
2917,Candidate 2917,Male,25,University of Colombo,Marketing,2028,Ampara,Job Portal
2918,Candidate 2918,Male,20,Wayamba University,Marketing,2028,Matara,University Career Fair
2919,Candidate 2919,Male,26,University of Sri Jayewardenepura,Human Resource Management,2028,Kurunegala,Company Website
2920,Candidate 2920,Male,25,University of Sri Jayewardenepura,Software Engineering,2028,Kurunegala,Referral
2921,Candidate 2921,Female,26,University of Sri Jayewardenepura,Computer Science,2026,Ampara,University Career Fair
2922,Candidate 2922,Female,26,University of Moratuwa,Finance,2027,Colombo,LinkedIn
2923,Candidate 2923,Female,26,University of Colombo,Information Technology,2027,Jaffna,Email Campaign
2924,Candidate 2924,Female,22,University of Moratuwa,Marketing,2026,Kurunegala,LinkedIn
2925,Candidate 2925,Female,21,Uva Wellassa University,Computer Science,2028,Galle,Company Website
2926,Candidate 2926,Male,21,University of Sri Jayewardenepura,Business Management,2027,Kandy,LinkedIn
2927,Candidate 2927,Male,24,University of Colombo,Marketing,2028,Colombo,Referral
2928,Candidate 2928,Male,25,Wayamba University,Marketing,2028,Kurunegala,LinkedIn
2929,Candidate 2929,Male,20,University of Peradeniya,Marketing,2027,Matara,LinkedIn
2930,Candidate 2930,Male,24,University of Colombo,Business Management,2028,Batticaloa,Email Campaign
2931,Candidate 2931,Female,22,Uva Wellassa University,Human Resource Management,2027,Negombo,Job Portal
2932,Candidate 2932,Male,21,Uva Wellassa University,Marketing,2027,Galle,Referral
2933,Candidate 2933,Male,26,University of Sri Jayewardenepura,Marketing,2028,Galle,Job Portal
2934,Candidate 2934,Male,23,South Eastern University of Sri Lanka,Finance,2028,Galle,LinkedIn
2935,Candidate 2935,Female,23,University of Colombo,Data Science,2026,Matara,LinkedIn
2936,Candidate 2936,Female,26,University of Moratuwa,Software Engineering,2028,Anuradhapura,LinkedIn
2937,Candidate 2937,Male,23,University of Moratuwa,Information Technology,2028,Negombo,Company Website
2938,Candidate 2938,Male,20,South Eastern University of Sri Lanka,Information Technology,2028,Negombo,Job Portal
2939,Candidate 2939,Male,25,South Eastern University of Sri Lanka,Information Technology,2027,Kandy,Job Portal
2940,Candidate 2940,Female,21,Wayamba University,Finance,2027,Anuradhapura,Company Website
2941,Candidate 2941,Female,24,Sabaragamuwa University,Human Resource Management,2026,Kandy,Referral
2942,Candidate 2942,Male,25,University of Colombo,Finance,2026,Matara,University Career Fair
2943,Candidate 2943,Male,20,Wayamba University,Marketing,2028,Galle,University Career Fair
2944,Candidate 2944,Female,21,Wayamba University,Business Management,2027,Kurunegala,Job Portal
2945,Candidate 2945,Male,24,University of Moratuwa,Data Science,2028,Matara,LinkedIn
2946,Candidate 2946,Male,21,Wayamba University,Software Engineering,2028,Kurunegala,University Career Fair
2947,Candidate 2947,Male,21,University of Moratuwa,Computer Science,2027,Kandy,Referral
2948,Candidate 2948,Female,22,University of Sri Jayewardenepura,Data Science,2028,Anuradhapura,Company Website
2949,Candidate 2949,Male,23,South Eastern University of Sri Lanka,Software Engineering,2028,Colombo,Company Website
2950,Candidate 2950,Male,21,University of Colombo,Software Engineering,2026,Kurunegala,Job Portal
2951,Candidate 2951,Male,21,University of Moratuwa,Data Science,2028,Matara,University Career Fair
2952,Candidate 2952,Male,25,University of Peradeniya,Software Engineering,2027,Jaffna,LinkedIn
2953,Candidate 2953,Male,24,University of Peradeniya,Marketing,2027,Colombo,University Career Fair
2954,Candidate 2954,Female,21,University of Colombo,Computer Science,2027,Negombo,LinkedIn
2955,Candidate 2955,Female,23,Sabaragamuwa University,Finance,2027,Negombo,LinkedIn
2956,Candidate 2956,Male,21,University of Peradeniya,Computer Science,2028,Galle,Email Campaign
2957,Candidate 2957,Male,23,University of Peradeniya,Human Resource Management,2027,Ampara,Job Portal
2958,Candidate 2958,Male,26,University of Moratuwa,Software Engineering,2026,Colombo,Referral
2959,Candidate 2959,Female,20,Uva Wellassa University,Marketing,2027,Galle,LinkedIn
2960,Candidate 2960,Male,26,University of Sri Jayewardenepura,Information Technology,2027,Matara,LinkedIn
2961,Candidate 2961,Male,22,University of Ruhuna,Finance,2027,Ampara,University Career Fair
2962,Candidate 2962,Male,23,University of Sri Jayewardenepura,Marketing,2026,Kandy,Company Website
2963,Candidate 2963,Female,22,South Eastern University of Sri Lanka,Computer Science,2027,Negombo,Referral
2964,Candidate 2964,Female,22,University of Colombo,Human Resource Management,2027,Ampara,Email Campaign
2965,Candidate 2965,Female,24,University of Sri Jayewardenepura,Software Engineering,2028,Ampara,Referral
2966,Candidate 2966,Female,25,Uva Wellassa University,Marketing,2026,Matara,LinkedIn
2967,Candidate 2967,Male,23,University of Moratuwa,Marketing,2026,Kandy,Referral
2968,Candidate 2968,Male,22,University of Sri Jayewardenepura,Marketing,2028,Galle,Job Portal
2969,Candidate 2969,Female,25,Wayamba University,Finance,2027,Galle,LinkedIn
2970,Candidate 2970,Male,24,Sabaragamuwa University,Information Technology,2028,Negombo,Job Portal
2971,Candidate 2971,Male,25,University of Sri Jayewardenepura,Business Management,2028,Kandy,Company Website
2972,Candidate 2972,Female,22,University of Sri Jayewardenepura,Software Engineering,2028,Batticaloa,Job Portal
2973,Candidate 2973,Male,25,University of Kelaniya,Human Resource Management,2026,Batticaloa,Company Website
2974,Candidate 2974,Female,24,University of Sri Jayewardenepura,Software Engineering,2026,Kurunegala,Job Portal
2975,Candidate 2975,Male,26,University of Sri Jayewardenepura,Information Technology,2026,Batticaloa,Job Portal
2976,Candidate 2976,Female,23,University of Colombo,Finance,2028,Kurunegala,Referral
2977,Candidate 2977,Female,26,University of Ruhuna,Business Management,2027,Batticaloa,Job Portal
2978,Candidate 2978,Female,24,University of Kelaniya,Finance,2026,Batticaloa,Email Campaign
2979,Candidate 2979,Female,22,Uva Wellassa University,Human Resource Management,2027,Ampara,Referral
2980,Candidate 2980,Female,26,University of Peradeniya,Marketing,2026,Kurunegala,LinkedIn
2981,Candidate 2981,Male,22,University of Kelaniya,Finance,2026,Anuradhapura,Company Website
2982,Candidate 2982,Male,24,South Eastern University of Sri Lanka,Business Management,2028,Kandy,Job Portal
2983,Candidate 2983,Male,26,University of Ruhuna,Data Science,2027,Batticaloa,Company Website
2984,Candidate 2984,Female,22,Sabaragamuwa University,Data Science,2026,Jaffna,LinkedIn
2985,Candidate 2985,Female,21,University of Sri Jayewardenepura,Finance,2028,Negombo,Email Campaign
2986,Candidate 2986,Female,21,University of Ruhuna,Information Technology,2027,Colombo,Email Campaign
2987,Candidate 2987,Female,25,Wayamba University,Software Engineering,2026,Galle,Job Portal
2988,Candidate 2988,Male,22,South Eastern University of Sri Lanka,Business Management,2026,Colombo,University Career Fair
2989,Candidate 2989,Female,21,Sabaragamuwa University,Software Engineering,2026,Colombo,LinkedIn
2990,Candidate 2990,Male,23,Wayamba University,Finance,2026,Galle,Job Portal
2991,Candidate 2991,Male,22,Wayamba University,Human Resource Management,2026,Anuradhapura,Referral
2992,Candidate 2992,Male,21,South Eastern University of Sri Lanka,Business Management,2028,Galle,University Career Fair
2993,Candidate 2993,Female,22,University of Kelaniya,Human Resource Management,2026,Kandy,University Career Fair
2994,Candidate 2994,Male,26,University of Colombo,Marketing,2027,Galle,LinkedIn
2995,Candidate 2995,Female,23,Sabaragamuwa University,Data Science,2028,Ampara,University Career Fair
2996,Candidate 2996,Female,23,University of Sri Jayewardenepura,Software Engineering,2027,Colombo,LinkedIn
2997,Candidate 2997,Male,25,University of Colombo,Finance,2026,Matara,Job Portal
2998,Candidate 2998,Male,20,South Eastern University of Sri Lanka,Finance,2028,Anuradhapura,Company Website
2999,Candidate 2999,Male,20,University of Colombo,Data Science,2027,Galle,Company Website
3000,Candidate 3000,Male,22,University of Moratuwa,Finance,2027,Jaffna,LinkedIn
3001,Candidate 3001,Male,24,University of Kelaniya,Software Engineering,2028,Kandy,Job Portal
3002,Candidate 3002,Male,26,University of Ruhuna,Information Technology,2027,Galle,Job Portal
3003,Candidate 3003,Male,20,University of Sri Jayewardenepura,Marketing,2028,Batticaloa,Referral
3004,Candidate 3004,Male,24,University of Ruhuna,Data Science,2028,Colombo,Company Website
3005,Candidate 3005,Male,24,Sabaragamuwa University,Software Engineering,2027,Galle,Company Website
3006,Candidate 3006,Female,26,University of Sri Jayewardenepura,Software Engineering,2026,Galle,LinkedIn
3007,Candidate 3007,Female,21,Uva Wellassa University,Software Engineering,2028,Negombo,Company Website
3008,Candidate 3008,Male,22,South Eastern University of Sri Lanka,Human Resource Management,2028,Jaffna,Job Portal
3009,Candidate 3009,Male,21,University of Sri Jayewardenepura,Marketing,2027,Kandy,University Career Fair
3010,Candidate 3010,Male,23,University of Ruhuna,Information Technology,2026,Anuradhapura,Email Campaign
3011,Candidate 3011,Male,24,University of Moratuwa,Marketing,2028,Matara,Job Portal
3012,Candidate 3012,Male,26,Wayamba University,Data Science,2026,Ampara,LinkedIn
3013,Candidate 3013,Male,23,University of Peradeniya,Data Science,2027,Kandy,Referral
3014,Candidate 3014,Male,24,Wayamba University,Data Science,2028,Kandy,Email Campaign
3015,Candidate 3015,Female,25,University of Ruhuna,Business Management,2028,Kurunegala,Job Portal
3016,Candidate 3016,Female,21,South Eastern University of Sri Lanka,Human Resource Management,2027,Galle,LinkedIn
3017,Candidate 3017,Male,25,University of Moratuwa,Data Science,2026,Anuradhapura,LinkedIn
3018,Candidate 3018,Male,26,Uva Wellassa University,Business Management,2027,Galle,Referral
3019,Candidate 3019,Male,25,University of Moratuwa,Data Science,2028,Batticaloa,University Career Fair
3020,Candidate 3020,Female,21,Uva Wellassa University,Finance,2026,Batticaloa,Company Website
3021,Candidate 3021,Female,21,Sabaragamuwa University,Software Engineering,2026,Kandy,University Career Fair
3022,Candidate 3022,Female,23,Sabaragamuwa University,Business Management,2026,Jaffna,LinkedIn
3023,Candidate 3023,Female,21,Wayamba University,Business Management,2026,Anuradhapura,Referral
3024,Candidate 3024,Male,25,University of Peradeniya,Software Engineering,2027,Galle,University Career Fair
3025,Candidate 3025,Male,24,University of Kelaniya,Marketing,2026,Negombo,Job Portal
3026,Candidate 3026,Female,25,South Eastern University of Sri Lanka,Marketing,2026,Batticaloa,Company Website
3027,Candidate 3027,Female,20,South Eastern University of Sri Lanka,Finance,2027,Negombo,LinkedIn
3028,Candidate 3028,Male,25,University of Peradeniya,Finance,2026,Ampara,Email Campaign
3029,Candidate 3029,Female,20,University of Peradeniya,Finance,2027,Ampara,Referral
3030,Candidate 3030,Male,24,University of Ruhuna,Software Engineering,2028,Batticaloa,University Career Fair
3031,Candidate 3031,Female,22,University of Moratuwa,Computer Science,2027,Colombo,Job Portal
3032,Candidate 3032,Male,22,University of Moratuwa,Marketing,2026,Colombo,LinkedIn
3033,Candidate 3033,Female,20,University of Moratuwa,Information Technology,2026,Kurunegala,LinkedIn
3034,Candidate 3034,Male,24,University of Sri Jayewardenepura,Marketing,2028,Ampara,University Career Fair
3035,Candidate 3035,Female,23,University of Colombo,Human Resource Management,2026,Kandy,LinkedIn
3036,Candidate 3036,Female,23,University of Sri Jayewardenepura,Information Technology,2028,Galle,LinkedIn
3037,Candidate 3037,Female,25,University of Colombo,Human Resource Management,2027,Negombo,Email Campaign
3038,Candidate 3038,Female,25,Wayamba University,Marketing,2027,Jaffna,Job Portal
3039,Candidate 3039,Male,25,Uva Wellassa University,Business Management,2026,Kandy,Company Website
3040,Candidate 3040,Female,22,University of Kelaniya,Software Engineering,2026,Anuradhapura,Company Website
3041,Candidate 3041,Female,21,University of Sri Jayewardenepura,Information Technology,2026,Colombo,LinkedIn
3042,Candidate 3042,Male,22,University of Colombo,Finance,2027,Ampara,Referral
3043,Candidate 3043,Female,24,Sabaragamuwa University,Business Management,2027,Colombo,Company Website
3044,Candidate 3044,Male,21,University of Ruhuna,Human Resource Management,2027,Kurunegala,Referral
3045,Candidate 3045,Female,23,University of Ruhuna,Business Management,2028,Matara,Company Website
3046,Candidate 3046,Female,20,University of Ruhuna,Software Engineering,2027,Batticaloa,University Career Fair
3047,Candidate 3047,Male,22,South Eastern University of Sri Lanka,Computer Science,2026,Ampara,LinkedIn
3048,Candidate 3048,Female,25,University of Sri Jayewardenepura,Human Resource Management,2026,Colombo,Company Website
3049,Candidate 3049,Female,22,Uva Wellassa University,Marketing,2028,Galle,Email Campaign
3050,Candidate 3050,Female,20,University of Peradeniya,Finance,2026,Negombo,Company Website
3051,Candidate 3051,Male,22,University of Sri Jayewardenepura,Computer Science,2028,Batticaloa,Company Website
3052,Candidate 3052,Male,21,South Eastern University of Sri Lanka,Finance,2026,Galle,University Career Fair
3053,Candidate 3053,Female,23,University of Sri Jayewardenepura,Marketing,2027,Jaffna,Email Campaign
3054,Candidate 3054,Female,24,University of Kelaniya,Finance,2028,Ampara,Referral
3055,Candidate 3055,Female,23,University of Ruhuna,Software Engineering,2027,Batticaloa,Job Portal
3056,Candidate 3056,Female,25,University of Sri Jayewardenepura,Business Management,2028,Kurunegala,Job Portal
3057,Candidate 3057,Female,24,University of Peradeniya,Marketing,2028,Negombo,Company Website
3058,Candidate 3058,Male,26,University of Kelaniya,Business Management,2028,Matara,Referral
3059,Candidate 3059,Female,23,University of Kelaniya,Computer Science,2028,Anuradhapura,LinkedIn
3060,Candidate 3060,Male,20,Uva Wellassa University,Finance,2028,Ampara,LinkedIn
3061,Candidate 3061,Female,25,University of Sri Jayewardenepura,Business Management,2026,Jaffna,LinkedIn
3062,Candidate 3062,Male,26,Uva Wellassa University,Human Resource Management,2026,Colombo,Company Website
3063,Candidate 3063,Male,26,Sabaragamuwa University,Computer Science,2027,Batticaloa,Referral
3064,Candidate 3064,Female,21,University of Kelaniya,Marketing,2027,Batticaloa,University Career Fair
3065,Candidate 3065,Male,26,University of Moratuwa,Computer Science,2026,Colombo,LinkedIn
3066,Candidate 3066,Female,24,University of Ruhuna,Business Management,2027,Kandy,LinkedIn
3067,Candidate 3067,Male,24,University of Colombo,Computer Science,2026,Batticaloa,LinkedIn
3068,Candidate 3068,Male,21,Sabaragamuwa University,Finance,2027,Batticaloa,University Career Fair
3069,Candidate 3069,Female,21,South Eastern University of Sri Lanka,Finance,2028,Matara,Email Campaign
3070,Candidate 3070,Female,26,University of Peradeniya,Software Engineering,2026,Kurunegala,Company Website
3071,Candidate 3071,Female,21,University of Kelaniya,Finance,2027,Ampara,LinkedIn
3072,Candidate 3072,Male,21,Wayamba University,Finance,2026,Jaffna,Referral
3073,Candidate 3073,Male,21,University of Ruhuna,Data Science,2028,Galle,LinkedIn
3074,Candidate 3074,Male,21,University of Kelaniya,Human Resource Management,2027,Galle,Referral
3075,Candidate 3075,Male,25,University of Peradeniya,Computer Science,2027,Jaffna,Company Website
3076,Candidate 3076,Female,24,University of Ruhuna,Computer Science,2026,Anuradhapura,Job Portal
3077,Candidate 3077,Female,25,University of Moratuwa,Business Management,2027,Negombo,Email Campaign
3078,Candidate 3078,Male,26,University of Peradeniya,Human Resource Management,2027,Kurunegala,LinkedIn
3079,Candidate 3079,Female,21,University of Colombo,Business Management,2026,Batticaloa,LinkedIn
3080,Candidate 3080,Male,24,South Eastern University of Sri Lanka,Computer Science,2026,Galle,Job Portal
3081,Candidate 3081,Female,23,University of Ruhuna,Finance,2026,Matara,Job Portal
3082,Candidate 3082,Male,21,University of Sri Jayewardenepura,Data Science,2028,Galle,Company Website
3083,Candidate 3083,Male,20,University of Moratuwa,Computer Science,2026,Batticaloa,University Career Fair
3084,Candidate 3084,Male,21,University of Sri Jayewardenepura,Computer Science,2026,Colombo,LinkedIn
3085,Candidate 3085,Female,23,Sabaragamuwa University,Human Resource Management,2026,Kandy,Company Website
3086,Candidate 3086,Female,26,Sabaragamuwa University,Finance,2026,Matara,Job Portal
3087,Candidate 3087,Male,26,Sabaragamuwa University,Finance,2027,Jaffna,Job Portal
3088,Candidate 3088,Male,21,University of Kelaniya,Finance,2026,Colombo,LinkedIn
3089,Candidate 3089,Male,21,Uva Wellassa University,Business Management,2027,Galle,LinkedIn
3090,Candidate 3090,Male,22,University of Moratuwa,Computer Science,2026,Anuradhapura,Referral
3091,Candidate 3091,Male,26,Uva Wellassa University,Computer Science,2026,Matara,Company Website
3092,Candidate 3092,Male,25,University of Moratuwa,Business Management,2026,Batticaloa,LinkedIn
3093,Candidate 3093,Female,26,University of Kelaniya,Human Resource Management,2028,Kandy,Job Portal
3094,Candidate 3094,Female,25,Sabaragamuwa University,Finance,2027,Ampara,LinkedIn
3095,Candidate 3095,Male,22,University of Colombo,Marketing,2027,Anuradhapura,LinkedIn
3096,Candidate 3096,Female,21,Sabaragamuwa University,Data Science,2027,Anuradhapura,Job Portal
3097,Candidate 3097,Male,21,University of Moratuwa,Finance,2028,Colombo,Job Portal
3098,Candidate 3098,Female,23,University of Ruhuna,Business Management,2028,Kurunegala,Job Portal
3099,Candidate 3099,Male,21,Sabaragamuwa University,Software Engineering,2028,Jaffna,University Career Fair
3100,Candidate 3100,Male,26,University of Moratuwa,Information Technology,2026,Kandy,LinkedIn
3101,Candidate 3101,Male,20,Wayamba University,Human Resource Management,2028,Colombo,LinkedIn
3102,Candidate 3102,Female,25,Wayamba University,Marketing,2028,Negombo,LinkedIn
3103,Candidate 3103,Male,23,University of Colombo,Human Resource Management,2027,Colombo,Job Portal
3104,Candidate 3104,Male,24,University of Moratuwa,Finance,2026,Negombo,Email Campaign
3105,Candidate 3105,Female,25,South Eastern University of Sri Lanka,Data Science,2028,Batticaloa,Company Website
3106,Candidate 3106,Male,23,University of Peradeniya,Data Science,2026,Galle,Job Portal
3107,Candidate 3107,Female,25,University of Kelaniya,Software Engineering,2026,Anuradhapura,University Career Fair
3108,Candidate 3108,Male,20,South Eastern University of Sri Lanka,Business Management,2026,Galle,LinkedIn
3109,Candidate 3109,Male,23,South Eastern University of Sri Lanka,Business Management,2028,Ampara,Job Portal
3110,Candidate 3110,Male,21,University of Colombo,Software Engineering,2026,Kurunegala,Referral
3111,Candidate 3111,Female,26,University of Colombo,Business Management,2028,Anuradhapura,University Career Fair
3112,Candidate 3112,Female,20,University of Kelaniya,Human Resource Management,2026,Galle,LinkedIn
3113,Candidate 3113,Female,24,University of Ruhuna,Finance,2026,Negombo,Job Portal
3114,Candidate 3114,Female,21,Sabaragamuwa University,Human Resource Management,2027,Negombo,Company Website
3115,Candidate 3115,Male,23,University of Ruhuna,Software Engineering,2026,Negombo,Company Website
3116,Candidate 3116,Female,21,University of Kelaniya,Data Science,2027,Matara,University Career Fair
3117,Candidate 3117,Male,21,South Eastern University of Sri Lanka,Data Science,2026,Ampara,LinkedIn
3118,Candidate 3118,Female,22,Wayamba University,Information Technology,2026,Negombo,LinkedIn
3119,Candidate 3119,Female,24,University of Moratuwa,Data Science,2028,Kurunegala,LinkedIn
3120,Candidate 3120,Female,26,University of Ruhuna,Software Engineering,2026,Galle,Company Website
3121,Candidate 3121,Female,26,Uva Wellassa University,Marketing,2026,Ampara,LinkedIn
3122,Candidate 3122,Male,25,University of Ruhuna,Data Science,2028,Kurunegala,Company Website
3123,Candidate 3123,Male,20,University of Ruhuna,Marketing,2026,Batticaloa,Company Website
3124,Candidate 3124,Male,25,Wayamba University,Finance,2026,Jaffna,LinkedIn
3125,Candidate 3125,Male,21,Wayamba University,Computer Science,2026,Kurunegala,Company Website
3126,Candidate 3126,Male,25,University of Moratuwa,Information Technology,2028,Kandy,LinkedIn
3127,Candidate 3127,Male,20,University of Moratuwa,Information Technology,2027,Kurunegala,University Career Fair
3128,Candidate 3128,Male,25,South Eastern University of Sri Lanka,Data Science,2027,Anuradhapura,University Career Fair
3129,Candidate 3129,Female,23,University of Kelaniya,Computer Science,2026,Negombo,LinkedIn
3130,Candidate 3130,Female,22,Wayamba University,Computer Science,2027,Kurunegala,Email Campaign
3131,Candidate 3131,Male,26,University of Colombo,Computer Science,2027,Galle,Company Website
3132,Candidate 3132,Female,23,Wayamba University,Human Resource Management,2026,Batticaloa,University Career Fair
3133,Candidate 3133,Female,25,University of Ruhuna,Business Management,2027,Kurunegala,Job Portal
3134,Candidate 3134,Male,24,University of Ruhuna,Data Science,2026,Kurunegala,Company Website
3135,Candidate 3135,Male,24,University of Moratuwa,Marketing,2026,Galle,LinkedIn
3136,Candidate 3136,Male,20,University of Kelaniya,Information Technology,2026,Kurunegala,LinkedIn
3137,Candidate 3137,Female,24,University of Sri Jayewardenepura,Information Technology,2027,Matara,Job Portal
3138,Candidate 3138,Male,20,Sabaragamuwa University,Human Resource Management,2026,Ampara,Company Website
3139,Candidate 3139,Female,24,Wayamba University,Information Technology,2028,Galle,University Career Fair
3140,Candidate 3140,Male,20,Wayamba University,Computer Science,2026,Jaffna,Job Portal
3141,Candidate 3141,Female,23,University of Colombo,Data Science,2028,Colombo,LinkedIn
3142,Candidate 3142,Female,21,University of Moratuwa,Finance,2026,Anuradhapura,Referral
3143,Candidate 3143,Male,20,South Eastern University of Sri Lanka,Computer Science,2027,Galle,Referral
3144,Candidate 3144,Male,24,University of Colombo,Finance,2028,Galle,Job Portal
3145,Candidate 3145,Male,25,Uva Wellassa University,Computer Science,2026,Matara,Referral
3146,Candidate 3146,Female,21,Sabaragamuwa University,Marketing,2026,Jaffna,LinkedIn
3147,Candidate 3147,Male,26,Wayamba University,Marketing,2028,Jaffna,LinkedIn
3148,Candidate 3148,Female,23,University of Peradeniya,Finance,2028,Kandy,Job Portal
3149,Candidate 3149,Female,21,University of Ruhuna,Human Resource Management,2026,Jaffna,University Career Fair
3150,Candidate 3150,Female,26,University of Peradeniya,Computer Science,2026,Jaffna,LinkedIn
3151,Candidate 3151,Male,21,University of Sri Jayewardenepura,Data Science,2026,Anuradhapura,Job Portal
3152,Candidate 3152,Male,22,University of Moratuwa,Human Resource Management,2028,Negombo,Company Website
3153,Candidate 3153,Male,24,Sabaragamuwa University,Finance,2028,Colombo,University Career Fair
3154,Candidate 3154,Female,23,University of Ruhuna,Information Technology,2028,Colombo,University Career Fair
3155,Candidate 3155,Female,26,Uva Wellassa University,Data Science,2026,Anuradhapura,University Career Fair
3156,Candidate 3156,Female,21,University of Peradeniya,Data Science,2027,Negombo,University Career Fair
3157,Candidate 3157,Female,20,Sabaragamuwa University,Information Technology,2027,Negombo,University Career Fair
3158,Candidate 3158,Male,24,University of Kelaniya,Finance,2028,Matara,LinkedIn
3159,Candidate 3159,Male,25,University of Moratuwa,Marketing,2027,Batticaloa,Company Website
3160,Candidate 3160,Female,24,University of Ruhuna,Data Science,2028,Batticaloa,Company Website
3161,Candidate 3161,Male,21,South Eastern University of Sri Lanka,Human Resource Management,2026,Kurunegala,Company Website
3162,Candidate 3162,Male,22,South Eastern University of Sri Lanka,Software Engineering,2028,Kurunegala,Company Website
3163,Candidate 3163,Male,26,Sabaragamuwa University,Business Management,2026,Negombo,Job Portal
3164,Candidate 3164,Male,23,University of Kelaniya,Human Resource Management,2026,Negombo,University Career Fair
3165,Candidate 3165,Female,20,Sabaragamuwa University,Marketing,2027,Colombo,Company Website
3166,Candidate 3166,Female,22,Sabaragamuwa University,Business Management,2028,Batticaloa,Company Website
3167,Candidate 3167,Female,23,University of Kelaniya,Information Technology,2028,Jaffna,Job Portal
3168,Candidate 3168,Female,20,University of Ruhuna,Human Resource Management,2026,Kurunegala,Job Portal
3169,Candidate 3169,Female,21,University of Ruhuna,Information Technology,2027,Kurunegala,Job Portal
3170,Candidate 3170,Male,22,University of Kelaniya,Finance,2026,Negombo,LinkedIn
3171,Candidate 3171,Female,20,South Eastern University of Sri Lanka,Data Science,2026,Colombo,LinkedIn
3172,Candidate 3172,Male,23,University of Colombo,Marketing,2027,Kurunegala,Company Website
3173,Candidate 3173,Male,20,Wayamba University,Data Science,2027,Anuradhapura,Job Portal
3174,Candidate 3174,Female,24,University of Peradeniya,Software Engineering,2026,Anuradhapura,Job Portal
3175,Candidate 3175,Male,26,University of Colombo,Finance,2027,Kurunegala,Company Website
3176,Candidate 3176,Male,24,Uva Wellassa University,Human Resource Management,2027,Kandy,Company Website
3177,Candidate 3177,Female,26,University of Sri Jayewardenepura,Computer Science,2026,Matara,Job Portal
3178,Candidate 3178,Male,20,University of Colombo,Software Engineering,2026,Batticaloa,Company Website
3179,Candidate 3179,Female,20,Uva Wellassa University,Finance,2028,Jaffna,LinkedIn
3180,Candidate 3180,Female,23,University of Kelaniya,Information Technology,2028,Kurunegala,Job Portal
3181,Candidate 3181,Male,26,Sabaragamuwa University,Business Management,2027,Matara,Company Website
3182,Candidate 3182,Female,25,University of Colombo,Information Technology,2028,Matara,LinkedIn
3183,Candidate 3183,Male,20,University of Peradeniya,Software Engineering,2027,Batticaloa,Job Portal
3184,Candidate 3184,Male,20,University of Sri Jayewardenepura,Business Management,2027,Kurunegala,Job Portal
3185,Candidate 3185,Female,21,Uva Wellassa University,Computer Science,2027,Matara,Referral
3186,Candidate 3186,Female,23,Wayamba University,Marketing,2027,Galle,Referral
3187,Candidate 3187,Male,23,University of Moratuwa,Data Science,2026,Batticaloa,Job Portal
3188,Candidate 3188,Female,26,Sabaragamuwa University,Data Science,2027,Ampara,Job Portal
3189,Candidate 3189,Male,26,University of Moratuwa,Information Technology,2028,Colombo,Referral
3190,Candidate 3190,Male,25,University of Kelaniya,Human Resource Management,2026,Kurunegala,University Career Fair
3191,Candidate 3191,Female,23,University of Kelaniya,Business Management,2028,Batticaloa,Referral
3192,Candidate 3192,Male,24,University of Ruhuna,Finance,2026,Kandy,Job Portal
3193,Candidate 3193,Male,24,University of Sri Jayewardenepura,Finance,2026,Matara,Job Portal
3194,Candidate 3194,Male,22,South Eastern University of Sri Lanka,Finance,2026,Kandy,LinkedIn
3195,Candidate 3195,Male,20,University of Sri Jayewardenepura,Marketing,2026,Galle,Job Portal
3196,Candidate 3196,Male,25,Sabaragamuwa University,Software Engineering,2028,Galle,Company Website
3197,Candidate 3197,Female,23,University of Moratuwa,Marketing,2027,Anuradhapura,Company Website
3198,Candidate 3198,Male,24,South Eastern University of Sri Lanka,Finance,2028,Batticaloa,Company Website
3199,Candidate 3199,Male,21,Uva Wellassa University,Business Management,2026,Batticaloa,LinkedIn
3200,Candidate 3200,Female,20,University of Ruhuna,Information Technology,2028,Batticaloa,University Career Fair
3201,Candidate 3201,Male,23,University of Peradeniya,Computer Science,2027,Colombo,University Career Fair
3202,Candidate 3202,Male,22,University of Kelaniya,Information Technology,2027,Matara,University Career Fair
3203,Candidate 3203,Female,23,University of Sri Jayewardenepura,Finance,2028,Jaffna,Referral
3204,Candidate 3204,Male,22,Sabaragamuwa University,Business Management,2026,Matara,LinkedIn
3205,Candidate 3205,Female,25,Uva Wellassa University,Human Resource Management,2026,Kurunegala,Referral
3206,Candidate 3206,Male,20,South Eastern University of Sri Lanka,Software Engineering,2027,Anuradhapura,University Career Fair
3207,Candidate 3207,Male,21,University of Peradeniya,Software Engineering,2027,Kandy,Job Portal
3208,Candidate 3208,Male,25,University of Sri Jayewardenepura,Software Engineering,2028,Anuradhapura,Job Portal
3209,Candidate 3209,Male,23,University of Colombo,Human Resource Management,2028,Anuradhapura,Job Portal
3210,Candidate 3210,Male,22,University of Moratuwa,Human Resource Management,2028,Matara,LinkedIn
3211,Candidate 3211,Female,26,Wayamba University,Marketing,2026,Batticaloa,Company Website
3212,Candidate 3212,Female,21,University of Peradeniya,Human Resource Management,2028,Kurunegala,University Career Fair
3213,Candidate 3213,Male,22,University of Sri Jayewardenepura,Human Resource Management,2028,Colombo,LinkedIn
3214,Candidate 3214,Male,22,University of Ruhuna,Human Resource Management,2026,Kurunegala,Referral
3215,Candidate 3215,Female,23,University of Peradeniya,Human Resource Management,2027,Ampara,Job Portal
3216,Candidate 3216,Female,24,University of Peradeniya,Business Management,2026,Jaffna,Job Portal
3217,Candidate 3217,Male,24,Uva Wellassa University,Business Management,2027,Ampara,Referral
3218,Candidate 3218,Female,20,Uva Wellassa University,Computer Science,2028,Colombo,LinkedIn
3219,Candidate 3219,Female,23,University of Sri Jayewardenepura,Computer Science,2028,Jaffna,Job Portal
3220,Candidate 3220,Female,21,University of Peradeniya,Information Technology,2028,Negombo,University Career Fair
3221,Candidate 3221,Female,22,University of Moratuwa,Business Management,2027,Kurunegala,Company Website
3222,Candidate 3222,Female,24,Uva Wellassa University,Human Resource Management,2028,Batticaloa,University Career Fair
3223,Candidate 3223,Female,26,Sabaragamuwa University,Finance,2028,Negombo,Referral
3224,Candidate 3224,Male,24,University of Peradeniya,Computer Science,2026,Galle,LinkedIn
3225,Candidate 3225,Female,25,Wayamba University,Information Technology,2026,Kurunegala,University Career Fair
3226,Candidate 3226,Male,25,Uva Wellassa University,Human Resource Management,2026,Matara,LinkedIn
3227,Candidate 3227,Female,26,Uva Wellassa University,Business Management,2027,Batticaloa,Job Portal
3228,Candidate 3228,Female,26,University of Sri Jayewardenepura,Marketing,2027,Galle,University Career Fair
3229,Candidate 3229,Female,24,University of Peradeniya,Information Technology,2026,Jaffna,Company Website
3230,Candidate 3230,Male,24,Wayamba University,Finance,2027,Anuradhapura,LinkedIn
3231,Candidate 3231,Male,24,University of Sri Jayewardenepura,Human Resource Management,2028,Kandy,Referral
3232,Candidate 3232,Female,24,University of Colombo,Computer Science,2028,Negombo,Company Website
3233,Candidate 3233,Male,26,University of Peradeniya,Human Resource Management,2027,Negombo,LinkedIn
3234,Candidate 3234,Female,21,Wayamba University,Marketing,2027,Negombo,LinkedIn
3235,Candidate 3235,Female,20,South Eastern University of Sri Lanka,Computer Science,2028,Matara,Email Campaign
3236,Candidate 3236,Male,26,South Eastern University of Sri Lanka,Software Engineering,2026,Ampara,LinkedIn
3237,Candidate 3237,Male,20,Uva Wellassa University,Software Engineering,2028,Kandy,LinkedIn
3238,Candidate 3238,Male,26,Uva Wellassa University,Human Resource Management,2027,Galle,Company Website
3239,Candidate 3239,Female,22,University of Peradeniya,Software Engineering,2028,Ampara,LinkedIn
3240,Candidate 3240,Male,25,Wayamba University,Finance,2028,Kandy,Job Portal
3241,Candidate 3241,Male,20,University of Kelaniya,Finance,2026,Galle,Referral
3242,Candidate 3242,Female,21,University of Ruhuna,Information Technology,2027,Anuradhapura,University Career Fair
3243,Candidate 3243,Female,26,University of Ruhuna,Data Science,2027,Kandy,LinkedIn
3244,Candidate 3244,Female,24,Uva Wellassa University,Marketing,2028,Jaffna,LinkedIn
3245,Candidate 3245,Male,26,Uva Wellassa University,Computer Science,2028,Colombo,Company Website
3246,Candidate 3246,Female,26,University of Ruhuna,Information Technology,2027,Kurunegala,University Career Fair
3247,Candidate 3247,Male,20,South Eastern University of Sri Lanka,Marketing,2027,Jaffna,Company Website
3248,Candidate 3248,Male,22,South Eastern University of Sri Lanka,Information Technology,2026,Ampara,Referral
3249,Candidate 3249,Female,25,Uva Wellassa University,Computer Science,2028,Galle,Job Portal
3250,Candidate 3250,Male,23,Sabaragamuwa University,Data Science,2027,Colombo,Job Portal
3251,Candidate 3251,Female,26,University of Ruhuna,Marketing,2026,Batticaloa,Job Portal
3252,Candidate 3252,Female,21,Wayamba University,Information Technology,2027,Kurunegala,Referral
3253,Candidate 3253,Female,20,University of Colombo,Information Technology,2028,Matara,Email Campaign
3254,Candidate 3254,Female,25,University of Sri Jayewardenepura,Finance,2028,Kurunegala,University Career Fair
3255,Candidate 3255,Female,20,South Eastern University of Sri Lanka,Information Technology,2026,Jaffna,Company Website
3256,Candidate 3256,Male,21,Sabaragamuwa University,Software Engineering,2026,Kurunegala,LinkedIn
3257,Candidate 3257,Female,21,University of Ruhuna,Data Science,2028,Kandy,Referral
3258,Candidate 3258,Female,25,University of Kelaniya,Human Resource Management,2026,Anuradhapura,Job Portal
3259,Candidate 3259,Male,24,South Eastern University of Sri Lanka,Software Engineering,2026,Negombo,University Career Fair
3260,Candidate 3260,Male,23,Sabaragamuwa University,Marketing,2027,Negombo,Company Website
3261,Candidate 3261,Male,24,University of Moratuwa,Data Science,2028,Anuradhapura,Job Portal
3262,Candidate 3262,Female,24,Wayamba University,Human Resource Management,2027,Batticaloa,Job Portal
3263,Candidate 3263,Female,20,University of Sri Jayewardenepura,Finance,2028,Matara,LinkedIn
3264,Candidate 3264,Female,20,Sabaragamuwa University,Business Management,2026,Colombo,Company Website
3265,Candidate 3265,Female,26,Wayamba University,Information Technology,2026,Ampara,Job Portal
3266,Candidate 3266,Female,26,University of Colombo,Software Engineering,2027,Jaffna,Company Website
3267,Candidate 3267,Male,24,Sabaragamuwa University,Software Engineering,2028,Matara,University Career Fair
3268,Candidate 3268,Female,24,University of Sri Jayewardenepura,Software Engineering,2026,Ampara,Referral
3269,Candidate 3269,Female,23,University of Colombo,Business Management,2026,Jaffna,Company Website
3270,Candidate 3270,Male,24,University of Peradeniya,Finance,2026,Anuradhapura,Job Portal
3271,Candidate 3271,Female,20,University of Moratuwa,Data Science,2027,Galle,Referral
3272,Candidate 3272,Male,20,University of Kelaniya,Information Technology,2028,Galle,Job Portal
3273,Candidate 3273,Male,20,Uva Wellassa University,Computer Science,2028,Batticaloa,University Career Fair
3274,Candidate 3274,Male,20,University of Kelaniya,Business Management,2026,Colombo,LinkedIn
3275,Candidate 3275,Female,25,Uva Wellassa University,Business Management,2026,Negombo,LinkedIn
3276,Candidate 3276,Female,22,University of Sri Jayewardenepura,Information Technology,2026,Negombo,University Career Fair
3277,Candidate 3277,Female,20,University of Moratuwa,Data Science,2027,Anuradhapura,Email Campaign
3278,Candidate 3278,Male,24,Wayamba University,Human Resource Management,2026,Ampara,Email Campaign
3279,Candidate 3279,Female,21,University of Moratuwa,Data Science,2027,Kandy,Email Campaign
3280,Candidate 3280,Female,26,University of Moratuwa,Data Science,2027,Colombo,Referral
3281,Candidate 3281,Male,21,University of Ruhuna,Information Technology,2026,Anuradhapura,Job Portal
3282,Candidate 3282,Male,20,University of Sri Jayewardenepura,Business Management,2027,Anuradhapura,University Career Fair
3283,Candidate 3283,Female,21,University of Colombo,Human Resource Management,2026,Galle,University Career Fair
3284,Candidate 3284,Female,25,University of Moratuwa,Computer Science,2026,Colombo,LinkedIn
3285,Candidate 3285,Female,26,University of Sri Jayewardenepura,Marketing,2027,Galle,LinkedIn
3286,Candidate 3286,Female,21,University of Ruhuna,Computer Science,2026,Batticaloa,University Career Fair
3287,Candidate 3287,Female,20,University of Colombo,Information Technology,2027,Jaffna,LinkedIn
3288,Candidate 3288,Male,20,Sabaragamuwa University,Software Engineering,2028,Matara,LinkedIn
3289,Candidate 3289,Male,25,Sabaragamuwa University,Data Science,2026,Kandy,LinkedIn
3290,Candidate 3290,Female,24,University of Colombo,Human Resource Management,2026,Ampara,University Career Fair
3291,Candidate 3291,Male,20,University of Colombo,Business Management,2027,Kurunegala,Company Website
3292,Candidate 3292,Male,23,University of Peradeniya,Data Science,2028,Kandy,University Career Fair
3293,Candidate 3293,Male,23,University of Kelaniya,Business Management,2026,Ampara,LinkedIn
3294,Candidate 3294,Male,26,University of Sri Jayewardenepura,Business Management,2027,Galle,LinkedIn
3295,Candidate 3295,Male,20,University of Ruhuna,Computer Science,2026,Batticaloa,LinkedIn
3296,Candidate 3296,Female,26,University of Peradeniya,Data Science,2028,Colombo,Company Website
3297,Candidate 3297,Female,25,Sabaragamuwa University,Human Resource Management,2026,Ampara,Company Website
3298,Candidate 3298,Male,25,University of Moratuwa,Marketing,2028,Batticaloa,Referral
3299,Candidate 3299,Male,21,Sabaragamuwa University,Marketing,2026,Matara,Company Website
3300,Candidate 3300,Female,25,Wayamba University,Computer Science,2028,Galle,Referral
3301,Candidate 3301,Female,26,South Eastern University of Sri Lanka,Finance,2026,Ampara,LinkedIn
3302,Candidate 3302,Male,20,Uva Wellassa University,Information Technology,2027,Anuradhapura,Company Website
3303,Candidate 3303,Male,21,University of Ruhuna,Marketing,2028,Kurunegala,Company Website
3304,Candidate 3304,Female,22,Sabaragamuwa University,Marketing,2028,Ampara,LinkedIn
3305,Candidate 3305,Female,23,University of Colombo,Computer Science,2028,Anuradhapura,Referral
3306,Candidate 3306,Female,22,University of Colombo,Software Engineering,2027,Anuradhapura,Email Campaign
3307,Candidate 3307,Male,24,University of Colombo,Human Resource Management,2027,Negombo,Job Portal
3308,Candidate 3308,Male,20,University of Ruhuna,Business Management,2026,Colombo,University Career Fair
3309,Candidate 3309,Male,23,Uva Wellassa University,Data Science,2026,Batticaloa,Email Campaign
3310,Candidate 3310,Female,24,University of Kelaniya,Marketing,2027,Matara,Job Portal
3311,Candidate 3311,Male,24,University of Moratuwa,Information Technology,2026,Negombo,Email Campaign
3312,Candidate 3312,Female,22,University of Kelaniya,Marketing,2026,Galle,Company Website
3313,Candidate 3313,Male,21,University of Peradeniya,Data Science,2026,Matara,Company Website
3314,Candidate 3314,Male,26,University of Colombo,Finance,2027,Colombo,Job Portal
3315,Candidate 3315,Male,20,University of Colombo,Computer Science,2026,Anuradhapura,University Career Fair
3316,Candidate 3316,Male,26,University of Kelaniya,Marketing,2027,Jaffna,Company Website
3317,Candidate 3317,Male,20,Wayamba University,Information Technology,2026,Kurunegala,LinkedIn
3318,Candidate 3318,Male,20,Uva Wellassa University,Information Technology,2027,Negombo,Job Portal
3319,Candidate 3319,Male,26,University of Sri Jayewardenepura,Data Science,2028,Matara,LinkedIn
3320,Candidate 3320,Female,25,Uva Wellassa University,Human Resource Management,2028,Negombo,LinkedIn
3321,Candidate 3321,Male,24,South Eastern University of Sri Lanka,Business Management,2028,Kandy,Job Portal
3322,Candidate 3322,Female,23,University of Kelaniya,Marketing,2026,Colombo,LinkedIn
3323,Candidate 3323,Female,25,University of Sri Jayewardenepura,Software Engineering,2027,Kandy,Job Portal
3324,Candidate 3324,Male,23,University of Peradeniya,Information Technology,2028,Kandy,Referral
3325,Candidate 3325,Female,25,University of Kelaniya,Finance,2028,Galle,Job Portal
3326,Candidate 3326,Female,21,University of Colombo,Software Engineering,2028,Kurunegala,Job Portal
3327,Candidate 3327,Male,20,South Eastern University of Sri Lanka,Software Engineering,2027,Jaffna,Referral
3328,Candidate 3328,Female,20,Sabaragamuwa University,Finance,2027,Negombo,Company Website
3329,Candidate 3329,Female,22,Uva Wellassa University,Business Management,2027,Ampara,University Career Fair
3330,Candidate 3330,Male,20,University of Colombo,Data Science,2027,Colombo,Job Portal
3331,Candidate 3331,Male,25,Wayamba University,Data Science,2026,Jaffna,University Career Fair
3332,Candidate 3332,Female,20,University of Moratuwa,Marketing,2026,Colombo,University Career Fair
3333,Candidate 3333,Male,23,University of Kelaniya,Finance,2026,Matara,LinkedIn
3334,Candidate 3334,Female,25,University of Sri Jayewardenepura,Marketing,2027,Galle,Email Campaign
3335,Candidate 3335,Male,22,Sabaragamuwa University,Computer Science,2026,Kurunegala,LinkedIn
3336,Candidate 3336,Male,26,Wayamba University,Data Science,2028,Batticaloa,LinkedIn
3337,Candidate 3337,Male,25,University of Ruhuna,Information Technology,2028,Galle,Job Portal
3338,Candidate 3338,Female,22,Uva Wellassa University,Computer Science,2027,Ampara,LinkedIn
3339,Candidate 3339,Male,20,Sabaragamuwa University,Data Science,2026,Colombo,Referral
3340,Candidate 3340,Female,20,University of Colombo,Information Technology,2026,Anuradhapura,LinkedIn
3341,Candidate 3341,Male,23,University of Peradeniya,Computer Science,2026,Galle,LinkedIn
3342,Candidate 3342,Male,24,University of Ruhuna,Information Technology,2027,Kandy,LinkedIn
3343,Candidate 3343,Female,24,South Eastern University of Sri Lanka,Computer Science,2027,Ampara,University Career Fair
3344,Candidate 3344,Female,21,University of Kelaniya,Business Management,2027,Colombo,Email Campaign
3345,Candidate 3345,Female,25,University of Moratuwa,Data Science,2027,Ampara,Email Campaign
3346,Candidate 3346,Female,23,University of Colombo,Information Technology,2028,Kandy,Referral
3347,Candidate 3347,Male,22,Sabaragamuwa University,Software Engineering,2028,Kurunegala,University Career Fair
3348,Candidate 3348,Male,22,University of Sri Jayewardenepura,Finance,2028,Ampara,LinkedIn
3349,Candidate 3349,Female,24,University of Moratuwa,Data Science,2027,Kandy,Company Website
3350,Candidate 3350,Male,26,Sabaragamuwa University,Data Science,2027,Matara,Email Campaign
3351,Candidate 3351,Female,26,University of Ruhuna,Marketing,2027,Ampara,Email Campaign
3352,Candidate 3352,Male,22,University of Peradeniya,Human Resource Management,2027,Anuradhapura,University Career Fair
3353,Candidate 3353,Female,26,Uva Wellassa University,Business Management,2027,Matara,Job Portal
3354,Candidate 3354,Male,24,University of Colombo,Software Engineering,2027,Colombo,LinkedIn
3355,Candidate 3355,Male,26,Wayamba University,Business Management,2028,Negombo,University Career Fair
3356,Candidate 3356,Female,21,University of Moratuwa,Software Engineering,2027,Kurunegala,Job Portal
3357,Candidate 3357,Female,20,University of Kelaniya,Marketing,2028,Ampara,University Career Fair
3358,Candidate 3358,Male,21,University of Peradeniya,Finance,2028,Ampara,Job Portal
3359,Candidate 3359,Female,21,South Eastern University of Sri Lanka,Business Management,2028,Galle,LinkedIn
3360,Candidate 3360,Female,25,University of Kelaniya,Business Management,2028,Kandy,Job Portal
3361,Candidate 3361,Male,25,Uva Wellassa University,Human Resource Management,2026,Anuradhapura,Company Website
3362,Candidate 3362,Male,23,University of Sri Jayewardenepura,Computer Science,2028,Ampara,LinkedIn
3363,Candidate 3363,Male,22,Uva Wellassa University,Business Management,2028,Anuradhapura,Job Portal
3364,Candidate 3364,Male,24,Wayamba University,Business Management,2028,Ampara,University Career Fair
3365,Candidate 3365,Female,23,University of Kelaniya,Computer Science,2027,Kandy,Job Portal
3366,Candidate 3366,Male,21,University of Peradeniya,Data Science,2027,Kurunegala,LinkedIn
3367,Candidate 3367,Female,20,University of Moratuwa,Software Engineering,2026,Kandy,Company Website
3368,Candidate 3368,Male,22,Uva Wellassa University,Marketing,2026,Jaffna,University Career Fair
3369,Candidate 3369,Male,25,Wayamba University,Marketing,2026,Colombo,LinkedIn
3370,Candidate 3370,Male,25,University of Sri Jayewardenepura,Information Technology,2028,Matara,Company Website
3371,Candidate 3371,Male,20,University of Peradeniya,Business Management,2026,Colombo,LinkedIn
3372,Candidate 3372,Female,26,University of Peradeniya,Software Engineering,2026,Matara,Company Website
3373,Candidate 3373,Female,26,Wayamba University,Marketing,2026,Kandy,Job Portal
3374,Candidate 3374,Female,21,South Eastern University of Sri Lanka,Computer Science,2028,Anuradhapura,Referral
3375,Candidate 3375,Female,26,Sabaragamuwa University,Finance,2027,Colombo,Company Website
3376,Candidate 3376,Male,21,Sabaragamuwa University,Finance,2026,Batticaloa,University Career Fair
3377,Candidate 3377,Male,20,Sabaragamuwa University,Data Science,2028,Anuradhapura,Company Website
3378,Candidate 3378,Female,24,University of Colombo,Human Resource Management,2026,Matara,Company Website
3379,Candidate 3379,Male,25,University of Sri Jayewardenepura,Human Resource Management,2026,Ampara,LinkedIn
3380,Candidate 3380,Male,24,Wayamba University,Information Technology,2028,Matara,Email Campaign
3381,Candidate 3381,Male,21,University of Sri Jayewardenepura,Marketing,2027,Matara,University Career Fair
3382,Candidate 3382,Male,24,University of Sri Jayewardenepura,Human Resource Management,2027,Jaffna,LinkedIn
3383,Candidate 3383,Female,24,University of Peradeniya,Computer Science,2026,Kurunegala,University Career Fair
3384,Candidate 3384,Female,26,South Eastern University of Sri Lanka,Human Resource Management,2028,Colombo,LinkedIn
3385,Candidate 3385,Female,25,University of Kelaniya,Software Engineering,2026,Jaffna,Job Portal
3386,Candidate 3386,Male,21,University of Peradeniya,Marketing,2028,Colombo,Job Portal
3387,Candidate 3387,Female,24,University of Ruhuna,Finance,2027,Kurunegala,Referral
3388,Candidate 3388,Female,20,University of Ruhuna,Human Resource Management,2028,Batticaloa,LinkedIn
3389,Candidate 3389,Male,21,Uva Wellassa University,Finance,2028,Galle,LinkedIn
3390,Candidate 3390,Male,25,University of Peradeniya,Marketing,2027,Galle,Referral
3391,Candidate 3391,Male,23,University of Colombo,Software Engineering,2026,Batticaloa,LinkedIn
3392,Candidate 3392,Female,26,University of Moratuwa,Business Management,2026,Kandy,Company Website
3393,Candidate 3393,Male,24,University of Moratuwa,Business Management,2028,Kurunegala,University Career Fair
3394,Candidate 3394,Male,20,University of Colombo,Business Management,2026,Ampara,Company Website
3395,Candidate 3395,Male,26,University of Colombo,Finance,2026,Colombo,LinkedIn
3396,Candidate 3396,Female,20,University of Ruhuna,Human Resource Management,2028,Batticaloa,Job Portal
3397,Candidate 3397,Female,25,University of Kelaniya,Marketing,2028,Jaffna,LinkedIn
3398,Candidate 3398,Female,21,University of Kelaniya,Information Technology,2026,Colombo,Referral
3399,Candidate 3399,Male,26,University of Kelaniya,Human Resource Management,2027,Kurunegala,Job Portal
3400,Candidate 3400,Male,23,Wayamba University,Marketing,2026,Batticaloa,University Career Fair
3401,Candidate 3401,Female,22,University of Peradeniya,Data Science,2028,Kandy,Job Portal
3402,Candidate 3402,Female,22,University of Peradeniya,Data Science,2026,Negombo,Referral
3403,Candidate 3403,Female,24,University of Peradeniya,Finance,2027,Kurunegala,LinkedIn
3404,Candidate 3404,Male,26,Uva Wellassa University,Human Resource Management,2026,Jaffna,Company Website
3405,Candidate 3405,Male,21,University of Kelaniya,Business Management,2027,Batticaloa,Job Portal
3406,Candidate 3406,Female,26,Sabaragamuwa University,Human Resource Management,2026,Colombo,Referral
3407,Candidate 3407,Female,20,University of Colombo,Human Resource Management,2026,Colombo,Job Portal
3408,Candidate 3408,Female,20,South Eastern University of Sri Lanka,Marketing,2027,Matara,University Career Fair
3409,Candidate 3409,Male,23,University of Colombo,Software Engineering,2026,Matara,Referral
3410,Candidate 3410,Male,24,University of Colombo,Data Science,2027,Kurunegala,Job Portal
3411,Candidate 3411,Female,24,South Eastern University of Sri Lanka,Human Resource Management,2028,Galle,Referral
3412,Candidate 3412,Male,24,University of Moratuwa,Finance,2027,Ampara,Company Website
3413,Candidate 3413,Female,21,Sabaragamuwa University,Data Science,2028,Anuradhapura,Job Portal
3414,Candidate 3414,Male,23,University of Ruhuna,Marketing,2027,Galle,LinkedIn
3415,Candidate 3415,Female,25,University of Sri Jayewardenepura,Data Science,2027,Kandy,Job Portal
3416,Candidate 3416,Male,22,University of Sri Jayewardenepura,Marketing,2027,Ampara,Company Website
3417,Candidate 3417,Female,24,University of Moratuwa,Software Engineering,2028,Ampara,Company Website
3418,Candidate 3418,Female,24,University of Colombo,Marketing,2028,Colombo,Job Portal
3419,Candidate 3419,Female,24,University of Sri Jayewardenepura,Data Science,2026,Batticaloa,Job Portal
3420,Candidate 3420,Male,22,University of Colombo,Finance,2026,Anuradhapura,Job Portal
3421,Candidate 3421,Male,23,University of Sri Jayewardenepura,Marketing,2028,Kandy,Email Campaign
3422,Candidate 3422,Female,24,Sabaragamuwa University,Marketing,2027,Colombo,Referral
3423,Candidate 3423,Female,23,Sabaragamuwa University,Computer Science,2028,Matara,University Career Fair
3424,Candidate 3424,Female,23,South Eastern University of Sri Lanka,Finance,2027,Galle,University Career Fair
3425,Candidate 3425,Male,24,University of Colombo,Software Engineering,2028,Kurunegala,LinkedIn
3426,Candidate 3426,Male,23,University of Sri Jayewardenepura,Marketing,2028,Galle,University Career Fair
3427,Candidate 3427,Male,21,University of Colombo,Data Science,2026,Galle,University Career Fair
3428,Candidate 3428,Male,26,University of Peradeniya,Human Resource Management,2027,Matara,University Career Fair
3429,Candidate 3429,Male,23,University of Peradeniya,Marketing,2026,Colombo,Job Portal
3430,Candidate 3430,Male,24,Wayamba University,Finance,2026,Kurunegala,Referral
3431,Candidate 3431,Female,24,Wayamba University,Software Engineering,2026,Batticaloa,LinkedIn
3432,Candidate 3432,Male,26,University of Ruhuna,Computer Science,2026,Negombo,Job Portal
3433,Candidate 3433,Male,21,University of Colombo,Data Science,2028,Ampara,Email Campaign
3434,Candidate 3434,Male,20,University of Kelaniya,Data Science,2028,Ampara,Referral
3435,Candidate 3435,Male,20,University of Ruhuna,Computer Science,2026,Matara,University Career Fair
3436,Candidate 3436,Male,21,University of Peradeniya,Marketing,2026,Matara,Job Portal
3437,Candidate 3437,Male,22,University of Colombo,Computer Science,2027,Negombo,LinkedIn
3438,Candidate 3438,Male,23,Sabaragamuwa University,Data Science,2027,Kurunegala,Referral
3439,Candidate 3439,Male,26,University of Peradeniya,Human Resource Management,2026,Negombo,Referral
3440,Candidate 3440,Female,23,University of Sri Jayewardenepura,Computer Science,2028,Jaffna,Email Campaign
3441,Candidate 3441,Male,25,University of Ruhuna,Finance,2027,Colombo,LinkedIn
3442,Candidate 3442,Female,24,Uva Wellassa University,Finance,2026,Negombo,LinkedIn
3443,Candidate 3443,Male,21,Sabaragamuwa University,Data Science,2027,Galle,University Career Fair
3444,Candidate 3444,Male,21,Uva Wellassa University,Information Technology,2027,Jaffna,Referral
3445,Candidate 3445,Male,22,Uva Wellassa University,Marketing,2026,Galle,Job Portal
3446,Candidate 3446,Female,23,University of Ruhuna,Finance,2026,Matara,Job Portal
3447,Candidate 3447,Female,22,University of Sri Jayewardenepura,Human Resource Management,2027,Negombo,Company Website
3448,Candidate 3448,Female,20,Sabaragamuwa University,Computer Science,2028,Anuradhapura,University Career Fair
3449,Candidate 3449,Male,23,Sabaragamuwa University,Finance,2027,Colombo,LinkedIn
3450,Candidate 3450,Male,25,University of Peradeniya,Data Science,2028,Colombo,LinkedIn
3451,Candidate 3451,Male,22,University of Kelaniya,Software Engineering,2028,Colombo,Referral
3452,Candidate 3452,Male,24,University of Sri Jayewardenepura,Data Science,2026,Batticaloa,Email Campaign
3453,Candidate 3453,Male,21,University of Moratuwa,Computer Science,2026,Jaffna,Referral
3454,Candidate 3454,Male,21,South Eastern University of Sri Lanka,Finance,2027,Colombo,LinkedIn
3455,Candidate 3455,Male,22,University of Kelaniya,Finance,2028,Colombo,LinkedIn
3456,Candidate 3456,Female,24,Wayamba University,Business Management,2028,Jaffna,Company Website
3457,Candidate 3457,Male,21,University of Moratuwa,Business Management,2026,Ampara,Job Portal
3458,Candidate 3458,Female,21,University of Colombo,Computer Science,2027,Negombo,Company Website
3459,Candidate 3459,Male,20,University of Moratuwa,Business Management,2027,Kandy,LinkedIn
3460,Candidate 3460,Male,23,South Eastern University of Sri Lanka,Marketing,2027,Negombo,Company Website
3461,Candidate 3461,Male,20,University of Peradeniya,Data Science,2026,Matara,University Career Fair
3462,Candidate 3462,Male,23,Sabaragamuwa University,Business Management,2028,Batticaloa,Referral
3463,Candidate 3463,Male,20,University of Ruhuna,Data Science,2028,Kurunegala,Company Website
3464,Candidate 3464,Male,23,South Eastern University of Sri Lanka,Information Technology,2028,Galle,LinkedIn
3465,Candidate 3465,Female,20,University of Sri Jayewardenepura,Information Technology,2027,Batticaloa,LinkedIn
3466,Candidate 3466,Female,21,University of Ruhuna,Business Management,2027,Batticaloa,LinkedIn
3467,Candidate 3467,Female,22,University of Ruhuna,Information Technology,2026,Colombo,Job Portal
3468,Candidate 3468,Female,20,Sabaragamuwa University,Software Engineering,2026,Colombo,Company Website
3469,Candidate 3469,Male,25,Wayamba University,Business Management,2027,Galle,Referral
3470,Candidate 3470,Male,21,University of Peradeniya,Information Technology,2027,Jaffna,Job Portal
3471,Candidate 3471,Female,20,South Eastern University of Sri Lanka,Information Technology,2027,Jaffna,Company Website
3472,Candidate 3472,Male,20,Uva Wellassa University,Information Technology,2027,Jaffna,Company Website
3473,Candidate 3473,Male,24,Sabaragamuwa University,Human Resource Management,2028,Matara,Company Website
3474,Candidate 3474,Female,23,Uva Wellassa University,Data Science,2027,Kurunegala,Job Portal
3475,Candidate 3475,Male,20,Wayamba University,Software Engineering,2028,Kurunegala,Company Website
3476,Candidate 3476,Female,25,Wayamba University,Information Technology,2028,Galle,Company Website
3477,Candidate 3477,Male,22,Wayamba University,Human Resource Management,2027,Colombo,University Career Fair
3478,Candidate 3478,Female,26,Uva Wellassa University,Software Engineering,2026,Jaffna,Job Portal
3479,Candidate 3479,Female,22,University of Peradeniya,Finance,2028,Colombo,LinkedIn
3480,Candidate 3480,Female,25,Wayamba University,Business Management,2027,Kurunegala,LinkedIn
3481,Candidate 3481,Female,25,Wayamba University,Finance,2028,Anuradhapura,University Career Fair
3482,Candidate 3482,Male,26,South Eastern University of Sri Lanka,Marketing,2028,Matara,LinkedIn
3483,Candidate 3483,Male,20,Wayamba University,Business Management,2027,Matara,LinkedIn
3484,Candidate 3484,Male,22,University of Kelaniya,Software Engineering,2028,Batticaloa,Company Website
3485,Candidate 3485,Male,26,Uva Wellassa University,Marketing,2026,Anuradhapura,LinkedIn
3486,Candidate 3486,Male,26,South Eastern University of Sri Lanka,Computer Science,2026,Anuradhapura,LinkedIn
3487,Candidate 3487,Female,21,University of Kelaniya,Human Resource Management,2026,Anuradhapura,University Career Fair
3488,Candidate 3488,Female,21,University of Colombo,Information Technology,2026,Galle,LinkedIn
3489,Candidate 3489,Female,20,University of Kelaniya,Data Science,2028,Colombo,Job Portal
3490,Candidate 3490,Female,23,University of Moratuwa,Human Resource Management,2026,Galle,University Career Fair
3491,Candidate 3491,Male,22,South Eastern University of Sri Lanka,Computer Science,2028,Batticaloa,University Career Fair
3492,Candidate 3492,Male,20,Sabaragamuwa University,Business Management,2028,Colombo,LinkedIn
3493,Candidate 3493,Male,24,University of Peradeniya,Computer Science,2028,Kandy,Company Website
3494,Candidate 3494,Male,22,University of Sri Jayewardenepura,Data Science,2026,Galle,Referral
3495,Candidate 3495,Female,20,University of Peradeniya,Software Engineering,2027,Colombo,Company Website
3496,Candidate 3496,Female,20,Wayamba University,Data Science,2027,Matara,Company Website
3497,Candidate 3497,Female,23,University of Kelaniya,Marketing,2026,Ampara,Job Portal
3498,Candidate 3498,Male,23,University of Ruhuna,Data Science,2027,Kurunegala,LinkedIn
3499,Candidate 3499,Female,20,University of Colombo,Finance,2026,Matara,LinkedIn
3500,Candidate 3500,Female,23,University of Peradeniya,Human Resource Management,2027,Galle,Job Portal
3501,Candidate 3501,Male,21,University of Sri Jayewardenepura,Marketing,2026,Colombo,Company Website
3502,Candidate 3502,Female,22,University of Peradeniya,Marketing,2027,Galle,Job Portal
3503,Candidate 3503,Male,23,South Eastern University of Sri Lanka,Business Management,2027,Kandy,Job Portal
3504,Candidate 3504,Male,23,University of Moratuwa,Human Resource Management,2027,Ampara,University Career Fair
3505,Candidate 3505,Female,23,University of Colombo,Marketing,2028,Jaffna,Job Portal
3506,Candidate 3506,Female,21,Uva Wellassa University,Computer Science,2027,Ampara,Job Portal
3507,Candidate 3507,Female,22,South Eastern University of Sri Lanka,Information Technology,2028,Anuradhapura,University Career Fair
3508,Candidate 3508,Male,26,Sabaragamuwa University,Software Engineering,2026,Kurunegala,Company Website
3509,Candidate 3509,Male,21,University of Kelaniya,Software Engineering,2027,Kurunegala,Referral
3510,Candidate 3510,Female,20,Sabaragamuwa University,Data Science,2026,Kurunegala,Referral
3511,Candidate 3511,Female,26,University of Sri Jayewardenepura,Marketing,2028,Kurunegala,University Career Fair
3512,Candidate 3512,Male,21,South Eastern University of Sri Lanka,Business Management,2028,Batticaloa,Company Website
3513,Candidate 3513,Female,26,University of Moratuwa,Marketing,2028,Negombo,LinkedIn
3514,Candidate 3514,Female,21,University of Sri Jayewardenepura,Marketing,2028,Kurunegala,LinkedIn
3515,Candidate 3515,Male,20,Uva Wellassa University,Finance,2026,Anuradhapura,Job Portal
3516,Candidate 3516,Female,23,University of Kelaniya,Data Science,2026,Ampara,Company Website
3517,Candidate 3517,Male,22,Uva Wellassa University,Computer Science,2026,Negombo,Job Portal
3518,Candidate 3518,Female,24,University of Peradeniya,Business Management,2028,Ampara,LinkedIn
3519,Candidate 3519,Female,26,University of Ruhuna,Information Technology,2027,Jaffna,University Career Fair
3520,Candidate 3520,Female,22,University of Sri Jayewardenepura,Human Resource Management,2026,Ampara,Company Website
3521,Candidate 3521,Male,24,Sabaragamuwa University,Finance,2027,Kurunegala,Job Portal
3522,Candidate 3522,Female,21,University of Ruhuna,Software Engineering,2027,Anuradhapura,Job Portal
3523,Candidate 3523,Male,22,University of Kelaniya,Information Technology,2028,Batticaloa,Job Portal
3524,Candidate 3524,Male,20,University of Moratuwa,Human Resource Management,2027,Galle,Company Website
3525,Candidate 3525,Male,20,Wayamba University,Business Management,2027,Colombo,Company Website
3526,Candidate 3526,Female,20,University of Kelaniya,Software Engineering,2027,Ampara,Job Portal
3527,Candidate 3527,Female,20,South Eastern University of Sri Lanka,Computer Science,2026,Jaffna,University Career Fair
3528,Candidate 3528,Female,24,Wayamba University,Software Engineering,2026,Colombo,Referral
3529,Candidate 3529,Female,25,University of Sri Jayewardenepura,Computer Science,2027,Matara,Company Website
3530,Candidate 3530,Male,24,University of Moratuwa,Data Science,2028,Galle,University Career Fair
3531,Candidate 3531,Female,24,University of Kelaniya,Information Technology,2028,Colombo,Job Portal
3532,Candidate 3532,Female,24,Wayamba University,Marketing,2027,Jaffna,University Career Fair
3533,Candidate 3533,Female,25,Uva Wellassa University,Computer Science,2027,Matara,Job Portal
3534,Candidate 3534,Female,21,University of Kelaniya,Data Science,2028,Anuradhapura,Company Website
3535,Candidate 3535,Female,23,University of Colombo,Finance,2028,Batticaloa,Job Portal
3536,Candidate 3536,Female,24,University of Moratuwa,Data Science,2026,Matara,LinkedIn
3537,Candidate 3537,Female,26,University of Peradeniya,Marketing,2028,Matara,LinkedIn
3538,Candidate 3538,Female,21,University of Moratuwa,Computer Science,2026,Ampara,Job Portal
3539,Candidate 3539,Male,23,University of Sri Jayewardenepura,Data Science,2028,Negombo,LinkedIn
3540,Candidate 3540,Male,23,University of Peradeniya,Data Science,2027,Batticaloa,Email Campaign
3541,Candidate 3541,Male,26,University of Sri Jayewardenepura,Human Resource Management,2026,Matara,Company Website
3542,Candidate 3542,Male,24,University of Ruhuna,Business Management,2028,Kurunegala,LinkedIn
3543,Candidate 3543,Female,21,University of Colombo,Software Engineering,2028,Negombo,University Career Fair
3544,Candidate 3544,Male,20,University of Sri Jayewardenepura,Finance,2027,Negombo,Company Website
3545,Candidate 3545,Male,22,South Eastern University of Sri Lanka,Marketing,2027,Colombo,Email Campaign
3546,Candidate 3546,Male,20,Uva Wellassa University,Finance,2028,Matara,LinkedIn
3547,Candidate 3547,Female,22,Uva Wellassa University,Data Science,2027,Jaffna,Company Website
3548,Candidate 3548,Female,25,University of Sri Jayewardenepura,Computer Science,2028,Galle,Job Portal
3549,Candidate 3549,Male,23,Wayamba University,Information Technology,2027,Matara,University Career Fair
3550,Candidate 3550,Male,23,University of Ruhuna,Business Management,2028,Jaffna,Company Website
3551,Candidate 3551,Female,25,Wayamba University,Computer Science,2026,Ampara,Company Website
3552,Candidate 3552,Female,26,Uva Wellassa University,Data Science,2028,Anuradhapura,LinkedIn
3553,Candidate 3553,Male,21,Sabaragamuwa University,Computer Science,2026,Matara,LinkedIn
3554,Candidate 3554,Male,23,University of Kelaniya,Computer Science,2027,Colombo,LinkedIn
3555,Candidate 3555,Male,24,University of Peradeniya,Human Resource Management,2026,Ampara,LinkedIn
3556,Candidate 3556,Male,24,University of Ruhuna,Data Science,2028,Kurunegala,Job Portal
3557,Candidate 3557,Female,26,University of Colombo,Computer Science,2027,Galle,University Career Fair
3558,Candidate 3558,Female,24,University of Moratuwa,Human Resource Management,2028,Kurunegala,LinkedIn
3559,Candidate 3559,Female,24,University of Colombo,Marketing,2028,Kandy,Company Website
3560,Candidate 3560,Female,26,University of Peradeniya,Data Science,2027,Ampara,Referral
3561,Candidate 3561,Male,24,University of Colombo,Data Science,2026,Jaffna,Company Website
3562,Candidate 3562,Female,20,University of Moratuwa,Marketing,2026,Kurunegala,Referral
3563,Candidate 3563,Male,22,Uva Wellassa University,Marketing,2028,Galle,Company Website
3564,Candidate 3564,Female,24,Sabaragamuwa University,Computer Science,2026,Galle,LinkedIn
3565,Candidate 3565,Female,26,University of Moratuwa,Business Management,2026,Batticaloa,LinkedIn
3566,Candidate 3566,Male,24,University of Peradeniya,Data Science,2026,Matara,Referral
3567,Candidate 3567,Male,21,Wayamba University,Business Management,2028,Matara,University Career Fair
3568,Candidate 3568,Male,21,Uva Wellassa University,Marketing,2028,Matara,LinkedIn
3569,Candidate 3569,Female,21,University of Ruhuna,Finance,2026,Kurunegala,LinkedIn
3570,Candidate 3570,Female,21,University of Ruhuna,Business Management,2028,Kandy,Company Website
3571,Candidate 3571,Female,26,South Eastern University of Sri Lanka,Business Management,2028,Colombo,Email Campaign
3572,Candidate 3572,Female,26,University of Kelaniya,Data Science,2026,Batticaloa,Job Portal
3573,Candidate 3573,Female,23,University of Sri Jayewardenepura,Finance,2027,Ampara,University Career Fair
3574,Candidate 3574,Male,21,University of Sri Jayewardenepura,Marketing,2026,Ampara,University Career Fair
3575,Candidate 3575,Female,24,Uva Wellassa University,Marketing,2027,Negombo,LinkedIn
3576,Candidate 3576,Female,24,University of Kelaniya,Human Resource Management,2028,Galle,LinkedIn
3577,Candidate 3577,Male,22,University of Moratuwa,Marketing,2026,Galle,Email Campaign
3578,Candidate 3578,Male,20,University of Ruhuna,Marketing,2027,Kandy,Email Campaign
3579,Candidate 3579,Female,21,University of Sri Jayewardenepura,Finance,2027,Negombo,Email Campaign
3580,Candidate 3580,Male,24,Uva Wellassa University,Software Engineering,2026,Batticaloa,Job Portal
3581,Candidate 3581,Female,26,University of Ruhuna,Human Resource Management,2028,Matara,University Career Fair
3582,Candidate 3582,Male,22,University of Ruhuna,Computer Science,2027,Kandy,LinkedIn
3583,Candidate 3583,Male,20,Wayamba University,Business Management,2028,Jaffna,LinkedIn
3584,Candidate 3584,Male,24,Wayamba University,Software Engineering,2028,Kandy,LinkedIn
3585,Candidate 3585,Male,23,University of Colombo,Computer Science,2026,Kandy,Referral
3586,Candidate 3586,Male,25,Sabaragamuwa University,Marketing,2026,Negombo,Company Website
3587,Candidate 3587,Male,26,University of Kelaniya,Software Engineering,2026,Kurunegala,Company Website
3588,Candidate 3588,Male,21,University of Kelaniya,Information Technology,2026,Jaffna,University Career Fair
3589,Candidate 3589,Female,22,University of Moratuwa,Human Resource Management,2026,Colombo,Company Website
3590,Candidate 3590,Female,25,South Eastern University of Sri Lanka,Marketing,2027,Galle,Company Website
3591,Candidate 3591,Male,22,University of Colombo,Finance,2028,Galle,LinkedIn
3592,Candidate 3592,Male,21,South Eastern University of Sri Lanka,Software Engineering,2026,Negombo,Job Portal
3593,Candidate 3593,Female,23,Uva Wellassa University,Information Technology,2028,Kurunegala,Company Website
3594,Candidate 3594,Female,21,Uva Wellassa University,Computer Science,2028,Batticaloa,University Career Fair
3595,Candidate 3595,Male,20,University of Peradeniya,Human Resource Management,2028,Batticaloa,LinkedIn
3596,Candidate 3596,Male,23,Uva Wellassa University,Marketing,2027,Kandy,Job Portal
3597,Candidate 3597,Female,24,South Eastern University of Sri Lanka,Human Resource Management,2026,Kurunegala,Job Portal
3598,Candidate 3598,Male,22,University of Sri Jayewardenepura,Business Management,2027,Kurunegala,LinkedIn
3599,Candidate 3599,Male,22,University of Sri Jayewardenepura,Information Technology,2028,Jaffna,University Career Fair
3600,Candidate 3600,Female,26,University of Ruhuna,Information Technology,2026,Colombo,University Career Fair
3601,Candidate 3601,Female,21,University of Moratuwa,Information Technology,2027,Batticaloa,LinkedIn
3602,Candidate 3602,Female,20,Uva Wellassa University,Data Science,2026,Galle,Company Website
3603,Candidate 3603,Male,24,University of Sri Jayewardenepura,Human Resource Management,2026,Jaffna,University Career Fair
3604,Candidate 3604,Male,22,University of Moratuwa,Business Management,2027,Kurunegala,Job Portal
3605,Candidate 3605,Female,24,Uva Wellassa University,Computer Science,2027,Matara,University Career Fair
3606,Candidate 3606,Female,25,Wayamba University,Marketing,2026,Jaffna,Referral
3607,Candidate 3607,Male,20,Sabaragamuwa University,Marketing,2027,Kandy,Job Portal
3608,Candidate 3608,Male,26,Sabaragamuwa University,Computer Science,2028,Anuradhapura,Job Portal
3609,Candidate 3609,Female,20,Sabaragamuwa University,Software Engineering,2028,Galle,Job Portal
3610,Candidate 3610,Female,20,University of Kelaniya,Finance,2027,Jaffna,Email Campaign
3611,Candidate 3611,Male,24,University of Peradeniya,Finance,2028,Colombo,Referral
3612,Candidate 3612,Male,25,University of Peradeniya,Finance,2027,Kurunegala,Referral
3613,Candidate 3613,Female,25,South Eastern University of Sri Lanka,Software Engineering,2028,Kandy,Job Portal
3614,Candidate 3614,Male,25,Sabaragamuwa University,Human Resource Management,2026,Colombo,Referral
3615,Candidate 3615,Male,26,University of Colombo,Business Management,2027,Kurunegala,LinkedIn
3616,Candidate 3616,Female,20,University of Sri Jayewardenepura,Data Science,2026,Kandy,Job Portal
3617,Candidate 3617,Male,25,University of Sri Jayewardenepura,Marketing,2027,Galle,Job Portal
3618,Candidate 3618,Male,21,Wayamba University,Finance,2028,Anuradhapura,Referral
3619,Candidate 3619,Female,25,University of Colombo,Human Resource Management,2028,Anuradhapura,LinkedIn
3620,Candidate 3620,Female,22,University of Moratuwa,Finance,2026,Ampara,Referral
3621,Candidate 3621,Female,25,Uva Wellassa University,Software Engineering,2026,Jaffna,Referral
3622,Candidate 3622,Female,21,University of Sri Jayewardenepura,Computer Science,2026,Negombo,Email Campaign
3623,Candidate 3623,Female,22,University of Colombo,Computer Science,2027,Matara,LinkedIn
3624,Candidate 3624,Female,20,Uva Wellassa University,Data Science,2026,Kandy,Company Website
3625,Candidate 3625,Male,24,University of Kelaniya,Software Engineering,2026,Kandy,LinkedIn
3626,Candidate 3626,Male,26,University of Ruhuna,Marketing,2026,Kandy,Referral
3627,Candidate 3627,Female,24,South Eastern University of Sri Lanka,Computer Science,2027,Galle,Job Portal
3628,Candidate 3628,Male,21,University of Peradeniya,Information Technology,2028,Ampara,LinkedIn
3629,Candidate 3629,Female,26,University of Moratuwa,Data Science,2026,Batticaloa,LinkedIn
3630,Candidate 3630,Female,25,University of Colombo,Human Resource Management,2027,Kurunegala,Referral
3631,Candidate 3631,Female,22,Sabaragamuwa University,Computer Science,2028,Galle,Job Portal
3632,Candidate 3632,Male,20,Sabaragamuwa University,Information Technology,2027,Ampara,Company Website
3633,Candidate 3633,Female,25,University of Sri Jayewardenepura,Business Management,2027,Matara,Job Portal
3634,Candidate 3634,Female,21,University of Ruhuna,Data Science,2026,Batticaloa,Company Website
3635,Candidate 3635,Female,20,South Eastern University of Sri Lanka,Software Engineering,2026,Galle,Company Website
3636,Candidate 3636,Male,25,Wayamba University,Business Management,2026,Galle,Referral
3637,Candidate 3637,Female,20,University of Sri Jayewardenepura,Marketing,2028,Ampara,LinkedIn
3638,Candidate 3638,Male,23,University of Sri Jayewardenepura,Computer Science,2027,Ampara,LinkedIn
3639,Candidate 3639,Male,22,University of Colombo,Data Science,2028,Anuradhapura,Job Portal
3640,Candidate 3640,Male,25,University of Ruhuna,Business Management,2026,Negombo,University Career Fair
3641,Candidate 3641,Male,20,University of Sri Jayewardenepura,Computer Science,2028,Kandy,Email Campaign
3642,Candidate 3642,Male,26,University of Sri Jayewardenepura,Computer Science,2026,Batticaloa,LinkedIn
3643,Candidate 3643,Female,22,University of Moratuwa,Software Engineering,2027,Batticaloa,Company Website
3644,Candidate 3644,Female,21,University of Peradeniya,Data Science,2027,Colombo,LinkedIn
3645,Candidate 3645,Female,20,University of Moratuwa,Human Resource Management,2027,Matara,Job Portal
3646,Candidate 3646,Female,22,University of Kelaniya,Data Science,2026,Batticaloa,Referral
3647,Candidate 3647,Female,25,University of Kelaniya,Finance,2026,Anuradhapura,LinkedIn
3648,Candidate 3648,Male,25,Wayamba University,Information Technology,2028,Anuradhapura,Company Website
3649,Candidate 3649,Female,25,South Eastern University of Sri Lanka,Software Engineering,2027,Kurunegala,Job Portal
3650,Candidate 3650,Female,23,University of Moratuwa,Data Science,2028,Batticaloa,LinkedIn
3651,Candidate 3651,Female,24,Sabaragamuwa University,Computer Science,2027,Ampara,Referral
3652,Candidate 3652,Male,26,University of Ruhuna,Information Technology,2027,Galle,Referral
3653,Candidate 3653,Female,20,Sabaragamuwa University,Computer Science,2027,Matara,Job Portal
3654,Candidate 3654,Male,26,University of Ruhuna,Marketing,2026,Galle,LinkedIn
3655,Candidate 3655,Male,22,Wayamba University,Finance,2026,Kandy,Referral
3656,Candidate 3656,Male,25,University of Colombo,Information Technology,2027,Jaffna,Company Website
3657,Candidate 3657,Male,23,Sabaragamuwa University,Information Technology,2027,Ampara,LinkedIn
3658,Candidate 3658,Female,24,University of Colombo,Finance,2026,Galle,Referral
3659,Candidate 3659,Male,21,University of Sri Jayewardenepura,Finance,2027,Matara,Company Website
3660,Candidate 3660,Male,25,University of Ruhuna,Business Management,2028,Batticaloa,LinkedIn
3661,Candidate 3661,Female,25,Sabaragamuwa University,Computer Science,2027,Matara,LinkedIn
3662,Candidate 3662,Male,26,Wayamba University,Marketing,2027,Kurunegala,Job Portal
3663,Candidate 3663,Female,24,University of Sri Jayewardenepura,Marketing,2027,Ampara,Job Portal
3664,Candidate 3664,Male,21,South Eastern University of Sri Lanka,Human Resource Management,2027,Anuradhapura,University Career Fair
3665,Candidate 3665,Male,22,Sabaragamuwa University,Computer Science,2026,Jaffna,Email Campaign
3666,Candidate 3666,Female,26,Sabaragamuwa University,Information Technology,2028,Kurunegala,LinkedIn
3667,Candidate 3667,Male,26,University of Peradeniya,Data Science,2026,Colombo,Company Website
3668,Candidate 3668,Female,23,University of Sri Jayewardenepura,Software Engineering,2026,Galle,Company Website
3669,Candidate 3669,Female,21,University of Moratuwa,Software Engineering,2028,Ampara,Referral
3670,Candidate 3670,Male,21,Wayamba University,Data Science,2027,Jaffna,Job Portal
3671,Candidate 3671,Female,26,Sabaragamuwa University,Marketing,2028,Negombo,Company Website
3672,Candidate 3672,Female,21,Sabaragamuwa University,Human Resource Management,2026,Negombo,Job Portal
3673,Candidate 3673,Male,21,Wayamba University,Finance,2028,Galle,LinkedIn
3674,Candidate 3674,Male,25,University of Moratuwa,Computer Science,2028,Kandy,Referral
3675,Candidate 3675,Male,20,University of Ruhuna,Software Engineering,2026,Galle,University Career Fair
3676,Candidate 3676,Female,21,University of Sri Jayewardenepura,Business Management,2027,Kandy,Company Website
3677,Candidate 3677,Male,24,University of Colombo,Human Resource Management,2027,Batticaloa,Job Portal
3678,Candidate 3678,Female,26,University of Kelaniya,Finance,2026,Ampara,LinkedIn
3679,Candidate 3679,Female,22,University of Ruhuna,Information Technology,2026,Anuradhapura,Email Campaign
3680,Candidate 3680,Male,20,University of Colombo,Marketing,2027,Jaffna,LinkedIn
3681,Candidate 3681,Male,21,University of Ruhuna,Data Science,2026,Matara,University Career Fair
3682,Candidate 3682,Female,21,University of Sri Jayewardenepura,Information Technology,2027,Anuradhapura,Company Website
3683,Candidate 3683,Male,23,University of Ruhuna,Business Management,2028,Matara,LinkedIn
3684,Candidate 3684,Female,20,University of Sri Jayewardenepura,Finance,2026,Jaffna,Referral
3685,Candidate 3685,Male,22,Uva Wellassa University,Finance,2026,Negombo,University Career Fair
3686,Candidate 3686,Female,21,University of Kelaniya,Information Technology,2028,Colombo,Company Website
3687,Candidate 3687,Female,25,University of Colombo,Data Science,2027,Kurunegala,LinkedIn
3688,Candidate 3688,Female,23,South Eastern University of Sri Lanka,Data Science,2027,Matara,University Career Fair
3689,Candidate 3689,Female,24,University of Colombo,Marketing,2026,Colombo,Job Portal
3690,Candidate 3690,Male,25,University of Ruhuna,Software Engineering,2028,Batticaloa,Company Website
3691,Candidate 3691,Female,26,University of Kelaniya,Marketing,2028,Kandy,Referral
3692,Candidate 3692,Female,22,South Eastern University of Sri Lanka,Human Resource Management,2028,Negombo,LinkedIn
3693,Candidate 3693,Male,24,Uva Wellassa University,Human Resource Management,2028,Negombo,Job Portal
3694,Candidate 3694,Female,26,Uva Wellassa University,Information Technology,2027,Negombo,Job Portal
3695,Candidate 3695,Female,20,Uva Wellassa University,Finance,2027,Colombo,Job Portal
3696,Candidate 3696,Male,21,University of Ruhuna,Marketing,2027,Jaffna,LinkedIn
3697,Candidate 3697,Male,24,University of Kelaniya,Marketing,2026,Galle,LinkedIn
3698,Candidate 3698,Male,25,University of Peradeniya,Finance,2028,Kurunegala,Company Website
3699,Candidate 3699,Female,21,University of Kelaniya,Computer Science,2026,Kandy,LinkedIn
3700,Candidate 3700,Female,23,University of Moratuwa,Data Science,2026,Negombo,Email Campaign
3701,Candidate 3701,Female,23,University of Kelaniya,Data Science,2028,Galle,Referral
3702,Candidate 3702,Female,25,Wayamba University,Human Resource Management,2026,Anuradhapura,Job Portal
3703,Candidate 3703,Male,21,University of Sri Jayewardenepura,Human Resource Management,2028,Anuradhapura,Company Website
3704,Candidate 3704,Male,22,Wayamba University,Business Management,2026,Ampara,University Career Fair
3705,Candidate 3705,Female,25,University of Peradeniya,Software Engineering,2028,Kurunegala,Company Website
3706,Candidate 3706,Female,23,University of Kelaniya,Human Resource Management,2028,Negombo,Company Website
3707,Candidate 3707,Female,23,University of Colombo,Finance,2028,Ampara,Company Website
3708,Candidate 3708,Female,24,University of Ruhuna,Software Engineering,2028,Anuradhapura,LinkedIn
3709,Candidate 3709,Male,26,Uva Wellassa University,Human Resource Management,2026,Jaffna,Referral
3710,Candidate 3710,Male,20,Wayamba University,Computer Science,2028,Galle,University Career Fair
3711,Candidate 3711,Female,23,University of Moratuwa,Computer Science,2026,Ampara,Referral
3712,Candidate 3712,Female,25,Sabaragamuwa University,Marketing,2027,Batticaloa,University Career Fair
3713,Candidate 3713,Female,22,South Eastern University of Sri Lanka,Finance,2027,Batticaloa,LinkedIn
3714,Candidate 3714,Male,22,Sabaragamuwa University,Marketing,2027,Colombo,LinkedIn
3715,Candidate 3715,Female,24,Sabaragamuwa University,Finance,2028,Ampara,Job Portal
3716,Candidate 3716,Male,22,University of Colombo,Finance,2026,Ampara,Referral
3717,Candidate 3717,Female,22,University of Peradeniya,Data Science,2026,Kurunegala,Job Portal
3718,Candidate 3718,Female,20,Wayamba University,Human Resource Management,2027,Colombo,LinkedIn
3719,Candidate 3719,Male,21,Wayamba University,Marketing,2028,Ampara,LinkedIn
3720,Candidate 3720,Male,26,South Eastern University of Sri Lanka,Human Resource Management,2026,Kandy,University Career Fair
3721,Candidate 3721,Male,23,University of Sri Jayewardenepura,Computer Science,2028,Kurunegala,Job Portal
3722,Candidate 3722,Female,21,University of Sri Jayewardenepura,Marketing,2026,Galle,LinkedIn
3723,Candidate 3723,Female,25,University of Colombo,Software Engineering,2026,Negombo,Job Portal
3724,Candidate 3724,Female,25,University of Peradeniya,Software Engineering,2027,Negombo,LinkedIn
3725,Candidate 3725,Female,25,University of Peradeniya,Human Resource Management,2028,Matara,Job Portal
3726,Candidate 3726,Female,21,University of Kelaniya,Finance,2026,Anuradhapura,Referral
3727,Candidate 3727,Male,22,University of Ruhuna,Business Management,2028,Colombo,Referral
3728,Candidate 3728,Male,23,University of Sri Jayewardenepura,Finance,2027,Matara,Referral
3729,Candidate 3729,Male,24,South Eastern University of Sri Lanka,Human Resource Management,2028,Jaffna,Company Website
3730,Candidate 3730,Male,22,Uva Wellassa University,Computer Science,2026,Ampara,LinkedIn
3731,Candidate 3731,Female,22,University of Moratuwa,Computer Science,2026,Kandy,Referral
3732,Candidate 3732,Male,22,Wayamba University,Business Management,2028,Colombo,University Career Fair
3733,Candidate 3733,Female,21,University of Colombo,Software Engineering,2026,Negombo,Company Website
3734,Candidate 3734,Female,23,University of Kelaniya,Marketing,2027,Batticaloa,Company Website
3735,Candidate 3735,Male,25,University of Kelaniya,Information Technology,2028,Ampara,Company Website
3736,Candidate 3736,Male,21,University of Colombo,Data Science,2028,Batticaloa,Job Portal
3737,Candidate 3737,Female,25,Wayamba University,Business Management,2026,Negombo,University Career Fair
3738,Candidate 3738,Male,25,University of Sri Jayewardenepura,Data Science,2027,Colombo,Company Website
3739,Candidate 3739,Female,25,Wayamba University,Marketing,2028,Negombo,Job Portal
3740,Candidate 3740,Male,23,University of Ruhuna,Human Resource Management,2027,Anuradhapura,LinkedIn
3741,Candidate 3741,Female,21,University of Colombo,Marketing,2027,Galle,Job Portal
3742,Candidate 3742,Male,25,University of Peradeniya,Finance,2026,Anuradhapura,Job Portal
3743,Candidate 3743,Male,23,Wayamba University,Data Science,2027,Galle,Job Portal
3744,Candidate 3744,Female,26,South Eastern University of Sri Lanka,Business Management,2027,Negombo,University Career Fair
3745,Candidate 3745,Male,23,University of Moratuwa,Software Engineering,2026,Matara,Company Website
3746,Candidate 3746,Male,25,Sabaragamuwa University,Information Technology,2027,Negombo,University Career Fair
3747,Candidate 3747,Male,21,University of Moratuwa,Software Engineering,2027,Negombo,LinkedIn
3748,Candidate 3748,Female,22,University of Kelaniya,Human Resource Management,2026,Anuradhapura,Referral
3749,Candidate 3749,Female,23,Uva Wellassa University,Finance,2028,Kurunegala,LinkedIn
3750,Candidate 3750,Female,23,Sabaragamuwa University,Finance,2027,Jaffna,Company Website
3751,Candidate 3751,Male,26,Wayamba University,Computer Science,2027,Jaffna,University Career Fair
3752,Candidate 3752,Male,22,Uva Wellassa University,Information Technology,2027,Matara,Company Website
3753,Candidate 3753,Female,22,Wayamba University,Marketing,2026,Ampara,Job Portal
3754,Candidate 3754,Male,24,University of Kelaniya,Human Resource Management,2027,Jaffna,University Career Fair
3755,Candidate 3755,Male,20,Sabaragamuwa University,Marketing,2026,Galle,LinkedIn
3756,Candidate 3756,Female,25,University of Peradeniya,Data Science,2026,Negombo,LinkedIn
3757,Candidate 3757,Female,25,University of Peradeniya,Information Technology,2026,Negombo,Company Website
3758,Candidate 3758,Female,26,University of Peradeniya,Data Science,2026,Matara,LinkedIn
3759,Candidate 3759,Female,23,Uva Wellassa University,Computer Science,2026,Colombo,University Career Fair
3760,Candidate 3760,Male,21,Sabaragamuwa University,Data Science,2028,Anuradhapura,LinkedIn
3761,Candidate 3761,Male,21,University of Kelaniya,Marketing,2028,Kurunegala,Company Website
3762,Candidate 3762,Female,20,University of Sri Jayewardenepura,Finance,2026,Ampara,University Career Fair
3763,Candidate 3763,Female,24,Uva Wellassa University,Marketing,2028,Jaffna,Email Campaign
3764,Candidate 3764,Male,22,South Eastern University of Sri Lanka,Human Resource Management,2026,Matara,University Career Fair
3765,Candidate 3765,Male,26,University of Moratuwa,Software Engineering,2026,Batticaloa,Referral
3766,Candidate 3766,Male,25,South Eastern University of Sri Lanka,Human Resource Management,2028,Colombo,Referral
3767,Candidate 3767,Male,24,Sabaragamuwa University,Software Engineering,2028,Kurunegala,Company Website
3768,Candidate 3768,Female,22,University of Colombo,Business Management,2027,Anuradhapura,University Career Fair
3769,Candidate 3769,Male,20,University of Kelaniya,Information Technology,2027,Matara,Email Campaign
3770,Candidate 3770,Male,26,University of Moratuwa,Software Engineering,2028,Batticaloa,Job Portal
3771,Candidate 3771,Male,23,Wayamba University,Human Resource Management,2026,Batticaloa,Company Website
3772,Candidate 3772,Female,26,Wayamba University,Information Technology,2028,Colombo,Company Website
3773,Candidate 3773,Female,26,Sabaragamuwa University,Human Resource Management,2028,Colombo,Job Portal
3774,Candidate 3774,Male,21,University of Kelaniya,Business Management,2027,Ampara,University Career Fair
3775,Candidate 3775,Female,23,Sabaragamuwa University,Business Management,2026,Jaffna,Job Portal
3776,Candidate 3776,Female,25,University of Ruhuna,Business Management,2026,Kandy,University Career Fair
3777,Candidate 3777,Male,24,South Eastern University of Sri Lanka,Human Resource Management,2026,Matara,University Career Fair
3778,Candidate 3778,Male,26,University of Peradeniya,Finance,2028,Matara,Referral
3779,Candidate 3779,Male,24,University of Moratuwa,Human Resource Management,2026,Kandy,University Career Fair
3780,Candidate 3780,Male,25,University of Colombo,Data Science,2028,Kandy,Referral
3781,Candidate 3781,Female,25,University of Kelaniya,Data Science,2026,Jaffna,LinkedIn
3782,Candidate 3782,Male,23,South Eastern University of Sri Lanka,Information Technology,2028,Batticaloa,Company Website
3783,Candidate 3783,Female,24,University of Sri Jayewardenepura,Marketing,2027,Colombo,Job Portal
3784,Candidate 3784,Male,22,University of Kelaniya,Marketing,2027,Kurunegala,Referral
3785,Candidate 3785,Male,22,Uva Wellassa University,Finance,2028,Kurunegala,Company Website
3786,Candidate 3786,Female,22,Uva Wellassa University,Information Technology,2027,Kandy,University Career Fair
3787,Candidate 3787,Female,20,University of Moratuwa,Data Science,2026,Anuradhapura,Company Website
3788,Candidate 3788,Female,24,Wayamba University,Information Technology,2028,Kurunegala,Job Portal
3789,Candidate 3789,Male,21,University of Kelaniya,Business Management,2028,Matara,Referral
3790,Candidate 3790,Male,25,Uva Wellassa University,Business Management,2028,Jaffna,Company Website
3791,Candidate 3791,Female,22,University of Colombo,Data Science,2028,Galle,University Career Fair
3792,Candidate 3792,Female,25,University of Sri Jayewardenepura,Software Engineering,2026,Galle,University Career Fair
3793,Candidate 3793,Female,25,University of Colombo,Marketing,2028,Galle,LinkedIn
3794,Candidate 3794,Male,23,University of Ruhuna,Human Resource Management,2027,Kandy,Company Website
3795,Candidate 3795,Female,23,University of Ruhuna,Marketing,2026,Colombo,LinkedIn
3796,Candidate 3796,Female,25,University of Ruhuna,Software Engineering,2027,Galle,Job Portal
3797,Candidate 3797,Male,21,University of Moratuwa,Data Science,2028,Jaffna,Referral
3798,Candidate 3798,Male,20,University of Sri Jayewardenepura,Human Resource Management,2027,Anuradhapura,LinkedIn
3799,Candidate 3799,Female,23,South Eastern University of Sri Lanka,Computer Science,2026,Matara,Job Portal
3800,Candidate 3800,Male,22,University of Moratuwa,Business Management,2027,Ampara,LinkedIn
3801,Candidate 3801,Female,20,Uva Wellassa University,Data Science,2026,Jaffna,Job Portal
3802,Candidate 3802,Female,20,Sabaragamuwa University,Business Management,2027,Batticaloa,University Career Fair
3803,Candidate 3803,Female,21,University of Ruhuna,Computer Science,2026,Anuradhapura,Referral
3804,Candidate 3804,Female,26,University of Moratuwa,Marketing,2026,Kandy,Company Website
3805,Candidate 3805,Female,25,University of Ruhuna,Finance,2027,Negombo,Job Portal
3806,Candidate 3806,Male,23,Sabaragamuwa University,Marketing,2027,Kandy,Referral
3807,Candidate 3807,Male,20,University of Sri Jayewardenepura,Finance,2026,Galle,Company Website
3808,Candidate 3808,Female,22,University of Peradeniya,Software Engineering,2027,Kurunegala,Job Portal
3809,Candidate 3809,Female,24,University of Ruhuna,Human Resource Management,2026,Galle,University Career Fair
3810,Candidate 3810,Male,24,University of Colombo,Business Management,2027,Jaffna,Email Campaign
3811,Candidate 3811,Male,22,South Eastern University of Sri Lanka,Business Management,2027,Kandy,Referral
3812,Candidate 3812,Female,22,Uva Wellassa University,Software Engineering,2026,Batticaloa,LinkedIn
3813,Candidate 3813,Female,25,Uva Wellassa University,Human Resource Management,2028,Anuradhapura,University Career Fair
3814,Candidate 3814,Female,21,University of Peradeniya,Data Science,2028,Colombo,Referral
3815,Candidate 3815,Female,22,University of Sri Jayewardenepura,Human Resource Management,2027,Ampara,University Career Fair
3816,Candidate 3816,Male,20,Wayamba University,Finance,2028,Colombo,LinkedIn
3817,Candidate 3817,Female,21,University of Peradeniya,Business Management,2026,Negombo,LinkedIn
3818,Candidate 3818,Male,20,University of Kelaniya,Software Engineering,2027,Matara,University Career Fair
3819,Candidate 3819,Male,25,University of Peradeniya,Computer Science,2027,Anuradhapura,LinkedIn
3820,Candidate 3820,Female,20,University of Colombo,Marketing,2028,Anuradhapura,Referral
3821,Candidate 3821,Female,21,South Eastern University of Sri Lanka,Human Resource Management,2026,Ampara,Company Website
3822,Candidate 3822,Male,21,University of Ruhuna,Software Engineering,2026,Kandy,Referral
3823,Candidate 3823,Female,21,University of Sri Jayewardenepura,Computer Science,2027,Colombo,LinkedIn
3824,Candidate 3824,Male,20,University of Moratuwa,Marketing,2027,Batticaloa,Job Portal
3825,Candidate 3825,Male,25,South Eastern University of Sri Lanka,Data Science,2026,Kurunegala,Company Website
3826,Candidate 3826,Male,22,University of Moratuwa,Computer Science,2027,Ampara,University Career Fair
3827,Candidate 3827,Male,22,University of Peradeniya,Business Management,2027,Negombo,Company Website
3828,Candidate 3828,Male,20,University of Ruhuna,Marketing,2026,Jaffna,Job Portal
3829,Candidate 3829,Male,21,University of Moratuwa,Data Science,2027,Colombo,LinkedIn
3830,Candidate 3830,Female,21,Uva Wellassa University,Data Science,2026,Galle,LinkedIn
3831,Candidate 3831,Female,21,University of Colombo,Information Technology,2028,Negombo,Job Portal
3832,Candidate 3832,Male,20,University of Sri Jayewardenepura,Business Management,2028,Kurunegala,LinkedIn
3833,Candidate 3833,Male,21,University of Sri Jayewardenepura,Data Science,2027,Galle,University Career Fair
3834,Candidate 3834,Male,26,University of Sri Jayewardenepura,Data Science,2026,Negombo,Referral
3835,Candidate 3835,Female,25,University of Kelaniya,Finance,2026,Jaffna,Referral
3836,Candidate 3836,Female,22,University of Kelaniya,Human Resource Management,2027,Colombo,LinkedIn
3837,Candidate 3837,Female,23,University of Sri Jayewardenepura,Business Management,2026,Colombo,Company Website
3838,Candidate 3838,Female,21,University of Ruhuna,Human Resource Management,2028,Matara,Company Website
3839,Candidate 3839,Male,22,Uva Wellassa University,Finance,2026,Negombo,University Career Fair
3840,Candidate 3840,Male,22,University of Ruhuna,Information Technology,2027,Galle,Email Campaign
3841,Candidate 3841,Female,22,South Eastern University of Sri Lanka,Information Technology,2027,Matara,Job Portal
3842,Candidate 3842,Female,21,South Eastern University of Sri Lanka,Software Engineering,2028,Anuradhapura,LinkedIn
3843,Candidate 3843,Female,23,University of Kelaniya,Information Technology,2027,Matara,Job Portal
3844,Candidate 3844,Female,21,University of Sri Jayewardenepura,Marketing,2028,Batticaloa,LinkedIn
3845,Candidate 3845,Female,26,University of Kelaniya,Marketing,2027,Batticaloa,Company Website
3846,Candidate 3846,Female,21,Wayamba University,Marketing,2026,Negombo,Company Website
3847,Candidate 3847,Female,25,University of Sri Jayewardenepura,Data Science,2027,Jaffna,Job Portal
3848,Candidate 3848,Female,23,Uva Wellassa University,Data Science,2027,Kandy,Referral
3849,Candidate 3849,Male,21,Sabaragamuwa University,Marketing,2026,Anuradhapura,Job Portal
3850,Candidate 3850,Female,22,University of Sri Jayewardenepura,Business Management,2027,Anuradhapura,Referral
3851,Candidate 3851,Female,21,Uva Wellassa University,Computer Science,2027,Kandy,Referral
3852,Candidate 3852,Male,22,Uva Wellassa University,Human Resource Management,2028,Jaffna,Company Website
3853,Candidate 3853,Male,23,University of Peradeniya,Finance,2026,Anuradhapura,LinkedIn
3854,Candidate 3854,Female,26,Wayamba University,Software Engineering,2028,Matara,LinkedIn
3855,Candidate 3855,Male,20,Sabaragamuwa University,Software Engineering,2027,Galle,Referral
3856,Candidate 3856,Female,25,University of Moratuwa,Computer Science,2026,Kurunegala,University Career Fair
3857,Candidate 3857,Female,26,Sabaragamuwa University,Computer Science,2028,Galle,Referral
3858,Candidate 3858,Female,24,University of Sri Jayewardenepura,Information Technology,2026,Kandy,Email Campaign
3859,Candidate 3859,Female,26,University of Sri Jayewardenepura,Business Management,2027,Ampara,LinkedIn
3860,Candidate 3860,Female,26,University of Moratuwa,Data Science,2027,Kurunegala,Referral
3861,Candidate 3861,Female,21,University of Sri Jayewardenepura,Information Technology,2027,Galle,Company Website
3862,Candidate 3862,Female,20,University of Sri Jayewardenepura,Marketing,2028,Kurunegala,University Career Fair
3863,Candidate 3863,Male,25,University of Peradeniya,Data Science,2028,Ampara,Company Website
3864,Candidate 3864,Female,25,University of Kelaniya,Human Resource Management,2026,Negombo,University Career Fair
3865,Candidate 3865,Male,23,Wayamba University,Software Engineering,2026,Batticaloa,LinkedIn
3866,Candidate 3866,Male,20,University of Peradeniya,Marketing,2026,Galle,Referral
3867,Candidate 3867,Male,20,University of Ruhuna,Software Engineering,2028,Negombo,Referral
3868,Candidate 3868,Male,26,University of Peradeniya,Software Engineering,2026,Jaffna,Referral
3869,Candidate 3869,Female,21,Sabaragamuwa University,Marketing,2027,Jaffna,Email Campaign
3870,Candidate 3870,Female,24,University of Peradeniya,Business Management,2026,Negombo,University Career Fair
3871,Candidate 3871,Female,20,University of Colombo,Information Technology,2027,Matara,Company Website
3872,Candidate 3872,Male,20,University of Kelaniya,Information Technology,2026,Ampara,LinkedIn
3873,Candidate 3873,Female,24,Uva Wellassa University,Information Technology,2026,Colombo,Job Portal
3874,Candidate 3874,Male,20,University of Moratuwa,Marketing,2027,Kandy,University Career Fair
3875,Candidate 3875,Male,25,University of Peradeniya,Computer Science,2026,Kurunegala,LinkedIn
3876,Candidate 3876,Male,22,Wayamba University,Finance,2027,Anuradhapura,Referral
3877,Candidate 3877,Male,20,University of Sri Jayewardenepura,Finance,2026,Kandy,University Career Fair
3878,Candidate 3878,Female,24,University of Peradeniya,Human Resource Management,2028,Kandy,LinkedIn
3879,Candidate 3879,Female,20,University of Peradeniya,Finance,2027,Kandy,Job Portal
3880,Candidate 3880,Male,26,Sabaragamuwa University,Information Technology,2026,Galle,Job Portal
3881,Candidate 3881,Male,24,University of Kelaniya,Computer Science,2026,Kurunegala,Job Portal
3882,Candidate 3882,Male,21,Wayamba University,Information Technology,2027,Kandy,LinkedIn
3883,Candidate 3883,Female,26,University of Kelaniya,Finance,2026,Matara,Job Portal
3884,Candidate 3884,Male,26,Uva Wellassa University,Software Engineering,2027,Matara,Job Portal
3885,Candidate 3885,Female,23,University of Ruhuna,Business Management,2027,Jaffna,Company Website
3886,Candidate 3886,Male,24,University of Peradeniya,Computer Science,2028,Matara,Referral
3887,Candidate 3887,Male,25,University of Ruhuna,Information Technology,2028,Kurunegala,LinkedIn
3888,Candidate 3888,Male,20,South Eastern University of Sri Lanka,Business Management,2026,Kandy,Company Website
3889,Candidate 3889,Male,22,University of Sri Jayewardenepura,Finance,2026,Ampara,Company Website
3890,Candidate 3890,Female,25,University of Moratuwa,Marketing,2026,Ampara,University Career Fair
3891,Candidate 3891,Female,22,University of Moratuwa,Finance,2026,Matara,Company Website
3892,Candidate 3892,Male,20,University of Moratuwa,Finance,2027,Matara,Company Website
3893,Candidate 3893,Male,25,Sabaragamuwa University,Business Management,2028,Anuradhapura,Job Portal
3894,Candidate 3894,Female,23,University of Ruhuna,Business Management,2028,Negombo,Email Campaign
3895,Candidate 3895,Male,20,University of Colombo,Finance,2026,Negombo,Email Campaign
3896,Candidate 3896,Female,23,Sabaragamuwa University,Finance,2028,Ampara,LinkedIn
3897,Candidate 3897,Female,26,Wayamba University,Business Management,2026,Galle,University Career Fair
3898,Candidate 3898,Male,23,University of Moratuwa,Marketing,2027,Galle,Job Portal
3899,Candidate 3899,Female,23,South Eastern University of Sri Lanka,Computer Science,2027,Ampara,Job Portal
3900,Candidate 3900,Female,20,University of Colombo,Information Technology,2027,Kurunegala,LinkedIn
3901,Candidate 3901,Male,20,University of Ruhuna,Marketing,2026,Kurunegala,LinkedIn
3902,Candidate 3902,Female,26,University of Peradeniya,Computer Science,2026,Ampara,University Career Fair
3903,Candidate 3903,Male,25,University of Kelaniya,Information Technology,2027,Galle,University Career Fair
3904,Candidate 3904,Male,23,University of Ruhuna,Data Science,2026,Anuradhapura,Company Website
3905,Candidate 3905,Male,22,University of Moratuwa,Data Science,2026,Galle,Company Website
3906,Candidate 3906,Male,21,Wayamba University,Data Science,2027,Colombo,University Career Fair
3907,Candidate 3907,Female,22,University of Moratuwa,Software Engineering,2027,Negombo,Company Website
3908,Candidate 3908,Female,20,University of Colombo,Business Management,2026,Colombo,Company Website
3909,Candidate 3909,Female,23,Uva Wellassa University,Information Technology,2026,Batticaloa,Job Portal
3910,Candidate 3910,Male,25,University of Peradeniya,Software Engineering,2027,Colombo,Job Portal
3911,Candidate 3911,Female,21,South Eastern University of Sri Lanka,Human Resource Management,2026,Galle,Job Portal
3912,Candidate 3912,Male,26,University of Colombo,Marketing,2027,Kandy,Company Website
3913,Candidate 3913,Female,23,Wayamba University,Computer Science,2028,Matara,University Career Fair
3914,Candidate 3914,Male,21,Wayamba University,Computer Science,2026,Colombo,Job Portal
3915,Candidate 3915,Male,24,University of Kelaniya,Finance,2026,Kurunegala,LinkedIn
3916,Candidate 3916,Female,26,University of Moratuwa,Information Technology,2028,Kurunegala,Referral
3917,Candidate 3917,Female,26,Sabaragamuwa University,Business Management,2028,Galle,Company Website
3918,Candidate 3918,Male,20,Wayamba University,Software Engineering,2026,Ampara,LinkedIn
3919,Candidate 3919,Female,23,Wayamba University,Computer Science,2028,Jaffna,University Career Fair
3920,Candidate 3920,Male,25,University of Moratuwa,Information Technology,2026,Negombo,Company Website
3921,Candidate 3921,Female,22,University of Sri Jayewardenepura,Marketing,2028,Negombo,LinkedIn
3922,Candidate 3922,Female,24,South Eastern University of Sri Lanka,Finance,2027,Batticaloa,Company Website
3923,Candidate 3923,Female,25,University of Colombo,Business Management,2026,Negombo,Job Portal
3924,Candidate 3924,Male,26,University of Ruhuna,Marketing,2028,Colombo,Company Website
3925,Candidate 3925,Female,21,Wayamba University,Marketing,2026,Ampara,LinkedIn
3926,Candidate 3926,Male,23,South Eastern University of Sri Lanka,Marketing,2027,Jaffna,LinkedIn
3927,Candidate 3927,Female,22,Sabaragamuwa University,Computer Science,2026,Ampara,Referral
3928,Candidate 3928,Female,23,University of Peradeniya,Software Engineering,2027,Anuradhapura,LinkedIn
3929,Candidate 3929,Male,21,South Eastern University of Sri Lanka,Software Engineering,2028,Colombo,University Career Fair
3930,Candidate 3930,Male,23,University of Ruhuna,Data Science,2028,Negombo,Job Portal
3931,Candidate 3931,Female,22,University of Kelaniya,Human Resource Management,2027,Galle,Referral
3932,Candidate 3932,Male,24,University of Kelaniya,Data Science,2026,Galle,Job Portal
3933,Candidate 3933,Male,21,University of Kelaniya,Computer Science,2026,Kurunegala,LinkedIn
3934,Candidate 3934,Male,22,University of Peradeniya,Finance,2027,Jaffna,Job Portal
3935,Candidate 3935,Female,24,University of Peradeniya,Finance,2028,Batticaloa,Referral
3936,Candidate 3936,Female,26,Uva Wellassa University,Computer Science,2027,Galle,Job Portal
3937,Candidate 3937,Female,20,University of Moratuwa,Business Management,2026,Batticaloa,University Career Fair
3938,Candidate 3938,Male,26,University of Sri Jayewardenepura,Software Engineering,2028,Galle,Company Website
3939,Candidate 3939,Female,25,Uva Wellassa University,Business Management,2027,Galle,Job Portal
3940,Candidate 3940,Male,22,Wayamba University,Data Science,2028,Ampara,LinkedIn
3941,Candidate 3941,Female,20,University of Moratuwa,Marketing,2027,Galle,Job Portal
3942,Candidate 3942,Male,23,University of Moratuwa,Information Technology,2027,Kurunegala,Email Campaign
3943,Candidate 3943,Male,26,University of Moratuwa,Computer Science,2027,Kandy,University Career Fair
3944,Candidate 3944,Male,20,South Eastern University of Sri Lanka,Software Engineering,2028,Galle,Job Portal
3945,Candidate 3945,Female,24,University of Sri Jayewardenepura,Human Resource Management,2026,Ampara,LinkedIn
3946,Candidate 3946,Male,26,South Eastern University of Sri Lanka,Computer Science,2026,Kandy,Job Portal
3947,Candidate 3947,Male,24,University of Colombo,Business Management,2028,Batticaloa,LinkedIn
3948,Candidate 3948,Male,20,University of Ruhuna,Information Technology,2028,Negombo,LinkedIn
3949,Candidate 3949,Male,25,University of Sri Jayewardenepura,Software Engineering,2027,Negombo,LinkedIn
3950,Candidate 3950,Female,20,Uva Wellassa University,Computer Science,2026,Colombo,Company Website
3951,Candidate 3951,Male,25,Uva Wellassa University,Finance,2027,Kandy,Referral
3952,Candidate 3952,Male,26,South Eastern University of Sri Lanka,Marketing,2028,Kurunegala,Company Website
3953,Candidate 3953,Male,24,South Eastern University of Sri Lanka,Finance,2028,Kurunegala,LinkedIn
3954,Candidate 3954,Female,24,Uva Wellassa University,Data Science,2026,Colombo,Referral
3955,Candidate 3955,Female,25,University of Sri Jayewardenepura,Data Science,2028,Jaffna,LinkedIn
3956,Candidate 3956,Female,25,Sabaragamuwa University,Human Resource Management,2028,Kandy,Referral
3957,Candidate 3957,Female,22,Sabaragamuwa University,Business Management,2026,Matara,LinkedIn
3958,Candidate 3958,Male,24,University of Kelaniya,Finance,2026,Negombo,Company Website
3959,Candidate 3959,Male,20,Sabaragamuwa University,Human Resource Management,2027,Ampara,Company Website
3960,Candidate 3960,Female,20,South Eastern University of Sri Lanka,Data Science,2028,Matara,Company Website
3961,Candidate 3961,Female,20,University of Moratuwa,Computer Science,2028,Galle,Company Website
3962,Candidate 3962,Female,23,Wayamba University,Computer Science,2027,Kandy,Job Portal
3963,Candidate 3963,Male,21,University of Moratuwa,Software Engineering,2026,Kandy,Referral
3964,Candidate 3964,Female,20,University of Ruhuna,Human Resource Management,2028,Ampara,LinkedIn
3965,Candidate 3965,Male,21,University of Moratuwa,Software Engineering,2028,Matara,LinkedIn
3966,Candidate 3966,Female,24,University of Moratuwa,Information Technology,2026,Ampara,Job Portal
3967,Candidate 3967,Female,25,Wayamba University,Finance,2027,Jaffna,Job Portal
3968,Candidate 3968,Male,20,University of Kelaniya,Data Science,2028,Kurunegala,LinkedIn
3969,Candidate 3969,Male,20,University of Sri Jayewardenepura,Human Resource Management,2027,Jaffna,Company Website
3970,Candidate 3970,Male,26,University of Sri Jayewardenepura,Information Technology,2026,Galle,Referral
3971,Candidate 3971,Female,24,Wayamba University,Marketing,2027,Negombo,LinkedIn
3972,Candidate 3972,Female,26,Wayamba University,Business Management,2026,Matara,Company Website
3973,Candidate 3973,Male,26,Sabaragamuwa University,Marketing,2027,Negombo,LinkedIn
3974,Candidate 3974,Female,21,Wayamba University,Data Science,2026,Kandy,LinkedIn
3975,Candidate 3975,Female,25,University of Colombo,Marketing,2027,Galle,Company Website
3976,Candidate 3976,Female,22,University of Moratuwa,Marketing,2027,Jaffna,Job Portal
3977,Candidate 3977,Female,20,University of Moratuwa,Human Resource Management,2026,Kurunegala,Referral
3978,Candidate 3978,Female,21,University of Sri Jayewardenepura,Human Resource Management,2027,Ampara,Referral
3979,Candidate 3979,Female,24,Sabaragamuwa University,Marketing,2027,Anuradhapura,University Career Fair
3980,Candidate 3980,Female,24,University of Ruhuna,Data Science,2026,Kurunegala,Job Portal
3981,Candidate 3981,Female,25,South Eastern University of Sri Lanka,Information Technology,2026,Kurunegala,University Career Fair
3982,Candidate 3982,Male,22,University of Colombo,Marketing,2028,Galle,Email Campaign
3983,Candidate 3983,Female,22,University of Ruhuna,Finance,2026,Galle,Job Portal
3984,Candidate 3984,Male,26,University of Ruhuna,Data Science,2027,Ampara,Company Website
3985,Candidate 3985,Male,24,University of Sri Jayewardenepura,Finance,2028,Colombo,Company Website
3986,Candidate 3986,Male,22,University of Kelaniya,Data Science,2026,Galle,Company Website
3987,Candidate 3987,Female,23,South Eastern University of Sri Lanka,Computer Science,2026,Galle,Job Portal
3988,Candidate 3988,Female,23,Sabaragamuwa University,Computer Science,2027,Batticaloa,Email Campaign
3989,Candidate 3989,Female,26,University of Moratuwa,Finance,2026,Anuradhapura,Referral
3990,Candidate 3990,Male,23,University of Colombo,Software Engineering,2026,Negombo,University Career Fair
3991,Candidate 3991,Male,22,Sabaragamuwa University,Data Science,2026,Jaffna,University Career Fair
3992,Candidate 3992,Male,25,University of Colombo,Business Management,2027,Kandy,Company Website
3993,Candidate 3993,Female,23,University of Ruhuna,Human Resource Management,2026,Ampara,LinkedIn
3994,Candidate 3994,Male,25,University of Moratuwa,Marketing,2026,Colombo,LinkedIn
3995,Candidate 3995,Male,26,University of Moratuwa,Computer Science,2026,Anuradhapura,Referral
3996,Candidate 3996,Female,21,University of Ruhuna,Business Management,2028,Jaffna,LinkedIn
3997,Candidate 3997,Male,23,Sabaragamuwa University,Marketing,2026,Anuradhapura,LinkedIn
3998,Candidate 3998,Female,23,University of Peradeniya,Software Engineering,2027,Colombo,Job Portal
3999,Candidate 3999,Female,24,University of Kelaniya,Marketing,2028,Galle,LinkedIn
4000,Candidate 4000,Female,23,University of Kelaniya,Computer Science,2026,Jaffna,LinkedIn
4001,Candidate 4001,Female,26,University of Peradeniya,Software Engineering,2027,Colombo,Job Portal
4002,Candidate 4002,Male,20,University of Peradeniya,Finance,2027,Ampara,LinkedIn
4003,Candidate 4003,Female,26,Wayamba University,Computer Science,2028,Colombo,LinkedIn
4004,Candidate 4004,Male,22,University of Kelaniya,Information Technology,2026,Kurunegala,LinkedIn
4005,Candidate 4005,Male,20,South Eastern University of Sri Lanka,Marketing,2027,Anuradhapura,Referral
4006,Candidate 4006,Male,26,South Eastern University of Sri Lanka,Software Engineering,2028,Kandy,Referral
4007,Candidate 4007,Male,23,University of Kelaniya,Human Resource Management,2027,Batticaloa,University Career Fair
4008,Candidate 4008,Male,20,Uva Wellassa University,Computer Science,2026,Ampara,University Career Fair
4009,Candidate 4009,Female,23,University of Kelaniya,Human Resource Management,2026,Matara,Job Portal
4010,Candidate 4010,Female,24,University of Kelaniya,Computer Science,2026,Negombo,LinkedIn
4011,Candidate 4011,Female,26,University of Peradeniya,Marketing,2028,Anuradhapura,Company Website
4012,Candidate 4012,Male,23,University of Peradeniya,Marketing,2026,Kandy,Referral
4013,Candidate 4013,Female,23,Wayamba University,Marketing,2026,Kandy,Company Website
4014,Candidate 4014,Female,26,University of Ruhuna,Human Resource Management,2027,Negombo,Company Website
4015,Candidate 4015,Male,25,University of Sri Jayewardenepura,Data Science,2027,Kandy,University Career Fair
4016,Candidate 4016,Male,25,South Eastern University of Sri Lanka,Computer Science,2027,Anuradhapura,LinkedIn
4017,Candidate 4017,Male,22,South Eastern University of Sri Lanka,Information Technology,2028,Batticaloa,University Career Fair
4018,Candidate 4018,Female,25,University of Moratuwa,Finance,2026,Batticaloa,Email Campaign
4019,Candidate 4019,Male,24,Uva Wellassa University,Data Science,2027,Galle,Referral
4020,Candidate 4020,Male,20,Sabaragamuwa University,Human Resource Management,2027,Anuradhapura,LinkedIn
4021,Candidate 4021,Female,24,University of Kelaniya,Marketing,2027,Anuradhapura,University Career Fair
4022,Candidate 4022,Male,20,University of Sri Jayewardenepura,Computer Science,2026,Anuradhapura,Referral
4023,Candidate 4023,Male,26,Sabaragamuwa University,Data Science,2027,Ampara,University Career Fair
4024,Candidate 4024,Male,22,South Eastern University of Sri Lanka,Information Technology,2028,Batticaloa,Job Portal
4025,Candidate 4025,Male,21,South Eastern University of Sri Lanka,Data Science,2028,Batticaloa,Job Portal
4026,Candidate 4026,Female,20,University of Sri Jayewardenepura,Computer Science,2028,Matara,Job Portal
4027,Candidate 4027,Male,24,Uva Wellassa University,Human Resource Management,2026,Colombo,Company Website
4028,Candidate 4028,Male,24,University of Moratuwa,Human Resource Management,2027,Matara,University Career Fair
4029,Candidate 4029,Male,20,Wayamba University,Business Management,2026,Batticaloa,LinkedIn
4030,Candidate 4030,Female,25,Wayamba University,Marketing,2026,Colombo,Job Portal
4031,Candidate 4031,Male,20,Sabaragamuwa University,Information Technology,2026,Kandy,LinkedIn
4032,Candidate 4032,Male,25,University of Kelaniya,Data Science,2026,Kurunegala,Company Website
4033,Candidate 4033,Female,21,University of Colombo,Finance,2028,Matara,Job Portal
4034,Candidate 4034,Female,23,University of Peradeniya,Marketing,2026,Negombo,Company Website
4035,Candidate 4035,Female,20,University of Ruhuna,Finance,2028,Negombo,University Career Fair
4036,Candidate 4036,Female,23,Sabaragamuwa University,Marketing,2027,Colombo,Company Website
4037,Candidate 4037,Female,24,University of Sri Jayewardenepura,Software Engineering,2027,Kurunegala,LinkedIn
4038,Candidate 4038,Female,21,University of Moratuwa,Business Management,2026,Ampara,Company Website
4039,Candidate 4039,Female,21,Sabaragamuwa University,Software Engineering,2028,Galle,LinkedIn
4040,Candidate 4040,Male,24,University of Peradeniya,Business Management,2026,Negombo,Company Website
4041,Candidate 4041,Female,20,South Eastern University of Sri Lanka,Business Management,2027,Jaffna,University Career Fair
4042,Candidate 4042,Male,22,Sabaragamuwa University,Information Technology,2026,Batticaloa,LinkedIn
4043,Candidate 4043,Male,20,University of Peradeniya,Marketing,2028,Galle,University Career Fair
4044,Candidate 4044,Male,24,University of Colombo,Data Science,2027,Batticaloa,Company Website
4045,Candidate 4045,Male,25,University of Kelaniya,Human Resource Management,2027,Negombo,University Career Fair
4046,Candidate 4046,Male,21,South Eastern University of Sri Lanka,Business Management,2028,Anuradhapura,Company Website
4047,Candidate 4047,Female,23,University of Peradeniya,Data Science,2026,Kurunegala,Company Website
4048,Candidate 4048,Female,24,University of Peradeniya,Business Management,2027,Jaffna,Email Campaign
4049,Candidate 4049,Female,25,University of Ruhuna,Business Management,2028,Jaffna,Job Portal
4050,Candidate 4050,Male,21,University of Peradeniya,Human Resource Management,2028,Galle,Job Portal
4051,Candidate 4051,Female,23,South Eastern University of Sri Lanka,Data Science,2028,Galle,Referral
4052,Candidate 4052,Female,22,Uva Wellassa University,Data Science,2028,Matara,Company Website
4053,Candidate 4053,Female,20,University of Colombo,Computer Science,2028,Galle,LinkedIn
4054,Candidate 4054,Female,25,University of Colombo,Information Technology,2027,Ampara,Job Portal
4055,Candidate 4055,Female,20,Uva Wellassa University,Computer Science,2028,Batticaloa,Referral
4056,Candidate 4056,Male,23,University of Peradeniya,Marketing,2028,Jaffna,Company Website
4057,Candidate 4057,Male,21,South Eastern University of Sri Lanka,Marketing,2028,Jaffna,Referral
4058,Candidate 4058,Male,26,University of Colombo,Information Technology,2026,Colombo,Company Website
4059,Candidate 4059,Male,24,Uva Wellassa University,Software Engineering,2026,Anuradhapura,University Career Fair
4060,Candidate 4060,Male,25,University of Colombo,Business Management,2028,Colombo,LinkedIn
4061,Candidate 4061,Male,22,University of Kelaniya,Information Technology,2027,Anuradhapura,Job Portal
4062,Candidate 4062,Male,24,University of Colombo,Software Engineering,2026,Kurunegala,Company Website
4063,Candidate 4063,Female,23,University of Ruhuna,Information Technology,2026,Ampara,Referral
4064,Candidate 4064,Male,24,University of Peradeniya,Data Science,2026,Ampara,University Career Fair
4065,Candidate 4065,Female,26,Uva Wellassa University,Business Management,2027,Kurunegala,Job Portal
4066,Candidate 4066,Male,26,South Eastern University of Sri Lanka,Software Engineering,2026,Kandy,LinkedIn
4067,Candidate 4067,Female,25,Wayamba University,Software Engineering,2028,Jaffna,LinkedIn
4068,Candidate 4068,Female,23,University of Sri Jayewardenepura,Human Resource Management,2028,Anuradhapura,Referral
4069,Candidate 4069,Male,20,Wayamba University,Information Technology,2028,Kurunegala,LinkedIn
4070,Candidate 4070,Female,24,University of Sri Jayewardenepura,Human Resource Management,2027,Batticaloa,Company Website
4071,Candidate 4071,Male,23,Sabaragamuwa University,Marketing,2027,Kandy,University Career Fair
4072,Candidate 4072,Female,23,University of Moratuwa,Software Engineering,2027,Jaffna,University Career Fair
4073,Candidate 4073,Female,20,University of Peradeniya,Marketing,2028,Galle,University Career Fair
4074,Candidate 4074,Female,21,Uva Wellassa University,Data Science,2026,Ampara,University Career Fair
4075,Candidate 4075,Female,24,Wayamba University,Computer Science,2028,Jaffna,University Career Fair
4076,Candidate 4076,Female,20,University of Ruhuna,Finance,2026,Galle,Company Website
4077,Candidate 4077,Male,23,University of Kelaniya,Software Engineering,2027,Negombo,University Career Fair
4078,Candidate 4078,Male,22,South Eastern University of Sri Lanka,Human Resource Management,2027,Matara,LinkedIn
4079,Candidate 4079,Female,24,Sabaragamuwa University,Marketing,2027,Colombo,University Career Fair
4080,Candidate 4080,Male,24,South Eastern University of Sri Lanka,Computer Science,2027,Colombo,Job Portal
4081,Candidate 4081,Female,20,Sabaragamuwa University,Information Technology,2027,Batticaloa,University Career Fair
4082,Candidate 4082,Male,24,University of Peradeniya,Data Science,2028,Batticaloa,Job Portal
4083,Candidate 4083,Female,26,University of Peradeniya,Human Resource Management,2026,Kandy,Job Portal
4084,Candidate 4084,Female,24,University of Ruhuna,Computer Science,2026,Batticaloa,Job Portal
4085,Candidate 4085,Male,25,Uva Wellassa University,Data Science,2027,Kurunegala,Company Website
4086,Candidate 4086,Male,24,Sabaragamuwa University,Human Resource Management,2027,Matara,Email Campaign
4087,Candidate 4087,Male,25,University of Colombo,Data Science,2028,Jaffna,LinkedIn
4088,Candidate 4088,Male,25,University of Moratuwa,Finance,2028,Colombo,LinkedIn
4089,Candidate 4089,Female,26,University of Colombo,Human Resource Management,2027,Galle,Company Website
4090,Candidate 4090,Male,23,Uva Wellassa University,Finance,2026,Galle,LinkedIn
4091,Candidate 4091,Male,23,Uva Wellassa University,Software Engineering,2026,Anuradhapura,LinkedIn
4092,Candidate 4092,Male,20,University of Colombo,Human Resource Management,2028,Jaffna,LinkedIn
4093,Candidate 4093,Male,26,University of Kelaniya,Data Science,2027,Ampara,LinkedIn
4094,Candidate 4094,Female,22,University of Sri Jayewardenepura,Human Resource Management,2028,Kurunegala,Email Campaign
4095,Candidate 4095,Female,23,University of Peradeniya,Business Management,2027,Ampara,Job Portal
4096,Candidate 4096,Female,23,Sabaragamuwa University,Business Management,2026,Ampara,University Career Fair
4097,Candidate 4097,Female,26,University of Sri Jayewardenepura,Finance,2028,Kurunegala,Referral
4098,Candidate 4098,Female,21,University of Kelaniya,Finance,2028,Kandy,Referral
4099,Candidate 4099,Female,24,Wayamba University,Marketing,2027,Anuradhapura,LinkedIn
4100,Candidate 4100,Female,24,University of Sri Jayewardenepura,Business Management,2028,Jaffna,Company Website
4101,Candidate 4101,Female,25,Wayamba University,Marketing,2028,Galle,Job Portal
4102,Candidate 4102,Female,21,University of Ruhuna,Marketing,2027,Anuradhapura,Referral
4103,Candidate 4103,Male,20,Sabaragamuwa University,Human Resource Management,2027,Anuradhapura,University Career Fair
4104,Candidate 4104,Female,21,University of Moratuwa,Marketing,2028,Anuradhapura,LinkedIn
4105,Candidate 4105,Female,22,University of Sri Jayewardenepura,Marketing,2028,Batticaloa,Job Portal
4106,Candidate 4106,Male,22,University of Colombo,Business Management,2027,Colombo,Referral
4107,Candidate 4107,Male,24,University of Moratuwa,Business Management,2027,Matara,LinkedIn
4108,Candidate 4108,Male,20,Sabaragamuwa University,Software Engineering,2027,Galle,Job Portal
4109,Candidate 4109,Male,24,University of Colombo,Human Resource Management,2027,Jaffna,Job Portal
4110,Candidate 4110,Female,21,Uva Wellassa University,Finance,2027,Batticaloa,Company Website
4111,Candidate 4111,Male,21,Wayamba University,Computer Science,2026,Ampara,LinkedIn
4112,Candidate 4112,Female,20,South Eastern University of Sri Lanka,Computer Science,2028,Galle,Company Website
4113,Candidate 4113,Male,22,South Eastern University of Sri Lanka,Computer Science,2028,Galle,Email Campaign
4114,Candidate 4114,Male,22,University of Sri Jayewardenepura,Finance,2026,Kandy,LinkedIn
4115,Candidate 4115,Female,24,University of Kelaniya,Software Engineering,2026,Matara,Company Website
4116,Candidate 4116,Female,21,University of Peradeniya,Information Technology,2026,Galle,LinkedIn
4117,Candidate 4117,Female,24,University of Colombo,Business Management,2026,Ampara,Referral
4118,Candidate 4118,Female,26,University of Kelaniya,Data Science,2028,Ampara,Job Portal
4119,Candidate 4119,Female,21,South Eastern University of Sri Lanka,Information Technology,2028,Colombo,University Career Fair
4120,Candidate 4120,Female,21,Wayamba University,Software Engineering,2028,Batticaloa,Referral
4121,Candidate 4121,Female,20,University of Kelaniya,Marketing,2026,Negombo,Job Portal
4122,Candidate 4122,Male,24,University of Sri Jayewardenepura,Finance,2026,Kandy,University Career Fair
4123,Candidate 4123,Female,22,South Eastern University of Sri Lanka,Finance,2028,Jaffna,Company Website
4124,Candidate 4124,Male,26,University of Ruhuna,Data Science,2027,Galle,University Career Fair
4125,Candidate 4125,Male,23,Sabaragamuwa University,Software Engineering,2026,Matara,Referral
4126,Candidate 4126,Male,26,University of Moratuwa,Information Technology,2028,Batticaloa,Job Portal
4127,Candidate 4127,Female,23,University of Moratuwa,Marketing,2027,Kandy,LinkedIn
4128,Candidate 4128,Female,20,Wayamba University,Business Management,2028,Kandy,University Career Fair
4129,Candidate 4129,Female,23,University of Moratuwa,Computer Science,2028,Negombo,Job Portal
4130,Candidate 4130,Female,24,University of Sri Jayewardenepura,Information Technology,2028,Ampara,LinkedIn
4131,Candidate 4131,Male,24,Uva Wellassa University,Finance,2026,Ampara,Company Website
4132,Candidate 4132,Male,22,South Eastern University of Sri Lanka,Computer Science,2028,Batticaloa,Company Website
4133,Candidate 4133,Male,26,University of Moratuwa,Marketing,2027,Jaffna,Company Website
4134,Candidate 4134,Male,21,University of Sri Jayewardenepura,Business Management,2026,Anuradhapura,Job Portal
4135,Candidate 4135,Male,22,Wayamba University,Finance,2026,Kurunegala,Company Website
4136,Candidate 4136,Male,21,South Eastern University of Sri Lanka,Software Engineering,2027,Kurunegala,Referral
4137,Candidate 4137,Male,24,University of Moratuwa,Software Engineering,2026,Jaffna,Referral
4138,Candidate 4138,Female,22,South Eastern University of Sri Lanka,Human Resource Management,2027,Matara,LinkedIn
4139,Candidate 4139,Male,20,South Eastern University of Sri Lanka,Business Management,2028,Colombo,Company Website
4140,Candidate 4140,Female,21,University of Peradeniya,Software Engineering,2028,Kurunegala,LinkedIn
4141,Candidate 4141,Female,21,University of Peradeniya,Computer Science,2028,Galle,Company Website
4142,Candidate 4142,Female,23,University of Peradeniya,Information Technology,2027,Colombo,University Career Fair
4143,Candidate 4143,Male,25,Sabaragamuwa University,Data Science,2027,Batticaloa,Job Portal
4144,Candidate 4144,Female,21,University of Moratuwa,Information Technology,2027,Galle,Company Website
4145,Candidate 4145,Male,25,University of Colombo,Human Resource Management,2026,Negombo,LinkedIn
4146,Candidate 4146,Male,24,Wayamba University,Software Engineering,2027,Negombo,Job Portal
4147,Candidate 4147,Female,23,University of Sri Jayewardenepura,Human Resource Management,2027,Matara,LinkedIn
4148,Candidate 4148,Male,22,University of Moratuwa,Human Resource Management,2027,Colombo,University Career Fair
4149,Candidate 4149,Female,22,Uva Wellassa University,Information Technology,2027,Jaffna,LinkedIn
4150,Candidate 4150,Female,22,University of Colombo,Computer Science,2026,Colombo,LinkedIn
4151,Candidate 4151,Female,25,Wayamba University,Software Engineering,2028,Matara,Company Website
4152,Candidate 4152,Male,21,University of Kelaniya,Finance,2026,Galle,Company Website
4153,Candidate 4153,Female,23,University of Ruhuna,Computer Science,2026,Colombo,Referral
4154,Candidate 4154,Male,22,University of Ruhuna,Human Resource Management,2028,Batticaloa,Referral
4155,Candidate 4155,Male,24,University of Moratuwa,Software Engineering,2027,Anuradhapura,University Career Fair
4156,Candidate 4156,Male,20,University of Sri Jayewardenepura,Data Science,2027,Galle,LinkedIn
4157,Candidate 4157,Female,20,University of Sri Jayewardenepura,Software Engineering,2027,Ampara,LinkedIn
4158,Candidate 4158,Female,21,University of Moratuwa,Computer Science,2026,Jaffna,University Career Fair
4159,Candidate 4159,Male,22,University of Sri Jayewardenepura,Data Science,2026,Anuradhapura,Company Website
4160,Candidate 4160,Male,26,University of Ruhuna,Information Technology,2028,Ampara,LinkedIn
4161,Candidate 4161,Male,21,Wayamba University,Information Technology,2028,Matara,Email Campaign
4162,Candidate 4162,Female,24,University of Colombo,Human Resource Management,2028,Anuradhapura,Company Website
4163,Candidate 4163,Female,25,Sabaragamuwa University,Marketing,2027,Galle,LinkedIn
4164,Candidate 4164,Male,22,University of Moratuwa,Information Technology,2027,Kandy,Job Portal
4165,Candidate 4165,Female,20,Sabaragamuwa University,Information Technology,2027,Jaffna,Referral
4166,Candidate 4166,Female,26,University of Colombo,Finance,2026,Galle,LinkedIn
4167,Candidate 4167,Male,24,South Eastern University of Sri Lanka,Information Technology,2026,Negombo,Job Portal
4168,Candidate 4168,Female,26,University of Kelaniya,Finance,2027,Batticaloa,University Career Fair
4169,Candidate 4169,Female,21,Uva Wellassa University,Marketing,2027,Batticaloa,Referral
4170,Candidate 4170,Male,24,University of Moratuwa,Human Resource Management,2027,Matara,LinkedIn
4171,Candidate 4171,Female,23,University of Peradeniya,Marketing,2026,Ampara,LinkedIn
4172,Candidate 4172,Female,23,University of Peradeniya,Data Science,2028,Ampara,Job Portal
4173,Candidate 4173,Female,26,Sabaragamuwa University,Software Engineering,2026,Batticaloa,Referral
4174,Candidate 4174,Male,23,University of Peradeniya,Software Engineering,2028,Anuradhapura,University Career Fair
4175,Candidate 4175,Female,26,University of Colombo,Data Science,2028,Galle,LinkedIn
4176,Candidate 4176,Female,25,University of Ruhuna,Information Technology,2027,Kurunegala,Job Portal
4177,Candidate 4177,Female,21,Sabaragamuwa University,Marketing,2026,Jaffna,LinkedIn
4178,Candidate 4178,Male,20,Sabaragamuwa University,Marketing,2026,Kurunegala,LinkedIn
4179,Candidate 4179,Male,22,University of Moratuwa,Business Management,2028,Jaffna,LinkedIn
4180,Candidate 4180,Female,24,University of Ruhuna,Software Engineering,2027,Kurunegala,University Career Fair
4181,Candidate 4181,Female,23,South Eastern University of Sri Lanka,Marketing,2028,Negombo,Referral
4182,Candidate 4182,Female,20,University of Sri Jayewardenepura,Marketing,2028,Anuradhapura,Job Portal
4183,Candidate 4183,Male,20,University of Colombo,Business Management,2028,Jaffna,University Career Fair
4184,Candidate 4184,Male,23,University of Sri Jayewardenepura,Information Technology,2027,Negombo,Email Campaign
4185,Candidate 4185,Male,26,Uva Wellassa University,Information Technology,2028,Galle,University Career Fair
4186,Candidate 4186,Male,23,South Eastern University of Sri Lanka,Software Engineering,2027,Kandy,LinkedIn
4187,Candidate 4187,Female,20,University of Ruhuna,Data Science,2028,Kandy,LinkedIn
4188,Candidate 4188,Female,21,University of Moratuwa,Data Science,2027,Matara,LinkedIn
4189,Candidate 4189,Male,20,University of Peradeniya,Information Technology,2027,Negombo,Job Portal
4190,Candidate 4190,Female,25,University of Colombo,Human Resource Management,2027,Matara,University Career Fair
4191,Candidate 4191,Female,26,Uva Wellassa University,Human Resource Management,2027,Negombo,Company Website
4192,Candidate 4192,Male,22,University of Moratuwa,Data Science,2026,Matara,LinkedIn
4193,Candidate 4193,Female,24,University of Ruhuna,Finance,2027,Batticaloa,University Career Fair
4194,Candidate 4194,Male,24,Uva Wellassa University,Information Technology,2026,Ampara,LinkedIn
4195,Candidate 4195,Male,25,South Eastern University of Sri Lanka,Marketing,2026,Kandy,Email Campaign
4196,Candidate 4196,Male,26,University of Peradeniya,Data Science,2028,Matara,Email Campaign
4197,Candidate 4197,Female,26,South Eastern University of Sri Lanka,Human Resource Management,2026,Ampara,LinkedIn
4198,Candidate 4198,Female,24,University of Ruhuna,Software Engineering,2027,Anuradhapura,University Career Fair
4199,Candidate 4199,Male,24,University of Sri Jayewardenepura,Computer Science,2027,Anuradhapura,Email Campaign
4200,Candidate 4200,Male,25,University of Colombo,Information Technology,2026,Colombo,University Career Fair
4201,Candidate 4201,Female,23,South Eastern University of Sri Lanka,Software Engineering,2028,Galle,LinkedIn
4202,Candidate 4202,Male,26,University of Sri Jayewardenepura,Marketing,2026,Jaffna,LinkedIn
4203,Candidate 4203,Female,22,Uva Wellassa University,Computer Science,2026,Kurunegala,Company Website
4204,Candidate 4204,Male,21,Sabaragamuwa University,Data Science,2028,Batticaloa,Company Website
4205,Candidate 4205,Female,24,South Eastern University of Sri Lanka,Software Engineering,2027,Ampara,Job Portal
4206,Candidate 4206,Male,25,Uva Wellassa University,Information Technology,2026,Matara,Job Portal
4207,Candidate 4207,Male,24,University of Moratuwa,Data Science,2027,Batticaloa,LinkedIn
4208,Candidate 4208,Female,20,Uva Wellassa University,Data Science,2027,Anuradhapura,Job Portal
4209,Candidate 4209,Male,25,University of Kelaniya,Human Resource Management,2027,Galle,Job Portal
4210,Candidate 4210,Male,26,University of Moratuwa,Software Engineering,2027,Colombo,LinkedIn
4211,Candidate 4211,Female,21,Uva Wellassa University,Business Management,2027,Kurunegala,LinkedIn
4212,Candidate 4212,Male,25,Wayamba University,Business Management,2027,Jaffna,LinkedIn
4213,Candidate 4213,Female,21,University of Colombo,Software Engineering,2026,Matara,Company Website
4214,Candidate 4214,Female,26,Uva Wellassa University,Computer Science,2028,Negombo,University Career Fair
4215,Candidate 4215,Female,22,Uva Wellassa University,Human Resource Management,2026,Kurunegala,Job Portal
4216,Candidate 4216,Male,24,Uva Wellassa University,Data Science,2028,Kandy,University Career Fair
4217,Candidate 4217,Male,22,University of Peradeniya,Marketing,2027,Anuradhapura,LinkedIn
4218,Candidate 4218,Male,21,Uva Wellassa University,Human Resource Management,2026,Ampara,University Career Fair
4219,Candidate 4219,Female,25,University of Moratuwa,Information Technology,2027,Jaffna,Company Website
4220,Candidate 4220,Male,25,University of Moratuwa,Business Management,2026,Galle,Company Website
4221,Candidate 4221,Female,20,Uva Wellassa University,Software Engineering,2026,Ampara,Company Website
4222,Candidate 4222,Male,21,University of Sri Jayewardenepura,Marketing,2027,Kurunegala,Job Portal
4223,Candidate 4223,Male,24,University of Peradeniya,Business Management,2027,Kurunegala,LinkedIn
4224,Candidate 4224,Female,21,University of Colombo,Data Science,2028,Kurunegala,LinkedIn
4225,Candidate 4225,Female,20,Uva Wellassa University,Business Management,2027,Ampara,Referral
4226,Candidate 4226,Male,20,Wayamba University,Marketing,2028,Kandy,Email Campaign
4227,Candidate 4227,Female,22,University of Colombo,Business Management,2026,Kurunegala,University Career Fair
4228,Candidate 4228,Male,24,Wayamba University,Information Technology,2026,Matara,LinkedIn
4229,Candidate 4229,Female,26,University of Moratuwa,Business Management,2027,Kandy,Company Website
4230,Candidate 4230,Male,24,University of Moratuwa,Marketing,2026,Kandy,LinkedIn
4231,Candidate 4231,Male,22,University of Ruhuna,Finance,2028,Kurunegala,LinkedIn
4232,Candidate 4232,Male,20,University of Moratuwa,Software Engineering,2027,Ampara,Company Website
4233,Candidate 4233,Female,24,University of Ruhuna,Data Science,2026,Negombo,Referral
4234,Candidate 4234,Male,24,University of Ruhuna,Information Technology,2028,Kurunegala,LinkedIn
4235,Candidate 4235,Male,25,Wayamba University,Software Engineering,2028,Colombo,Job Portal
4236,Candidate 4236,Male,26,University of Kelaniya,Data Science,2027,Galle,Referral
4237,Candidate 4237,Female,23,University of Moratuwa,Software Engineering,2027,Ampara,LinkedIn
4238,Candidate 4238,Female,25,Wayamba University,Software Engineering,2026,Kurunegala,LinkedIn
4239,Candidate 4239,Female,20,Wayamba University,Marketing,2027,Negombo,Referral
4240,Candidate 4240,Male,24,University of Ruhuna,Finance,2027,Galle,Referral
4241,Candidate 4241,Male,23,Uva Wellassa University,Data Science,2028,Batticaloa,Referral
4242,Candidate 4242,Female,22,University of Sri Jayewardenepura,Finance,2026,Negombo,Job Portal
4243,Candidate 4243,Male,26,Wayamba University,Finance,2028,Kurunegala,Job Portal
4244,Candidate 4244,Female,26,University of Colombo,Software Engineering,2028,Ampara,Job Portal
4245,Candidate 4245,Female,22,South Eastern University of Sri Lanka,Software Engineering,2027,Negombo,LinkedIn
4246,Candidate 4246,Female,23,South Eastern University of Sri Lanka,Computer Science,2027,Matara,LinkedIn
4247,Candidate 4247,Male,20,University of Colombo,Finance,2027,Galle,Company Website
4248,Candidate 4248,Female,21,University of Kelaniya,Business Management,2028,Negombo,Company Website
4249,Candidate 4249,Female,24,University of Ruhuna,Marketing,2027,Negombo,University Career Fair
4250,Candidate 4250,Female,23,University of Colombo,Marketing,2028,Kandy,University Career Fair
4251,Candidate 4251,Male,26,University of Ruhuna,Computer Science,2026,Kurunegala,Company Website
4252,Candidate 4252,Male,20,University of Colombo,Software Engineering,2028,Kurunegala,Job Portal
4253,Candidate 4253,Female,20,South Eastern University of Sri Lanka,Marketing,2027,Batticaloa,University Career Fair
4254,Candidate 4254,Female,20,South Eastern University of Sri Lanka,Information Technology,2028,Anuradhapura,University Career Fair
4255,Candidate 4255,Male,25,University of Peradeniya,Marketing,2027,Kurunegala,Referral
4256,Candidate 4256,Male,21,University of Kelaniya,Software Engineering,2027,Negombo,Job Portal
4257,Candidate 4257,Female,24,Wayamba University,Finance,2026,Kurunegala,Referral
4258,Candidate 4258,Male,25,South Eastern University of Sri Lanka,Marketing,2027,Negombo,Job Portal
4259,Candidate 4259,Male,23,South Eastern University of Sri Lanka,Business Management,2026,Galle,Job Portal
4260,Candidate 4260,Female,21,Wayamba University,Marketing,2026,Matara,Job Portal
4261,Candidate 4261,Male,22,Sabaragamuwa University,Information Technology,2027,Colombo,Job Portal
4262,Candidate 4262,Female,20,University of Sri Jayewardenepura,Finance,2028,Matara,University Career Fair
4263,Candidate 4263,Male,26,University of Ruhuna,Business Management,2028,Kandy,Company Website
4264,Candidate 4264,Male,24,University of Kelaniya,Software Engineering,2028,Ampara,Job Portal
4265,Candidate 4265,Male,25,University of Ruhuna,Software Engineering,2027,Anuradhapura,Referral
4266,Candidate 4266,Male,25,University of Peradeniya,Computer Science,2026,Galle,University Career Fair
4267,Candidate 4267,Female,24,South Eastern University of Sri Lanka,Information Technology,2028,Jaffna,LinkedIn
4268,Candidate 4268,Female,25,Wayamba University,Finance,2026,Matara,University Career Fair
4269,Candidate 4269,Female,26,Sabaragamuwa University,Computer Science,2026,Ampara,Referral
4270,Candidate 4270,Male,20,University of Sri Jayewardenepura,Marketing,2026,Kurunegala,Referral
4271,Candidate 4271,Female,21,Uva Wellassa University,Business Management,2027,Anuradhapura,Job Portal
4272,Candidate 4272,Female,25,University of Sri Jayewardenepura,Software Engineering,2026,Anuradhapura,LinkedIn
4273,Candidate 4273,Male,21,University of Sri Jayewardenepura,Finance,2027,Ampara,LinkedIn
4274,Candidate 4274,Male,23,University of Sri Jayewardenepura,Information Technology,2027,Kurunegala,Referral
4275,Candidate 4275,Female,23,Sabaragamuwa University,Marketing,2026,Ampara,Job Portal
4276,Candidate 4276,Female,21,University of Ruhuna,Human Resource Management,2028,Batticaloa,Company Website
4277,Candidate 4277,Female,26,Sabaragamuwa University,Business Management,2027,Batticaloa,Company Website
4278,Candidate 4278,Female,25,University of Sri Jayewardenepura,Business Management,2028,Batticaloa,LinkedIn
4279,Candidate 4279,Female,26,University of Sri Jayewardenepura,Human Resource Management,2028,Matara,Job Portal
4280,Candidate 4280,Male,26,University of Sri Jayewardenepura,Human Resource Management,2027,Matara,University Career Fair
4281,Candidate 4281,Female,22,University of Colombo,Business Management,2026,Colombo,Email Campaign
4282,Candidate 4282,Female,23,Sabaragamuwa University,Finance,2026,Kurunegala,Company Website
4283,Candidate 4283,Female,21,University of Kelaniya,Information Technology,2026,Batticaloa,Job Portal
4284,Candidate 4284,Male,25,University of Sri Jayewardenepura,Computer Science,2028,Negombo,LinkedIn
4285,Candidate 4285,Male,25,University of Colombo,Business Management,2028,Colombo,Job Portal
4286,Candidate 4286,Female,23,South Eastern University of Sri Lanka,Data Science,2026,Kurunegala,Company Website
4287,Candidate 4287,Female,21,Wayamba University,Finance,2028,Ampara,Referral
4288,Candidate 4288,Female,21,University of Sri Jayewardenepura,Data Science,2027,Ampara,Email Campaign
4289,Candidate 4289,Male,26,University of Colombo,Business Management,2027,Colombo,Job Portal
4290,Candidate 4290,Male,20,University of Colombo,Software Engineering,2027,Negombo,Email Campaign
4291,Candidate 4291,Female,26,University of Ruhuna,Information Technology,2026,Negombo,Company Website
4292,Candidate 4292,Female,26,South Eastern University of Sri Lanka,Information Technology,2026,Anuradhapura,LinkedIn
4293,Candidate 4293,Female,24,University of Sri Jayewardenepura,Human Resource Management,2027,Ampara,University Career Fair
4294,Candidate 4294,Female,25,University of Kelaniya,Human Resource Management,2027,Ampara,Job Portal
4295,Candidate 4295,Female,24,Sabaragamuwa University,Computer Science,2027,Matara,Company Website
4296,Candidate 4296,Female,23,University of Ruhuna,Data Science,2028,Negombo,LinkedIn
4297,Candidate 4297,Female,25,University of Moratuwa,Finance,2027,Batticaloa,Email Campaign
4298,Candidate 4298,Female,20,Wayamba University,Information Technology,2027,Galle,Company Website
4299,Candidate 4299,Male,20,University of Moratuwa,Data Science,2027,Ampara,Job Portal
4300,Candidate 4300,Male,22,University of Kelaniya,Human Resource Management,2028,Jaffna,Company Website
4301,Candidate 4301,Female,21,University of Moratuwa,Information Technology,2027,Colombo,Referral
4302,Candidate 4302,Male,20,Wayamba University,Marketing,2027,Colombo,Referral
4303,Candidate 4303,Female,23,University of Sri Jayewardenepura,Software Engineering,2028,Negombo,Job Portal
4304,Candidate 4304,Female,23,Wayamba University,Finance,2026,Kurunegala,University Career Fair
4305,Candidate 4305,Female,26,University of Moratuwa,Computer Science,2026,Batticaloa,Company Website
4306,Candidate 4306,Female,20,University of Colombo,Data Science,2028,Jaffna,Job Portal
4307,Candidate 4307,Female,25,University of Sri Jayewardenepura,Finance,2026,Anuradhapura,Job Portal
4308,Candidate 4308,Female,23,University of Kelaniya,Human Resource Management,2027,Kurunegala,LinkedIn
4309,Candidate 4309,Male,21,South Eastern University of Sri Lanka,Information Technology,2028,Jaffna,LinkedIn
4310,Candidate 4310,Female,24,South Eastern University of Sri Lanka,Software Engineering,2027,Ampara,Job Portal
4311,Candidate 4311,Male,22,University of Sri Jayewardenepura,Finance,2028,Galle,Company Website
4312,Candidate 4312,Female,24,Uva Wellassa University,Finance,2027,Negombo,Job Portal
4313,Candidate 4313,Male,26,Uva Wellassa University,Business Management,2028,Kandy,Job Portal
4314,Candidate 4314,Female,22,South Eastern University of Sri Lanka,Information Technology,2027,Matara,Referral
4315,Candidate 4315,Male,21,Wayamba University,Software Engineering,2026,Negombo,LinkedIn
4316,Candidate 4316,Male,24,University of Colombo,Computer Science,2026,Anuradhapura,LinkedIn
4317,Candidate 4317,Female,26,University of Ruhuna,Software Engineering,2027,Galle,Company Website
4318,Candidate 4318,Male,22,University of Moratuwa,Information Technology,2028,Negombo,Job Portal
4319,Candidate 4319,Female,25,University of Sri Jayewardenepura,Computer Science,2028,Kandy,LinkedIn
4320,Candidate 4320,Female,21,Sabaragamuwa University,Software Engineering,2027,Kandy,Email Campaign
4321,Candidate 4321,Female,25,University of Ruhuna,Information Technology,2026,Jaffna,LinkedIn
4322,Candidate 4322,Female,22,University of Sri Jayewardenepura,Computer Science,2026,Batticaloa,LinkedIn
4323,Candidate 4323,Male,20,University of Kelaniya,Business Management,2026,Matara,University Career Fair
4324,Candidate 4324,Male,25,University of Peradeniya,Computer Science,2028,Ampara,Referral
4325,Candidate 4325,Female,25,South Eastern University of Sri Lanka,Finance,2027,Ampara,Company Website
4326,Candidate 4326,Female,21,University of Kelaniya,Finance,2027,Kandy,Job Portal
4327,Candidate 4327,Male,24,Uva Wellassa University,Information Technology,2026,Ampara,Job Portal
4328,Candidate 4328,Female,22,University of Moratuwa,Computer Science,2027,Kurunegala,Company Website
4329,Candidate 4329,Male,20,University of Ruhuna,Information Technology,2028,Ampara,Email Campaign
4330,Candidate 4330,Female,25,Uva Wellassa University,Information Technology,2026,Colombo,Job Portal
4331,Candidate 4331,Male,21,University of Kelaniya,Data Science,2028,Kandy,University Career Fair
4332,Candidate 4332,Male,23,Wayamba University,Data Science,2026,Kandy,Company Website
4333,Candidate 4333,Female,22,University of Ruhuna,Data Science,2028,Ampara,Job Portal
4334,Candidate 4334,Female,21,University of Colombo,Software Engineering,2028,Kurunegala,University Career Fair
4335,Candidate 4335,Male,25,University of Colombo,Computer Science,2027,Negombo,LinkedIn
4336,Candidate 4336,Female,23,University of Moratuwa,Data Science,2028,Matara,LinkedIn
4337,Candidate 4337,Male,21,University of Moratuwa,Computer Science,2026,Matara,Job Portal
4338,Candidate 4338,Female,24,South Eastern University of Sri Lanka,Human Resource Management,2028,Galle,Referral
4339,Candidate 4339,Male,24,Sabaragamuwa University,Information Technology,2026,Negombo,Referral
4340,Candidate 4340,Female,22,University of Moratuwa,Computer Science,2027,Anuradhapura,Job Portal
4341,Candidate 4341,Male,25,University of Moratuwa,Marketing,2026,Ampara,LinkedIn
4342,Candidate 4342,Male,21,University of Moratuwa,Business Management,2026,Ampara,Job Portal
4343,Candidate 4343,Female,23,University of Kelaniya,Human Resource Management,2027,Negombo,Email Campaign
4344,Candidate 4344,Male,25,Uva Wellassa University,Computer Science,2027,Kandy,Company Website
4345,Candidate 4345,Female,23,University of Ruhuna,Business Management,2026,Colombo,LinkedIn
4346,Candidate 4346,Female,22,South Eastern University of Sri Lanka,Marketing,2026,Jaffna,University Career Fair
4347,Candidate 4347,Female,24,Wayamba University,Human Resource Management,2028,Ampara,Referral
4348,Candidate 4348,Male,20,University of Sri Jayewardenepura,Marketing,2028,Colombo,University Career Fair
4349,Candidate 4349,Male,21,Uva Wellassa University,Computer Science,2026,Kandy,Job Portal
4350,Candidate 4350,Male,24,University of Ruhuna,Computer Science,2027,Matara,Job Portal
4351,Candidate 4351,Female,25,Sabaragamuwa University,Information Technology,2028,Negombo,LinkedIn
4352,Candidate 4352,Male,21,South Eastern University of Sri Lanka,Information Technology,2028,Kurunegala,Job Portal
4353,Candidate 4353,Female,25,University of Sri Jayewardenepura,Data Science,2028,Negombo,Referral
4354,Candidate 4354,Male,24,University of Peradeniya,Business Management,2027,Negombo,Company Website
4355,Candidate 4355,Female,21,University of Kelaniya,Human Resource Management,2026,Anuradhapura,LinkedIn
4356,Candidate 4356,Female,20,University of Ruhuna,Human Resource Management,2026,Colombo,Job Portal
4357,Candidate 4357,Female,25,University of Sri Jayewardenepura,Data Science,2028,Ampara,University Career Fair
4358,Candidate 4358,Female,26,Wayamba University,Marketing,2028,Anuradhapura,Company Website
4359,Candidate 4359,Female,26,South Eastern University of Sri Lanka,Marketing,2028,Galle,Company Website
4360,Candidate 4360,Male,22,Wayamba University,Data Science,2026,Anuradhapura,Job Portal
4361,Candidate 4361,Male,26,University of Peradeniya,Software Engineering,2026,Jaffna,Referral
4362,Candidate 4362,Male,23,Wayamba University,Finance,2027,Anuradhapura,Company Website
4363,Candidate 4363,Female,23,University of Ruhuna,Human Resource Management,2028,Colombo,Company Website
4364,Candidate 4364,Female,22,South Eastern University of Sri Lanka,Software Engineering,2027,Kurunegala,Company Website
4365,Candidate 4365,Female,26,Uva Wellassa University,Human Resource Management,2027,Galle,LinkedIn
4366,Candidate 4366,Female,25,University of Sri Jayewardenepura,Information Technology,2027,Batticaloa,Job Portal
4367,Candidate 4367,Female,24,University of Moratuwa,Human Resource Management,2027,Anuradhapura,Company Website
4368,Candidate 4368,Female,20,University of Peradeniya,Business Management,2028,Ampara,Company Website
4369,Candidate 4369,Male,23,Sabaragamuwa University,Finance,2026,Kandy,Job Portal
4370,Candidate 4370,Female,23,University of Kelaniya,Finance,2026,Kurunegala,Company Website
4371,Candidate 4371,Female,26,South Eastern University of Sri Lanka,Information Technology,2027,Ampara,Referral
4372,Candidate 4372,Male,24,University of Ruhuna,Human Resource Management,2028,Negombo,University Career Fair
4373,Candidate 4373,Male,26,University of Colombo,Software Engineering,2027,Anuradhapura,Job Portal
4374,Candidate 4374,Male,26,University of Peradeniya,Marketing,2026,Colombo,LinkedIn
4375,Candidate 4375,Female,24,Sabaragamuwa University,Data Science,2026,Kurunegala,LinkedIn
4376,Candidate 4376,Female,26,Wayamba University,Software Engineering,2027,Negombo,LinkedIn
4377,Candidate 4377,Female,23,Wayamba University,Computer Science,2028,Anuradhapura,Job Portal
4378,Candidate 4378,Female,25,University of Colombo,Information Technology,2028,Anuradhapura,Email Campaign
4379,Candidate 4379,Female,20,University of Sri Jayewardenepura,Software Engineering,2027,Anuradhapura,LinkedIn
4380,Candidate 4380,Female,26,University of Sri Jayewardenepura,Human Resource Management,2028,Jaffna,Referral
4381,Candidate 4381,Female,23,Sabaragamuwa University,Information Technology,2027,Batticaloa,Referral
4382,Candidate 4382,Female,20,South Eastern University of Sri Lanka,Software Engineering,2028,Galle,Job Portal
4383,Candidate 4383,Male,24,University of Ruhuna,Human Resource Management,2027,Ampara,Company Website
4384,Candidate 4384,Male,23,University of Moratuwa,Computer Science,2028,Batticaloa,Company Website
4385,Candidate 4385,Female,25,University of Kelaniya,Information Technology,2026,Negombo,Company Website
4386,Candidate 4386,Female,23,Sabaragamuwa University,Data Science,2028,Batticaloa,Company Website
4387,Candidate 4387,Male,20,South Eastern University of Sri Lanka,Finance,2028,Jaffna,Company Website
4388,Candidate 4388,Male,25,Sabaragamuwa University,Human Resource Management,2027,Batticaloa,University Career Fair
4389,Candidate 4389,Male,21,University of Ruhuna,Data Science,2027,Kurunegala,LinkedIn
4390,Candidate 4390,Female,23,Sabaragamuwa University,Business Management,2027,Ampara,LinkedIn
4391,Candidate 4391,Male,26,Sabaragamuwa University,Finance,2026,Negombo,Company Website
4392,Candidate 4392,Male,24,Wayamba University,Information Technology,2027,Matara,Referral
4393,Candidate 4393,Male,21,Uva Wellassa University,Business Management,2027,Kandy,Job Portal
4394,Candidate 4394,Male,22,University of Sri Jayewardenepura,Information Technology,2027,Kurunegala,Company Website
4395,Candidate 4395,Male,24,University of Sri Jayewardenepura,Finance,2028,Negombo,University Career Fair
4396,Candidate 4396,Female,23,University of Ruhuna,Finance,2027,Batticaloa,Company Website
4397,Candidate 4397,Male,23,University of Colombo,Finance,2027,Kurunegala,Company Website
4398,Candidate 4398,Female,25,University of Sri Jayewardenepura,Business Management,2026,Ampara,University Career Fair
4399,Candidate 4399,Female,20,South Eastern University of Sri Lanka,Marketing,2028,Galle,Email Campaign
4400,Candidate 4400,Male,26,Uva Wellassa University,Business Management,2028,Colombo,University Career Fair
4401,Candidate 4401,Male,22,University of Peradeniya,Finance,2026,Batticaloa,Company Website
4402,Candidate 4402,Female,20,University of Colombo,Computer Science,2026,Kandy,Job Portal
4403,Candidate 4403,Female,23,Sabaragamuwa University,Software Engineering,2027,Negombo,Email Campaign
4404,Candidate 4404,Male,25,University of Peradeniya,Business Management,2028,Anuradhapura,University Career Fair
4405,Candidate 4405,Male,22,South Eastern University of Sri Lanka,Human Resource Management,2028,Batticaloa,University Career Fair
4406,Candidate 4406,Male,21,South Eastern University of Sri Lanka,Business Management,2028,Matara,Referral
4407,Candidate 4407,Female,24,South Eastern University of Sri Lanka,Finance,2027,Jaffna,Company Website
4408,Candidate 4408,Female,21,University of Sri Jayewardenepura,Data Science,2028,Batticaloa,Email Campaign
4409,Candidate 4409,Female,24,University of Colombo,Finance,2027,Negombo,Referral
4410,Candidate 4410,Female,22,Wayamba University,Information Technology,2028,Ampara,University Career Fair
4411,Candidate 4411,Male,26,Wayamba University,Business Management,2028,Kandy,Job Portal
4412,Candidate 4412,Female,21,University of Sri Jayewardenepura,Software Engineering,2028,Kurunegala,University Career Fair
4413,Candidate 4413,Female,20,Sabaragamuwa University,Information Technology,2027,Ampara,Job Portal
4414,Candidate 4414,Female,25,University of Peradeniya,Business Management,2028,Matara,Company Website
4415,Candidate 4415,Female,25,University of Sri Jayewardenepura,Business Management,2026,Anuradhapura,Referral
4416,Candidate 4416,Female,24,South Eastern University of Sri Lanka,Computer Science,2028,Jaffna,University Career Fair
4417,Candidate 4417,Female,22,University of Ruhuna,Computer Science,2026,Matara,LinkedIn
4418,Candidate 4418,Female,20,University of Colombo,Information Technology,2027,Batticaloa,Company Website
4419,Candidate 4419,Male,25,University of Colombo,Information Technology,2027,Colombo,Job Portal
4420,Candidate 4420,Female,24,University of Kelaniya,Computer Science,2027,Anuradhapura,University Career Fair
4421,Candidate 4421,Male,24,South Eastern University of Sri Lanka,Finance,2028,Kandy,Referral
4422,Candidate 4422,Male,20,South Eastern University of Sri Lanka,Software Engineering,2028,Anuradhapura,Job Portal
4423,Candidate 4423,Female,23,University of Ruhuna,Software Engineering,2027,Jaffna,Job Portal
4424,Candidate 4424,Female,21,South Eastern University of Sri Lanka,Finance,2028,Anuradhapura,Company Website
4425,Candidate 4425,Male,23,University of Colombo,Human Resource Management,2026,Galle,University Career Fair
4426,Candidate 4426,Male,22,University of Peradeniya,Software Engineering,2026,Batticaloa,Job Portal
4427,Candidate 4427,Male,24,University of Colombo,Information Technology,2027,Jaffna,LinkedIn
4428,Candidate 4428,Female,26,University of Kelaniya,Data Science,2027,Kurunegala,Email Campaign
4429,Candidate 4429,Male,23,University of Ruhuna,Software Engineering,2027,Matara,Company Website
4430,Candidate 4430,Female,23,University of Peradeniya,Business Management,2028,Colombo,LinkedIn
4431,Candidate 4431,Male,25,University of Colombo,Human Resource Management,2028,Jaffna,Job Portal
4432,Candidate 4432,Female,26,South Eastern University of Sri Lanka,Data Science,2027,Colombo,University Career Fair
4433,Candidate 4433,Female,21,University of Ruhuna,Software Engineering,2028,Matara,Job Portal
4434,Candidate 4434,Female,25,University of Peradeniya,Data Science,2028,Anuradhapura,Referral
4435,Candidate 4435,Male,20,University of Moratuwa,Data Science,2026,Galle,LinkedIn
4436,Candidate 4436,Male,22,University of Moratuwa,Marketing,2026,Kandy,Company Website
4437,Candidate 4437,Male,26,South Eastern University of Sri Lanka,Business Management,2027,Batticaloa,University Career Fair
4438,Candidate 4438,Female,25,University of Kelaniya,Marketing,2027,Jaffna,LinkedIn
4439,Candidate 4439,Female,22,University of Kelaniya,Information Technology,2026,Anuradhapura,LinkedIn
4440,Candidate 4440,Female,20,University of Sri Jayewardenepura,Marketing,2027,Jaffna,University Career Fair
4441,Candidate 4441,Male,25,South Eastern University of Sri Lanka,Data Science,2026,Jaffna,Company Website
4442,Candidate 4442,Male,25,Uva Wellassa University,Software Engineering,2027,Ampara,University Career Fair
4443,Candidate 4443,Male,24,University of Kelaniya,Human Resource Management,2026,Kurunegala,Referral
4444,Candidate 4444,Male,21,University of Colombo,Information Technology,2027,Anuradhapura,LinkedIn
4445,Candidate 4445,Male,22,University of Kelaniya,Computer Science,2026,Kandy,LinkedIn
4446,Candidate 4446,Male,24,University of Sri Jayewardenepura,Marketing,2026,Jaffna,LinkedIn
4447,Candidate 4447,Female,26,University of Ruhuna,Business Management,2027,Matara,LinkedIn
4448,Candidate 4448,Male,23,Sabaragamuwa University,Marketing,2026,Anuradhapura,LinkedIn
4449,Candidate 4449,Female,23,University of Moratuwa,Finance,2026,Matara,University Career Fair
4450,Candidate 4450,Female,25,University of Peradeniya,Marketing,2026,Kandy,University Career Fair
4451,Candidate 4451,Male,22,Wayamba University,Marketing,2028,Colombo,Company Website
4452,Candidate 4452,Male,24,University of Ruhuna,Software Engineering,2026,Jaffna,Job Portal
4453,Candidate 4453,Male,23,University of Kelaniya,Finance,2027,Kurunegala,Company Website
4454,Candidate 4454,Female,22,University of Peradeniya,Information Technology,2027,Colombo,Referral
4455,Candidate 4455,Male,24,University of Colombo,Marketing,2027,Negombo,LinkedIn
4456,Candidate 4456,Female,25,University of Colombo,Software Engineering,2027,Galle,Referral
4457,Candidate 4457,Male,25,Uva Wellassa University,Human Resource Management,2028,Colombo,LinkedIn
4458,Candidate 4458,Male,25,South Eastern University of Sri Lanka,Information Technology,2026,Ampara,Email Campaign
4459,Candidate 4459,Male,24,University of Ruhuna,Human Resource Management,2026,Matara,Referral
4460,Candidate 4460,Male,22,University of Sri Jayewardenepura,Information Technology,2028,Jaffna,Company Website
4461,Candidate 4461,Female,25,University of Moratuwa,Finance,2026,Ampara,Job Portal
4462,Candidate 4462,Male,21,University of Peradeniya,Marketing,2028,Colombo,Company Website
4463,Candidate 4463,Female,22,University of Kelaniya,Computer Science,2026,Negombo,LinkedIn
4464,Candidate 4464,Female,24,University of Sri Jayewardenepura,Business Management,2026,Negombo,Company Website
4465,Candidate 4465,Male,23,South Eastern University of Sri Lanka,Human Resource Management,2026,Batticaloa,Job Portal
4466,Candidate 4466,Female,22,South Eastern University of Sri Lanka,Business Management,2027,Negombo,LinkedIn
4467,Candidate 4467,Female,20,University of Colombo,Data Science,2028,Kandy,Referral
4468,Candidate 4468,Male,21,Wayamba University,Software Engineering,2026,Kandy,Company Website
4469,Candidate 4469,Female,24,Uva Wellassa University,Human Resource Management,2028,Negombo,LinkedIn
4470,Candidate 4470,Male,22,Uva Wellassa University,Human Resource Management,2026,Matara,Job Portal
4471,Candidate 4471,Male,26,Sabaragamuwa University,Computer Science,2026,Colombo,Referral
4472,Candidate 4472,Female,20,Uva Wellassa University,Business Management,2026,Galle,Referral
4473,Candidate 4473,Female,20,South Eastern University of Sri Lanka,Information Technology,2027,Kurunegala,University Career Fair
4474,Candidate 4474,Male,26,Wayamba University,Finance,2026,Jaffna,University Career Fair
4475,Candidate 4475,Female,20,Wayamba University,Human Resource Management,2027,Matara,University Career Fair
4476,Candidate 4476,Female,26,University of Colombo,Computer Science,2027,Kurunegala,LinkedIn
4477,Candidate 4477,Female,25,Uva Wellassa University,Human Resource Management,2028,Jaffna,Job Portal
4478,Candidate 4478,Female,26,University of Sri Jayewardenepura,Computer Science,2026,Jaffna,LinkedIn
4479,Candidate 4479,Female,25,Sabaragamuwa University,Finance,2027,Kurunegala,Email Campaign
4480,Candidate 4480,Female,20,University of Colombo,Business Management,2028,Kurunegala,Job Portal
4481,Candidate 4481,Male,24,University of Kelaniya,Human Resource Management,2028,Jaffna,Job Portal
4482,Candidate 4482,Male,22,University of Ruhuna,Computer Science,2027,Kurunegala,LinkedIn
4483,Candidate 4483,Male,23,Uva Wellassa University,Finance,2028,Kurunegala,Job Portal
4484,Candidate 4484,Female,26,University of Peradeniya,Information Technology,2026,Colombo,University Career Fair
4485,Candidate 4485,Female,23,University of Kelaniya,Human Resource Management,2027,Kurunegala,Company Website
4486,Candidate 4486,Female,23,South Eastern University of Sri Lanka,Human Resource Management,2026,Anuradhapura,Company Website
4487,Candidate 4487,Female,21,University of Moratuwa,Marketing,2028,Negombo,LinkedIn
4488,Candidate 4488,Female,22,University of Colombo,Software Engineering,2028,Colombo,Company Website
4489,Candidate 4489,Female,25,University of Ruhuna,Finance,2028,Ampara,LinkedIn
4490,Candidate 4490,Female,23,Uva Wellassa University,Data Science,2028,Ampara,LinkedIn
4491,Candidate 4491,Male,23,Wayamba University,Human Resource Management,2026,Negombo,Job Portal
4492,Candidate 4492,Female,23,Sabaragamuwa University,Human Resource Management,2028,Batticaloa,University Career Fair
4493,Candidate 4493,Male,24,Uva Wellassa University,Marketing,2026,Ampara,LinkedIn
4494,Candidate 4494,Female,24,University of Moratuwa,Human Resource Management,2026,Kandy,LinkedIn
4495,Candidate 4495,Female,26,University of Sri Jayewardenepura,Finance,2026,Galle,Company Website
4496,Candidate 4496,Female,21,University of Moratuwa,Computer Science,2027,Anuradhapura,Email Campaign
4497,Candidate 4497,Male,22,University of Sri Jayewardenepura,Data Science,2026,Jaffna,Company Website
4498,Candidate 4498,Male,20,University of Moratuwa,Software Engineering,2028,Negombo,Job Portal
4499,Candidate 4499,Female,22,University of Ruhuna,Computer Science,2027,Colombo,Job Portal
4500,Candidate 4500,Female,24,University of Kelaniya,Software Engineering,2028,Colombo,Referral
4501,Candidate 4501,Female,25,University of Moratuwa,Software Engineering,2027,Matara,University Career Fair
4502,Candidate 4502,Female,22,University of Moratuwa,Business Management,2026,Galle,University Career Fair
4503,Candidate 4503,Male,23,University of Colombo,Computer Science,2027,Kurunegala,Referral
4504,Candidate 4504,Female,22,Wayamba University,Human Resource Management,2027,Jaffna,LinkedIn
4505,Candidate 4505,Male,22,University of Moratuwa,Finance,2027,Kurunegala,Job Portal
4506,Candidate 4506,Male,22,University of Sri Jayewardenepura,Human Resource Management,2027,Kurunegala,Email Campaign
4507,Candidate 4507,Female,22,University of Colombo,Human Resource Management,2028,Ampara,Company Website
4508,Candidate 4508,Female,24,University of Ruhuna,Computer Science,2028,Galle,LinkedIn
4509,Candidate 4509,Male,21,University of Peradeniya,Software Engineering,2026,Matara,LinkedIn
4510,Candidate 4510,Male,24,South Eastern University of Sri Lanka,Marketing,2027,Jaffna,Email Campaign
4511,Candidate 4511,Male,24,Sabaragamuwa University,Human Resource Management,2026,Anuradhapura,University Career Fair
4512,Candidate 4512,Male,22,University of Moratuwa,Business Management,2028,Batticaloa,Job Portal
4513,Candidate 4513,Male,24,University of Peradeniya,Human Resource Management,2028,Negombo,Referral
4514,Candidate 4514,Female,20,University of Ruhuna,Computer Science,2026,Jaffna,Job Portal
4515,Candidate 4515,Male,23,University of Colombo,Computer Science,2027,Kandy,Company Website
4516,Candidate 4516,Male,24,Sabaragamuwa University,Business Management,2027,Kandy,LinkedIn
4517,Candidate 4517,Male,21,University of Moratuwa,Computer Science,2026,Matara,Referral
4518,Candidate 4518,Female,22,University of Peradeniya,Marketing,2027,Anuradhapura,University Career Fair
4519,Candidate 4519,Male,25,University of Peradeniya,Computer Science,2027,Ampara,University Career Fair
4520,Candidate 4520,Female,22,University of Colombo,Information Technology,2027,Galle,University Career Fair
4521,Candidate 4521,Female,22,University of Kelaniya,Data Science,2026,Jaffna,Job Portal
4522,Candidate 4522,Female,20,Sabaragamuwa University,Finance,2027,Anuradhapura,Job Portal
4523,Candidate 4523,Male,21,University of Colombo,Finance,2028,Matara,LinkedIn
4524,Candidate 4524,Male,25,Wayamba University,Software Engineering,2027,Anuradhapura,Company Website
4525,Candidate 4525,Male,23,University of Colombo,Information Technology,2027,Batticaloa,University Career Fair
4526,Candidate 4526,Male,21,University of Moratuwa,Marketing,2027,Kandy,Referral
4527,Candidate 4527,Female,24,University of Peradeniya,Human Resource Management,2026,Kandy,Referral
4528,Candidate 4528,Male,24,University of Ruhuna,Human Resource Management,2028,Matara,Company Website
4529,Candidate 4529,Male,24,University of Moratuwa,Finance,2026,Negombo,LinkedIn
4530,Candidate 4530,Male,26,Wayamba University,Data Science,2028,Batticaloa,LinkedIn
4531,Candidate 4531,Male,25,University of Moratuwa,Human Resource Management,2026,Kurunegala,Company Website
4532,Candidate 4532,Male,26,Sabaragamuwa University,Finance,2028,Galle,Company Website
4533,Candidate 4533,Male,22,Wayamba University,Finance,2027,Kandy,LinkedIn
4534,Candidate 4534,Male,26,Uva Wellassa University,Human Resource Management,2026,Kurunegala,Company Website
4535,Candidate 4535,Male,26,Sabaragamuwa University,Finance,2027,Kurunegala,Company Website
4536,Candidate 4536,Male,26,University of Kelaniya,Data Science,2027,Anuradhapura,Job Portal
4537,Candidate 4537,Male,24,University of Ruhuna,Data Science,2027,Galle,Referral
4538,Candidate 4538,Male,24,Wayamba University,Software Engineering,2028,Kandy,LinkedIn
4539,Candidate 4539,Female,25,Sabaragamuwa University,Software Engineering,2028,Ampara,Company Website
4540,Candidate 4540,Female,23,University of Moratuwa,Business Management,2027,Jaffna,Company Website
4541,Candidate 4541,Male,25,South Eastern University of Sri Lanka,Business Management,2028,Matara,University Career Fair
4542,Candidate 4542,Male,24,University of Ruhuna,Finance,2027,Kandy,Referral
4543,Candidate 4543,Female,26,University of Kelaniya,Software Engineering,2028,Colombo,Job Portal
4544,Candidate 4544,Male,26,University of Sri Jayewardenepura,Business Management,2028,Colombo,Company Website
4545,Candidate 4545,Male,22,Sabaragamuwa University,Marketing,2026,Colombo,Company Website
4546,Candidate 4546,Female,20,Uva Wellassa University,Information Technology,2027,Batticaloa,University Career Fair
4547,Candidate 4547,Female,23,University of Moratuwa,Business Management,2026,Ampara,Referral
4548,Candidate 4548,Male,21,South Eastern University of Sri Lanka,Business Management,2028,Galle,Job Portal
4549,Candidate 4549,Male,23,Uva Wellassa University,Software Engineering,2026,Negombo,Job Portal
4550,Candidate 4550,Female,26,University of Colombo,Information Technology,2028,Batticaloa,LinkedIn
4551,Candidate 4551,Male,20,University of Peradeniya,Human Resource Management,2026,Galle,Referral
4552,Candidate 4552,Male,22,Sabaragamuwa University,Finance,2027,Negombo,Email Campaign
4553,Candidate 4553,Male,20,University of Peradeniya,Business Management,2026,Negombo,Job Portal
4554,Candidate 4554,Male,22,Uva Wellassa University,Business Management,2027,Kurunegala,LinkedIn
4555,Candidate 4555,Male,26,South Eastern University of Sri Lanka,Marketing,2028,Ampara,Job Portal
4556,Candidate 4556,Female,26,Sabaragamuwa University,Information Technology,2027,Jaffna,Job Portal
4557,Candidate 4557,Male,26,University of Moratuwa,Data Science,2027,Galle,Company Website
4558,Candidate 4558,Female,25,University of Sri Jayewardenepura,Marketing,2027,Colombo,LinkedIn
4559,Candidate 4559,Male,21,Uva Wellassa University,Computer Science,2028,Colombo,Company Website
4560,Candidate 4560,Male,23,University of Kelaniya,Human Resource Management,2027,Kandy,Job Portal
4561,Candidate 4561,Female,22,University of Moratuwa,Human Resource Management,2028,Matara,LinkedIn
4562,Candidate 4562,Female,22,University of Kelaniya,Computer Science,2028,Kurunegala,LinkedIn
4563,Candidate 4563,Male,20,University of Ruhuna,Human Resource Management,2028,Galle,Company Website
4564,Candidate 4564,Male,25,University of Ruhuna,Human Resource Management,2027,Kurunegala,Job Portal
4565,Candidate 4565,Male,24,University of Sri Jayewardenepura,Business Management,2026,Negombo,University Career Fair
4566,Candidate 4566,Male,22,South Eastern University of Sri Lanka,Software Engineering,2028,Negombo,Job Portal
4567,Candidate 4567,Female,21,Wayamba University,Human Resource Management,2028,Jaffna,Referral
4568,Candidate 4568,Male,21,Wayamba University,Information Technology,2026,Jaffna,LinkedIn
4569,Candidate 4569,Female,21,University of Kelaniya,Finance,2026,Jaffna,LinkedIn
4570,Candidate 4570,Male,23,University of Kelaniya,Information Technology,2026,Galle,Referral
4571,Candidate 4571,Female,22,University of Colombo,Finance,2026,Matara,LinkedIn
4572,Candidate 4572,Male,21,South Eastern University of Sri Lanka,Computer Science,2027,Kandy,Referral
4573,Candidate 4573,Male,21,University of Moratuwa,Finance,2026,Colombo,University Career Fair
4574,Candidate 4574,Male,22,South Eastern University of Sri Lanka,Finance,2028,Matara,LinkedIn
4575,Candidate 4575,Female,25,University of Colombo,Business Management,2026,Galle,Job Portal
4576,Candidate 4576,Female,22,University of Ruhuna,Business Management,2026,Kandy,Company Website
4577,Candidate 4577,Male,22,South Eastern University of Sri Lanka,Information Technology,2026,Batticaloa,LinkedIn
4578,Candidate 4578,Male,23,Wayamba University,Information Technology,2028,Kandy,Job Portal
4579,Candidate 4579,Female,20,South Eastern University of Sri Lanka,Software Engineering,2028,Kurunegala,Company Website
4580,Candidate 4580,Female,26,University of Peradeniya,Human Resource Management,2026,Batticaloa,Company Website
4581,Candidate 4581,Female,22,Sabaragamuwa University,Information Technology,2027,Ampara,Job Portal
4582,Candidate 4582,Male,24,University of Moratuwa,Business Management,2027,Jaffna,LinkedIn
4583,Candidate 4583,Female,20,University of Ruhuna,Data Science,2026,Anuradhapura,Company Website
4584,Candidate 4584,Female,21,South Eastern University of Sri Lanka,Data Science,2026,Colombo,University Career Fair
4585,Candidate 4585,Male,22,University of Colombo,Business Management,2026,Colombo,Referral
4586,Candidate 4586,Female,24,South Eastern University of Sri Lanka,Marketing,2028,Matara,University Career Fair
4587,Candidate 4587,Male,22,University of Sri Jayewardenepura,Software Engineering,2028,Ampara,LinkedIn
4588,Candidate 4588,Male,25,Uva Wellassa University,Computer Science,2026,Colombo,LinkedIn
4589,Candidate 4589,Female,26,University of Ruhuna,Information Technology,2026,Jaffna,Company Website
4590,Candidate 4590,Female,26,Wayamba University,Information Technology,2028,Negombo,LinkedIn
4591,Candidate 4591,Female,26,University of Ruhuna,Information Technology,2027,Jaffna,Company Website
4592,Candidate 4592,Male,23,Wayamba University,Human Resource Management,2028,Anuradhapura,Company Website
4593,Candidate 4593,Male,24,South Eastern University of Sri Lanka,Marketing,2028,Colombo,Email Campaign
4594,Candidate 4594,Male,25,Uva Wellassa University,Marketing,2027,Ampara,Job Portal
4595,Candidate 4595,Male,23,Sabaragamuwa University,Data Science,2028,Colombo,LinkedIn
4596,Candidate 4596,Male,25,Sabaragamuwa University,Data Science,2026,Anuradhapura,LinkedIn
4597,Candidate 4597,Female,23,University of Moratuwa,Software Engineering,2027,Jaffna,Referral
4598,Candidate 4598,Female,20,Sabaragamuwa University,Software Engineering,2028,Colombo,Email Campaign
4599,Candidate 4599,Male,20,University of Ruhuna,Human Resource Management,2028,Negombo,Company Website
4600,Candidate 4600,Female,20,University of Kelaniya,Finance,2027,Negombo,University Career Fair
4601,Candidate 4601,Female,23,University of Peradeniya,Business Management,2027,Matara,Referral
4602,Candidate 4602,Male,23,University of Ruhuna,Marketing,2027,Batticaloa,LinkedIn
4603,Candidate 4603,Female,26,Sabaragamuwa University,Information Technology,2026,Ampara,Referral
4604,Candidate 4604,Female,20,South Eastern University of Sri Lanka,Finance,2027,Jaffna,Email Campaign
4605,Candidate 4605,Male,26,University of Peradeniya,Computer Science,2028,Matara,LinkedIn
4606,Candidate 4606,Male,20,University of Colombo,Data Science,2027,Anuradhapura,Job Portal
4607,Candidate 4607,Female,23,South Eastern University of Sri Lanka,Software Engineering,2026,Matara,Company Website
4608,Candidate 4608,Female,26,University of Sri Jayewardenepura,Computer Science,2028,Jaffna,LinkedIn
4609,Candidate 4609,Female,25,Wayamba University,Human Resource Management,2026,Negombo,Job Portal
4610,Candidate 4610,Female,20,South Eastern University of Sri Lanka,Business Management,2028,Matara,Company Website
4611,Candidate 4611,Male,26,University of Peradeniya,Data Science,2027,Colombo,LinkedIn
4612,Candidate 4612,Female,26,University of Kelaniya,Finance,2027,Colombo,Company Website
4613,Candidate 4613,Female,22,Uva Wellassa University,Computer Science,2028,Colombo,Company Website
4614,Candidate 4614,Male,24,Sabaragamuwa University,Marketing,2028,Matara,LinkedIn
4615,Candidate 4615,Female,21,University of Kelaniya,Marketing,2026,Ampara,LinkedIn
4616,Candidate 4616,Male,26,University of Kelaniya,Software Engineering,2028,Jaffna,Job Portal
4617,Candidate 4617,Male,20,University of Colombo,Information Technology,2027,Jaffna,Referral
4618,Candidate 4618,Female,24,University of Sri Jayewardenepura,Computer Science,2027,Kurunegala,LinkedIn
4619,Candidate 4619,Female,22,University of Kelaniya,Marketing,2027,Galle,University Career Fair
4620,Candidate 4620,Female,25,University of Sri Jayewardenepura,Finance,2026,Anuradhapura,Company Website
4621,Candidate 4621,Female,21,University of Moratuwa,Finance,2026,Matara,Job Portal
4622,Candidate 4622,Female,20,University of Colombo,Data Science,2026,Jaffna,LinkedIn
4623,Candidate 4623,Male,22,University of Colombo,Finance,2027,Matara,University Career Fair
4624,Candidate 4624,Male,21,South Eastern University of Sri Lanka,Information Technology,2028,Batticaloa,University Career Fair
4625,Candidate 4625,Male,26,University of Kelaniya,Information Technology,2028,Galle,Job Portal
4626,Candidate 4626,Male,22,University of Peradeniya,Marketing,2027,Ampara,LinkedIn
4627,Candidate 4627,Male,26,University of Moratuwa,Software Engineering,2028,Galle,University Career Fair
4628,Candidate 4628,Female,26,University of Kelaniya,Human Resource Management,2028,Negombo,LinkedIn
4629,Candidate 4629,Female,26,University of Sri Jayewardenepura,Marketing,2026,Batticaloa,LinkedIn
4630,Candidate 4630,Female,24,South Eastern University of Sri Lanka,Business Management,2027,Kurunegala,LinkedIn
4631,Candidate 4631,Male,21,University of Kelaniya,Data Science,2027,Anuradhapura,University Career Fair
4632,Candidate 4632,Female,21,University of Peradeniya,Software Engineering,2027,Jaffna,University Career Fair
4633,Candidate 4633,Female,22,University of Colombo,Software Engineering,2026,Kandy,Job Portal
4634,Candidate 4634,Male,25,University of Moratuwa,Marketing,2028,Ampara,Company Website
4635,Candidate 4635,Male,22,University of Peradeniya,Software Engineering,2028,Negombo,University Career Fair
4636,Candidate 4636,Female,20,University of Colombo,Business Management,2027,Kandy,Job Portal
4637,Candidate 4637,Male,26,University of Peradeniya,Data Science,2028,Batticaloa,Job Portal
4638,Candidate 4638,Female,25,Uva Wellassa University,Data Science,2027,Matara,University Career Fair
4639,Candidate 4639,Male,22,University of Peradeniya,Computer Science,2026,Kurunegala,LinkedIn
4640,Candidate 4640,Male,21,University of Peradeniya,Information Technology,2026,Anuradhapura,Company Website
4641,Candidate 4641,Female,20,South Eastern University of Sri Lanka,Information Technology,2028,Jaffna,LinkedIn
4642,Candidate 4642,Male,23,Uva Wellassa University,Computer Science,2027,Kurunegala,University Career Fair
4643,Candidate 4643,Female,23,University of Colombo,Business Management,2026,Ampara,University Career Fair
4644,Candidate 4644,Female,25,Wayamba University,Human Resource Management,2028,Jaffna,LinkedIn
4645,Candidate 4645,Male,20,University of Kelaniya,Finance,2027,Kurunegala,Referral
4646,Candidate 4646,Male,26,University of Moratuwa,Human Resource Management,2027,Matara,Company Website
4647,Candidate 4647,Male,23,University of Kelaniya,Computer Science,2026,Jaffna,Job Portal
4648,Candidate 4648,Female,22,University of Kelaniya,Human Resource Management,2026,Negombo,Job Portal
4649,Candidate 4649,Male,24,University of Peradeniya,Software Engineering,2027,Negombo,Referral
4650,Candidate 4650,Male,26,University of Ruhuna,Business Management,2026,Colombo,Job Portal
4651,Candidate 4651,Male,21,University of Moratuwa,Marketing,2027,Batticaloa,LinkedIn
4652,Candidate 4652,Male,25,Wayamba University,Computer Science,2027,Matara,Job Portal
4653,Candidate 4653,Female,21,University of Peradeniya,Computer Science,2026,Colombo,Email Campaign
4654,Candidate 4654,Female,25,South Eastern University of Sri Lanka,Business Management,2027,Kandy,LinkedIn
4655,Candidate 4655,Male,23,University of Colombo,Marketing,2027,Colombo,LinkedIn
4656,Candidate 4656,Female,22,Wayamba University,Marketing,2027,Negombo,Referral
4657,Candidate 4657,Female,26,Uva Wellassa University,Business Management,2028,Kurunegala,University Career Fair
4658,Candidate 4658,Female,20,University of Sri Jayewardenepura,Marketing,2026,Colombo,Email Campaign
4659,Candidate 4659,Female,26,Sabaragamuwa University,Computer Science,2026,Matara,University Career Fair
4660,Candidate 4660,Male,25,Sabaragamuwa University,Finance,2028,Kurunegala,Company Website
4661,Candidate 4661,Male,26,University of Colombo,Human Resource Management,2028,Kandy,LinkedIn
4662,Candidate 4662,Male,23,University of Peradeniya,Marketing,2026,Colombo,Referral
4663,Candidate 4663,Male,21,University of Peradeniya,Business Management,2027,Kurunegala,LinkedIn
4664,Candidate 4664,Female,22,Uva Wellassa University,Marketing,2027,Kurunegala,LinkedIn
4665,Candidate 4665,Male,25,Wayamba University,Business Management,2028,Negombo,Company Website
4666,Candidate 4666,Female,22,University of Moratuwa,Software Engineering,2028,Kandy,University Career Fair
4667,Candidate 4667,Male,26,University of Sri Jayewardenepura,Software Engineering,2027,Jaffna,Job Portal
4668,Candidate 4668,Male,22,Uva Wellassa University,Data Science,2027,Ampara,Email Campaign
4669,Candidate 4669,Male,25,University of Ruhuna,Information Technology,2028,Negombo,University Career Fair
4670,Candidate 4670,Female,21,University of Peradeniya,Human Resource Management,2026,Negombo,Job Portal
4671,Candidate 4671,Female,25,University of Moratuwa,Business Management,2028,Matara,Company Website
4672,Candidate 4672,Male,21,Wayamba University,Finance,2028,Ampara,Job Portal
4673,Candidate 4673,Male,26,Uva Wellassa University,Data Science,2027,Ampara,Company Website
4674,Candidate 4674,Male,22,University of Peradeniya,Software Engineering,2027,Negombo,LinkedIn
4675,Candidate 4675,Male,26,Sabaragamuwa University,Marketing,2027,Colombo,University Career Fair
4676,Candidate 4676,Female,22,Wayamba University,Information Technology,2027,Jaffna,Job Portal
4677,Candidate 4677,Female,24,University of Moratuwa,Information Technology,2028,Kandy,Referral
4678,Candidate 4678,Female,20,University of Ruhuna,Software Engineering,2027,Kurunegala,Referral
4679,Candidate 4679,Female,21,Uva Wellassa University,Human Resource Management,2026,Kandy,Job Portal
4680,Candidate 4680,Female,22,Sabaragamuwa University,Computer Science,2026,Negombo,Company Website
4681,Candidate 4681,Female,25,University of Moratuwa,Human Resource Management,2028,Kandy,Company Website
4682,Candidate 4682,Female,23,Uva Wellassa University,Data Science,2027,Batticaloa,LinkedIn
4683,Candidate 4683,Male,22,University of Colombo,Data Science,2027,Colombo,LinkedIn
4684,Candidate 4684,Male,26,University of Peradeniya,Computer Science,2026,Batticaloa,University Career Fair
4685,Candidate 4685,Female,20,Uva Wellassa University,Human Resource Management,2026,Anuradhapura,Referral
4686,Candidate 4686,Female,26,Uva Wellassa University,Information Technology,2026,Kandy,Job Portal
4687,Candidate 4687,Male,20,Wayamba University,Data Science,2028,Jaffna,University Career Fair
4688,Candidate 4688,Female,25,University of Ruhuna,Computer Science,2028,Anuradhapura,Job Portal
4689,Candidate 4689,Female,21,University of Sri Jayewardenepura,Software Engineering,2026,Colombo,Referral
4690,Candidate 4690,Female,24,University of Peradeniya,Human Resource Management,2028,Matara,Job Portal
4691,Candidate 4691,Male,25,University of Ruhuna,Finance,2027,Ampara,LinkedIn
4692,Candidate 4692,Male,21,University of Peradeniya,Data Science,2026,Colombo,University Career Fair
4693,Candidate 4693,Male,24,University of Ruhuna,Business Management,2026,Matara,Referral
4694,Candidate 4694,Male,26,University of Colombo,Data Science,2026,Ampara,Referral
4695,Candidate 4695,Male,25,University of Ruhuna,Software Engineering,2027,Anuradhapura,LinkedIn
4696,Candidate 4696,Male,23,Sabaragamuwa University,Marketing,2027,Colombo,Job Portal
4697,Candidate 4697,Male,21,Uva Wellassa University,Information Technology,2028,Negombo,Company Website
4698,Candidate 4698,Male,22,University of Moratuwa,Data Science,2028,Ampara,Job Portal
4699,Candidate 4699,Male,21,University of Ruhuna,Software Engineering,2027,Negombo,Referral
4700,Candidate 4700,Female,26,University of Moratuwa,Data Science,2027,Galle,Job Portal
4701,Candidate 4701,Female,26,University of Kelaniya,Business Management,2027,Anuradhapura,Referral
4702,Candidate 4702,Male,26,University of Ruhuna,Marketing,2028,Kandy,Job Portal
4703,Candidate 4703,Male,20,University of Kelaniya,Software Engineering,2026,Colombo,University Career Fair
4704,Candidate 4704,Male,24,Wayamba University,Computer Science,2027,Anuradhapura,University Career Fair
4705,Candidate 4705,Male,26,South Eastern University of Sri Lanka,Finance,2028,Batticaloa,Company Website
4706,Candidate 4706,Male,26,University of Ruhuna,Data Science,2027,Anuradhapura,University Career Fair
4707,Candidate 4707,Male,21,South Eastern University of Sri Lanka,Information Technology,2028,Galle,LinkedIn
4708,Candidate 4708,Female,23,University of Sri Jayewardenepura,Human Resource Management,2026,Kandy,University Career Fair
4709,Candidate 4709,Female,23,University of Colombo,Software Engineering,2026,Jaffna,Referral
4710,Candidate 4710,Female,20,Wayamba University,Computer Science,2026,Negombo,Referral
4711,Candidate 4711,Female,23,University of Sri Jayewardenepura,Human Resource Management,2028,Jaffna,Company Website
4712,Candidate 4712,Female,23,Uva Wellassa University,Finance,2027,Kandy,Company Website
4713,Candidate 4713,Male,22,Sabaragamuwa University,Business Management,2028,Kandy,LinkedIn
4714,Candidate 4714,Female,25,University of Sri Jayewardenepura,Marketing,2027,Colombo,LinkedIn
4715,Candidate 4715,Female,21,South Eastern University of Sri Lanka,Marketing,2028,Matara,Job Portal
4716,Candidate 4716,Male,20,University of Moratuwa,Finance,2028,Kurunegala,Company Website
4717,Candidate 4717,Male,21,University of Sri Jayewardenepura,Computer Science,2026,Anuradhapura,LinkedIn
4718,Candidate 4718,Female,21,University of Colombo,Data Science,2028,Galle,Company Website
4719,Candidate 4719,Male,24,Sabaragamuwa University,Software Engineering,2026,Kandy,LinkedIn
4720,Candidate 4720,Female,25,Wayamba University,Software Engineering,2026,Galle,Company Website
4721,Candidate 4721,Male,25,University of Ruhuna,Finance,2027,Anuradhapura,Referral
4722,Candidate 4722,Male,20,Sabaragamuwa University,Data Science,2026,Kandy,Company Website
4723,Candidate 4723,Male,24,University of Kelaniya,Data Science,2028,Matara,Referral
4724,Candidate 4724,Male,23,University of Moratuwa,Human Resource Management,2028,Ampara,Job Portal
4725,Candidate 4725,Male,25,University of Ruhuna,Finance,2026,Galle,Company Website
4726,Candidate 4726,Female,22,South Eastern University of Sri Lanka,Information Technology,2028,Colombo,LinkedIn
4727,Candidate 4727,Female,20,University of Colombo,Information Technology,2028,Kurunegala,Company Website
4728,Candidate 4728,Female,25,University of Moratuwa,Data Science,2027,Galle,LinkedIn
4729,Candidate 4729,Male,20,University of Sri Jayewardenepura,Marketing,2026,Matara,LinkedIn
4730,Candidate 4730,Male,22,University of Colombo,Data Science,2028,Anuradhapura,LinkedIn
4731,Candidate 4731,Male,25,University of Kelaniya,Data Science,2028,Kurunegala,LinkedIn
4732,Candidate 4732,Female,22,University of Sri Jayewardenepura,Information Technology,2027,Negombo,LinkedIn
4733,Candidate 4733,Male,26,Uva Wellassa University,Information Technology,2027,Ampara,LinkedIn
4734,Candidate 4734,Female,26,University of Ruhuna,Marketing,2028,Matara,Company Website
4735,Candidate 4735,Female,20,University of Sri Jayewardenepura,Software Engineering,2026,Kurunegala,Referral
4736,Candidate 4736,Female,20,University of Colombo,Marketing,2026,Ampara,Referral
4737,Candidate 4737,Female,20,University of Colombo,Business Management,2027,Batticaloa,Company Website
4738,Candidate 4738,Male,22,University of Peradeniya,Human Resource Management,2027,Kurunegala,LinkedIn
4739,Candidate 4739,Female,26,University of Moratuwa,Computer Science,2028,Galle,Referral
4740,Candidate 4740,Male,22,University of Colombo,Finance,2026,Negombo,Email Campaign
4741,Candidate 4741,Female,24,Uva Wellassa University,Marketing,2026,Jaffna,LinkedIn
4742,Candidate 4742,Male,25,South Eastern University of Sri Lanka,Finance,2026,Jaffna,Company Website
4743,Candidate 4743,Male,25,Wayamba University,Computer Science,2027,Anuradhapura,Job Portal
4744,Candidate 4744,Male,23,Sabaragamuwa University,Business Management,2026,Batticaloa,Job Portal
4745,Candidate 4745,Male,25,University of Kelaniya,Human Resource Management,2027,Galle,Job Portal
4746,Candidate 4746,Male,24,South Eastern University of Sri Lanka,Computer Science,2026,Kandy,LinkedIn
4747,Candidate 4747,Female,26,University of Moratuwa,Finance,2027,Anuradhapura,Company Website
4748,Candidate 4748,Male,23,Sabaragamuwa University,Data Science,2027,Colombo,LinkedIn
4749,Candidate 4749,Female,22,Wayamba University,Computer Science,2026,Colombo,Referral
4750,Candidate 4750,Female,26,Wayamba University,Computer Science,2028,Negombo,University Career Fair
4751,Candidate 4751,Female,20,University of Kelaniya,Data Science,2026,Negombo,Email Campaign
4752,Candidate 4752,Male,22,South Eastern University of Sri Lanka,Business Management,2028,Batticaloa,Company Website
4753,Candidate 4753,Male,20,South Eastern University of Sri Lanka,Finance,2028,Ampara,University Career Fair
4754,Candidate 4754,Female,23,Uva Wellassa University,Information Technology,2026,Jaffna,Job Portal
4755,Candidate 4755,Male,20,University of Kelaniya,Finance,2027,Ampara,Email Campaign
4756,Candidate 4756,Female,26,University of Kelaniya,Finance,2028,Kandy,LinkedIn
4757,Candidate 4757,Female,20,Wayamba University,Finance,2028,Negombo,University Career Fair
4758,Candidate 4758,Male,26,University of Peradeniya,Finance,2028,Galle,LinkedIn
4759,Candidate 4759,Male,21,University of Ruhuna,Marketing,2026,Colombo,Job Portal
4760,Candidate 4760,Male,22,Sabaragamuwa University,Marketing,2028,Kandy,LinkedIn
4761,Candidate 4761,Male,20,Sabaragamuwa University,Business Management,2027,Kandy,Company Website
4762,Candidate 4762,Male,25,Uva Wellassa University,Human Resource Management,2028,Negombo,LinkedIn
4763,Candidate 4763,Male,25,South Eastern University of Sri Lanka,Marketing,2026,Jaffna,LinkedIn
4764,Candidate 4764,Female,25,Wayamba University,Finance,2026,Anuradhapura,Referral
4765,Candidate 4765,Female,24,University of Peradeniya,Business Management,2026,Negombo,University Career Fair
4766,Candidate 4766,Male,20,Uva Wellassa University,Computer Science,2028,Colombo,University Career Fair
4767,Candidate 4767,Female,24,University of Kelaniya,Business Management,2027,Batticaloa,University Career Fair
4768,Candidate 4768,Female,26,University of Kelaniya,Business Management,2026,Colombo,University Career Fair
4769,Candidate 4769,Male,25,University of Ruhuna,Data Science,2027,Batticaloa,Referral
4770,Candidate 4770,Male,22,Sabaragamuwa University,Finance,2028,Kandy,Company Website
4771,Candidate 4771,Male,26,University of Kelaniya,Software Engineering,2027,Negombo,Company Website
4772,Candidate 4772,Male,24,Wayamba University,Finance,2028,Negombo,Company Website
4773,Candidate 4773,Female,26,Uva Wellassa University,Marketing,2027,Anuradhapura,Job Portal
4774,Candidate 4774,Female,24,University of Sri Jayewardenepura,Human Resource Management,2027,Ampara,Company Website
4775,Candidate 4775,Male,23,Sabaragamuwa University,Business Management,2026,Kurunegala,Company Website
4776,Candidate 4776,Female,26,University of Sri Jayewardenepura,Computer Science,2027,Kandy,Job Portal
4777,Candidate 4777,Female,23,University of Ruhuna,Information Technology,2028,Jaffna,Referral
4778,Candidate 4778,Male,25,University of Colombo,Human Resource Management,2028,Anuradhapura,LinkedIn
4779,Candidate 4779,Male,21,University of Sri Jayewardenepura,Software Engineering,2028,Anuradhapura,Referral
4780,Candidate 4780,Male,21,University of Sri Jayewardenepura,Marketing,2028,Negombo,Company Website
4781,Candidate 4781,Male,24,South Eastern University of Sri Lanka,Computer Science,2028,Galle,LinkedIn
4782,Candidate 4782,Male,26,University of Ruhuna,Finance,2026,Galle,University Career Fair
4783,Candidate 4783,Female,25,South Eastern University of Sri Lanka,Information Technology,2027,Negombo,University Career Fair
4784,Candidate 4784,Female,24,University of Colombo,Software Engineering,2026,Galle,LinkedIn
4785,Candidate 4785,Female,23,University of Peradeniya,Business Management,2027,Negombo,Referral
4786,Candidate 4786,Male,24,University of Sri Jayewardenepura,Finance,2027,Batticaloa,Referral
4787,Candidate 4787,Female,20,University of Moratuwa,Computer Science,2026,Ampara,LinkedIn
4788,Candidate 4788,Female,20,University of Sri Jayewardenepura,Marketing,2027,Kurunegala,Job Portal
4789,Candidate 4789,Female,24,University of Kelaniya,Human Resource Management,2027,Kandy,Job Portal
4790,Candidate 4790,Male,24,Uva Wellassa University,Software Engineering,2028,Negombo,LinkedIn
4791,Candidate 4791,Male,23,University of Colombo,Marketing,2027,Colombo,University Career Fair
4792,Candidate 4792,Female,20,University of Moratuwa,Data Science,2026,Anuradhapura,Company Website
4793,Candidate 4793,Male,22,University of Ruhuna,Business Management,2027,Ampara,Company Website
4794,Candidate 4794,Female,21,University of Colombo,Business Management,2027,Batticaloa,Referral
4795,Candidate 4795,Female,24,South Eastern University of Sri Lanka,Computer Science,2026,Ampara,LinkedIn
4796,Candidate 4796,Female,23,University of Colombo,Human Resource Management,2027,Matara,Job Portal
4797,Candidate 4797,Female,26,University of Sri Jayewardenepura,Software Engineering,2028,Galle,University Career Fair
4798,Candidate 4798,Male,24,Uva Wellassa University,Computer Science,2027,Ampara,LinkedIn
4799,Candidate 4799,Male,25,University of Sri Jayewardenepura,Marketing,2028,Ampara,Company Website
4800,Candidate 4800,Male,23,Uva Wellassa University,Computer Science,2026,Galle,LinkedIn
4801,Candidate 4801,Female,22,South Eastern University of Sri Lanka,Computer Science,2027,Kandy,University Career Fair
4802,Candidate 4802,Male,23,Sabaragamuwa University,Computer Science,2028,Kandy,Email Campaign
4803,Candidate 4803,Male,21,University of Colombo,Computer Science,2026,Negombo,Job Portal
4804,Candidate 4804,Female,22,Uva Wellassa University,Computer Science,2027,Ampara,Company Website
4805,Candidate 4805,Male,20,University of Ruhuna,Data Science,2028,Kandy,Company Website
4806,Candidate 4806,Male,25,University of Sri Jayewardenepura,Software Engineering,2028,Kandy,Company Website
4807,Candidate 4807,Male,24,University of Ruhuna,Data Science,2026,Colombo,Job Portal
4808,Candidate 4808,Male,20,Sabaragamuwa University,Information Technology,2026,Galle,Job Portal
4809,Candidate 4809,Male,26,University of Colombo,Data Science,2026,Anuradhapura,LinkedIn
4810,Candidate 4810,Female,23,University of Kelaniya,Data Science,2027,Colombo,Referral
4811,Candidate 4811,Female,23,Wayamba University,Human Resource Management,2026,Anuradhapura,Job Portal
4812,Candidate 4812,Male,23,University of Sri Jayewardenepura,Data Science,2026,Anuradhapura,Job Portal
4813,Candidate 4813,Male,20,University of Moratuwa,Marketing,2028,Anuradhapura,LinkedIn
4814,Candidate 4814,Female,22,University of Ruhuna,Marketing,2027,Anuradhapura,Company Website
4815,Candidate 4815,Male,25,University of Kelaniya,Human Resource Management,2027,Colombo,Job Portal
4816,Candidate 4816,Female,26,University of Colombo,Marketing,2027,Matara,LinkedIn
4817,Candidate 4817,Female,26,South Eastern University of Sri Lanka,Data Science,2027,Matara,LinkedIn
4818,Candidate 4818,Female,25,University of Kelaniya,Human Resource Management,2027,Anuradhapura,Job Portal
4819,Candidate 4819,Female,20,Sabaragamuwa University,Computer Science,2028,Negombo,Referral
4820,Candidate 4820,Female,23,Sabaragamuwa University,Human Resource Management,2026,Ampara,LinkedIn
4821,Candidate 4821,Female,21,Wayamba University,Business Management,2026,Ampara,University Career Fair
4822,Candidate 4822,Male,24,University of Moratuwa,Marketing,2028,Kandy,Company Website
4823,Candidate 4823,Female,22,University of Peradeniya,Human Resource Management,2026,Colombo,Referral
4824,Candidate 4824,Female,20,Wayamba University,Marketing,2026,Batticaloa,Referral
4825,Candidate 4825,Female,24,Wayamba University,Computer Science,2026,Kandy,Company Website
4826,Candidate 4826,Female,23,University of Kelaniya,Human Resource Management,2028,Batticaloa,Company Website
4827,Candidate 4827,Male,23,Uva Wellassa University,Software Engineering,2026,Galle,Job Portal
4828,Candidate 4828,Female,21,Wayamba University,Finance,2026,Batticaloa,Company Website
4829,Candidate 4829,Female,20,University of Ruhuna,Computer Science,2026,Negombo,Company Website
4830,Candidate 4830,Female,24,University of Colombo,Human Resource Management,2026,Kandy,University Career Fair
4831,Candidate 4831,Female,23,University of Peradeniya,Finance,2026,Colombo,University Career Fair
4832,Candidate 4832,Male,25,University of Colombo,Human Resource Management,2027,Colombo,Referral
4833,Candidate 4833,Male,23,Wayamba University,Finance,2028,Matara,Company Website
4834,Candidate 4834,Female,25,University of Moratuwa,Business Management,2027,Kandy,Company Website
4835,Candidate 4835,Female,20,University of Peradeniya,Computer Science,2028,Colombo,LinkedIn
4836,Candidate 4836,Female,20,University of Peradeniya,Human Resource Management,2028,Batticaloa,LinkedIn
4837,Candidate 4837,Male,20,South Eastern University of Sri Lanka,Computer Science,2026,Batticaloa,Company Website
4838,Candidate 4838,Female,21,University of Sri Jayewardenepura,Data Science,2026,Kandy,LinkedIn
4839,Candidate 4839,Male,24,Sabaragamuwa University,Finance,2028,Negombo,University Career Fair
4840,Candidate 4840,Female,25,South Eastern University of Sri Lanka,Software Engineering,2028,Ampara,Referral
4841,Candidate 4841,Female,25,University of Kelaniya,Business Management,2026,Batticaloa,LinkedIn
4842,Candidate 4842,Female,25,University of Moratuwa,Computer Science,2027,Kandy,University Career Fair
4843,Candidate 4843,Male,22,University of Sri Jayewardenepura,Human Resource Management,2027,Colombo,Job Portal
4844,Candidate 4844,Female,20,University of Sri Jayewardenepura,Software Engineering,2027,Negombo,Job Portal
4845,Candidate 4845,Female,26,University of Ruhuna,Marketing,2028,Negombo,Job Portal
4846,Candidate 4846,Female,23,Wayamba University,Information Technology,2028,Ampara,Job Portal
4847,Candidate 4847,Male,26,Wayamba University,Finance,2027,Matara,Job Portal
4848,Candidate 4848,Female,22,Uva Wellassa University,Computer Science,2027,Anuradhapura,Referral
4849,Candidate 4849,Female,24,Wayamba University,Information Technology,2027,Kurunegala,Company Website
4850,Candidate 4850,Male,24,University of Colombo,Software Engineering,2027,Anuradhapura,University Career Fair
4851,Candidate 4851,Female,25,University of Colombo,Finance,2027,Kurunegala,Referral
4852,Candidate 4852,Male,24,Uva Wellassa University,Marketing,2026,Galle,Referral
4853,Candidate 4853,Male,22,University of Moratuwa,Human Resource Management,2028,Negombo,LinkedIn
4854,Candidate 4854,Male,20,University of Colombo,Finance,2028,Kandy,Email Campaign
4855,Candidate 4855,Female,23,University of Ruhuna,Finance,2028,Jaffna,Job Portal
4856,Candidate 4856,Male,21,South Eastern University of Sri Lanka,Marketing,2026,Anuradhapura,Company Website
4857,Candidate 4857,Male,26,Sabaragamuwa University,Software Engineering,2028,Kurunegala,Company Website
4858,Candidate 4858,Male,26,University of Colombo,Data Science,2026,Ampara,Referral
4859,Candidate 4859,Female,24,Sabaragamuwa University,Data Science,2026,Batticaloa,Job Portal
4860,Candidate 4860,Female,24,University of Moratuwa,Human Resource Management,2028,Kandy,Company Website
4861,Candidate 4861,Male,20,University of Kelaniya,Human Resource Management,2028,Kurunegala,Company Website
4862,Candidate 4862,Female,23,University of Kelaniya,Marketing,2026,Kurunegala,LinkedIn
4863,Candidate 4863,Male,23,University of Peradeniya,Human Resource Management,2028,Anuradhapura,Job Portal
4864,Candidate 4864,Female,26,University of Moratuwa,Information Technology,2027,Ampara,LinkedIn
4865,Candidate 4865,Male,23,South Eastern University of Sri Lanka,Computer Science,2027,Batticaloa,Job Portal
4866,Candidate 4866,Male,23,Sabaragamuwa University,Marketing,2028,Anuradhapura,University Career Fair
4867,Candidate 4867,Female,24,Wayamba University,Human Resource Management,2027,Batticaloa,Referral
4868,Candidate 4868,Female,24,University of Kelaniya,Human Resource Management,2027,Kandy,LinkedIn
4869,Candidate 4869,Male,20,Uva Wellassa University,Data Science,2028,Negombo,Email Campaign
4870,Candidate 4870,Male,23,University of Colombo,Finance,2028,Ampara,LinkedIn
4871,Candidate 4871,Female,22,University of Peradeniya,Software Engineering,2027,Ampara,Job Portal
4872,Candidate 4872,Male,20,University of Moratuwa,Business Management,2028,Kurunegala,Job Portal
4873,Candidate 4873,Female,24,University of Sri Jayewardenepura,Marketing,2028,Batticaloa,University Career Fair
4874,Candidate 4874,Male,22,University of Ruhuna,Marketing,2026,Galle,Company Website
4875,Candidate 4875,Male,26,University of Colombo,Human Resource Management,2026,Ampara,Referral
4876,Candidate 4876,Female,24,University of Colombo,Finance,2026,Kandy,Referral
4877,Candidate 4877,Male,25,University of Moratuwa,Human Resource Management,2028,Kurunegala,LinkedIn
4878,Candidate 4878,Male,21,Sabaragamuwa University,Data Science,2028,Matara,LinkedIn
4879,Candidate 4879,Female,25,University of Moratuwa,Business Management,2027,Matara,Job Portal
4880,Candidate 4880,Female,23,University of Sri Jayewardenepura,Information Technology,2026,Galle,Company Website
4881,Candidate 4881,Male,24,University of Colombo,Human Resource Management,2028,Galle,Company Website
4882,Candidate 4882,Female,24,University of Colombo,Marketing,2027,Kandy,Referral
4883,Candidate 4883,Female,22,Uva Wellassa University,Finance,2028,Ampara,Referral
4884,Candidate 4884,Female,23,South Eastern University of Sri Lanka,Business Management,2026,Anuradhapura,Job Portal
4885,Candidate 4885,Male,25,Wayamba University,Data Science,2027,Galle,LinkedIn
4886,Candidate 4886,Male,25,Wayamba University,Marketing,2027,Negombo,LinkedIn
4887,Candidate 4887,Female,26,Uva Wellassa University,Business Management,2027,Negombo,Job Portal
4888,Candidate 4888,Female,21,Wayamba University,Data Science,2028,Anuradhapura,Email Campaign
4889,Candidate 4889,Female,20,South Eastern University of Sri Lanka,Data Science,2026,Jaffna,LinkedIn
4890,Candidate 4890,Male,26,University of Moratuwa,Human Resource Management,2026,Galle,LinkedIn
4891,Candidate 4891,Male,20,University of Sri Jayewardenepura,Marketing,2027,Anuradhapura,University Career Fair
4892,Candidate 4892,Female,21,Sabaragamuwa University,Human Resource Management,2028,Ampara,LinkedIn
4893,Candidate 4893,Female,21,Sabaragamuwa University,Data Science,2028,Matara,Company Website
4894,Candidate 4894,Male,25,University of Sri Jayewardenepura,Data Science,2026,Anuradhapura,Email Campaign
4895,Candidate 4895,Female,23,Wayamba University,Software Engineering,2027,Matara,Email Campaign
4896,Candidate 4896,Male,23,University of Moratuwa,Software Engineering,2026,Kurunegala,Company Website
4897,Candidate 4897,Female,26,South Eastern University of Sri Lanka,Human Resource Management,2026,Batticaloa,Job Portal
4898,Candidate 4898,Male,21,University of Moratuwa,Human Resource Management,2027,Colombo,LinkedIn
4899,Candidate 4899,Female,21,South Eastern University of Sri Lanka,Finance,2028,Negombo,University Career Fair
4900,Candidate 4900,Male,21,Sabaragamuwa University,Software Engineering,2028,Galle,LinkedIn
4901,Candidate 4901,Female,26,Sabaragamuwa University,Computer Science,2027,Galle,Job Portal
4902,Candidate 4902,Male,26,University of Moratuwa,Finance,2027,Batticaloa,Referral
4903,Candidate 4903,Female,24,Uva Wellassa University,Software Engineering,2028,Matara,Job Portal
4904,Candidate 4904,Female,25,University of Colombo,Business Management,2026,Kandy,University Career Fair
4905,Candidate 4905,Male,22,Uva Wellassa University,Marketing,2028,Kurunegala,Referral
4906,Candidate 4906,Female,21,Wayamba University,Marketing,2027,Ampara,Company Website
4907,Candidate 4907,Female,22,Wayamba University,Business Management,2028,Ampara,University Career Fair
4908,Candidate 4908,Male,21,University of Moratuwa,Data Science,2028,Kandy,Email Campaign
4909,Candidate 4909,Male,22,Wayamba University,Finance,2027,Anuradhapura,University Career Fair
4910,Candidate 4910,Female,20,University of Colombo,Marketing,2026,Jaffna,Company Website
4911,Candidate 4911,Female,22,Uva Wellassa University,Business Management,2026,Ampara,Referral
4912,Candidate 4912,Female,23,University of Colombo,Finance,2026,Colombo,LinkedIn
4913,Candidate 4913,Male,21,University of Sri Jayewardenepura,Computer Science,2028,Kandy,LinkedIn
4914,Candidate 4914,Female,20,University of Ruhuna,Data Science,2028,Jaffna,LinkedIn
4915,Candidate 4915,Female,24,Uva Wellassa University,Computer Science,2027,Anuradhapura,Job Portal
4916,Candidate 4916,Male,20,Wayamba University,Computer Science,2026,Batticaloa,Job Portal
4917,Candidate 4917,Male,23,University of Kelaniya,Software Engineering,2027,Ampara,University Career Fair
4918,Candidate 4918,Male,25,Sabaragamuwa University,Human Resource Management,2026,Anuradhapura,Job Portal
4919,Candidate 4919,Male,22,University of Ruhuna,Finance,2028,Ampara,Company Website
4920,Candidate 4920,Female,23,Uva Wellassa University,Business Management,2027,Matara,Referral
4921,Candidate 4921,Female,24,Uva Wellassa University,Finance,2027,Colombo,Job Portal
4922,Candidate 4922,Female,25,University of Sri Jayewardenepura,Marketing,2026,Negombo,Company Website
4923,Candidate 4923,Male,23,University of Peradeniya,Business Management,2028,Batticaloa,Job Portal
4924,Candidate 4924,Female,20,Wayamba University,Software Engineering,2028,Batticaloa,Job Portal
4925,Candidate 4925,Female,21,South Eastern University of Sri Lanka,Data Science,2026,Matara,Job Portal
4926,Candidate 4926,Male,26,University of Peradeniya,Marketing,2028,Batticaloa,LinkedIn
4927,Candidate 4927,Male,24,University of Moratuwa,Information Technology,2027,Batticaloa,University Career Fair
4928,Candidate 4928,Female,22,University of Moratuwa,Computer Science,2026,Colombo,Job Portal
4929,Candidate 4929,Male,23,University of Ruhuna,Business Management,2027,Jaffna,LinkedIn
4930,Candidate 4930,Male,22,University of Colombo,Software Engineering,2028,Batticaloa,Company Website
4931,Candidate 4931,Male,21,University of Peradeniya,Data Science,2028,Kurunegala,Job Portal
4932,Candidate 4932,Female,20,University of Moratuwa,Software Engineering,2027,Jaffna,Referral
4933,Candidate 4933,Male,24,University of Kelaniya,Information Technology,2026,Kandy,Job Portal
4934,Candidate 4934,Male,22,University of Moratuwa,Finance,2027,Negombo,Referral
4935,Candidate 4935,Male,25,University of Colombo,Business Management,2027,Negombo,Job Portal
4936,Candidate 4936,Male,21,University of Sri Jayewardenepura,Data Science,2027,Kurunegala,University Career Fair
4937,Candidate 4937,Male,24,Uva Wellassa University,Information Technology,2026,Jaffna,Job Portal
4938,Candidate 4938,Male,22,Wayamba University,Finance,2027,Kandy,LinkedIn
4939,Candidate 4939,Female,25,University of Moratuwa,Human Resource Management,2027,Anuradhapura,University Career Fair
4940,Candidate 4940,Male,23,University of Sri Jayewardenepura,Business Management,2026,Kandy,Job Portal
4941,Candidate 4941,Male,20,University of Moratuwa,Information Technology,2028,Jaffna,University Career Fair
4942,Candidate 4942,Male,20,University of Peradeniya,Business Management,2028,Kurunegala,Company Website
4943,Candidate 4943,Male,24,Wayamba University,Computer Science,2028,Anuradhapura,Company Website
4944,Candidate 4944,Male,24,University of Ruhuna,Marketing,2027,Batticaloa,LinkedIn
4945,Candidate 4945,Male,26,Uva Wellassa University,Information Technology,2028,Negombo,Job Portal
4946,Candidate 4946,Male,24,University of Moratuwa,Information Technology,2028,Jaffna,LinkedIn
4947,Candidate 4947,Female,24,University of Sri Jayewardenepura,Information Technology,2027,Galle,LinkedIn
4948,Candidate 4948,Female,26,University of Ruhuna,Human Resource Management,2026,Kurunegala,Email Campaign
4949,Candidate 4949,Male,23,University of Peradeniya,Computer Science,2028,Jaffna,Company Website
4950,Candidate 4950,Male,24,University of Peradeniya,Human Resource Management,2027,Colombo,Referral
4951,Candidate 4951,Male,20,University of Sri Jayewardenepura,Software Engineering,2026,Colombo,Job Portal
4952,Candidate 4952,Male,22,University of Kelaniya,Finance,2027,Colombo,Email Campaign
4953,Candidate 4953,Male,22,Wayamba University,Human Resource Management,2027,Batticaloa,LinkedIn
4954,Candidate 4954,Female,23,South Eastern University of Sri Lanka,Data Science,2027,Matara,LinkedIn
4955,Candidate 4955,Male,26,University of Ruhuna,Software Engineering,2026,Ampara,LinkedIn
4956,Candidate 4956,Male,25,Sabaragamuwa University,Information Technology,2026,Colombo,Referral
4957,Candidate 4957,Female,26,University of Colombo,Software Engineering,2028,Negombo,Referral
4958,Candidate 4958,Male,20,University of Ruhuna,Marketing,2027,Colombo,LinkedIn
4959,Candidate 4959,Female,23,Uva Wellassa University,Marketing,2027,Negombo,LinkedIn
4960,Candidate 4960,Male,26,University of Sri Jayewardenepura,Software Engineering,2028,Matara,LinkedIn
4961,Candidate 4961,Female,20,South Eastern University of Sri Lanka,Computer Science,2026,Negombo,University Career Fair
4962,Candidate 4962,Male,22,University of Colombo,Marketing,2026,Jaffna,LinkedIn
4963,Candidate 4963,Female,21,University of Colombo,Marketing,2027,Anuradhapura,Job Portal
4964,Candidate 4964,Female,22,Wayamba University,Software Engineering,2028,Galle,LinkedIn
4965,Candidate 4965,Female,24,University of Colombo,Human Resource Management,2026,Galle,University Career Fair
4966,Candidate 4966,Female,24,University of Moratuwa,Finance,2028,Batticaloa,Company Website
4967,Candidate 4967,Female,22,University of Peradeniya,Software Engineering,2028,Kandy,Job Portal
4968,Candidate 4968,Female,26,University of Colombo,Software Engineering,2027,Anuradhapura,Job Portal
4969,Candidate 4969,Male,23,Sabaragamuwa University,Software Engineering,2028,Matara,LinkedIn
4970,Candidate 4970,Male,21,University of Sri Jayewardenepura,Computer Science,2026,Kurunegala,Company Website
4971,Candidate 4971,Female,22,Sabaragamuwa University,Finance,2028,Kurunegala,University Career Fair
4972,Candidate 4972,Female,24,University of Ruhuna,Human Resource Management,2028,Kurunegala,LinkedIn
4973,Candidate 4973,Male,23,University of Peradeniya,Data Science,2026,Ampara,LinkedIn
4974,Candidate 4974,Female,22,South Eastern University of Sri Lanka,Data Science,2028,Matara,University Career Fair
4975,Candidate 4975,Male,20,University of Kelaniya,Finance,2028,Kurunegala,LinkedIn
4976,Candidate 4976,Male,20,University of Kelaniya,Business Management,2026,Batticaloa,University Career Fair
4977,Candidate 4977,Male,25,University of Kelaniya,Software Engineering,2028,Ampara,Job Portal
4978,Candidate 4978,Male,23,Wayamba University,Marketing,2026,Kandy,Referral
4979,Candidate 4979,Male,26,University of Sri Jayewardenepura,Marketing,2026,Kandy,University Career Fair
4980,Candidate 4980,Male,23,University of Colombo,Finance,2027,Batticaloa,Company Website
4981,Candidate 4981,Female,23,South Eastern University of Sri Lanka,Business Management,2026,Ampara,University Career Fair
4982,Candidate 4982,Male,23,Wayamba University,Business Management,2026,Matara,University Career Fair
4983,Candidate 4983,Female,26,University of Colombo,Software Engineering,2027,Kurunegala,Company Website
4984,Candidate 4984,Female,22,South Eastern University of Sri Lanka,Finance,2028,Ampara,Job Portal
4985,Candidate 4985,Male,20,University of Sri Jayewardenepura,Computer Science,2026,Kandy,Company Website
4986,Candidate 4986,Female,25,University of Moratuwa,Data Science,2027,Galle,Email Campaign
4987,Candidate 4987,Female,26,Uva Wellassa University,Human Resource Management,2027,Galle,Company Website
4988,Candidate 4988,Female,25,University of Sri Jayewardenepura,Marketing,2028,Jaffna,University Career Fair
4989,Candidate 4989,Male,24,South Eastern University of Sri Lanka,Human Resource Management,2026,Negombo,LinkedIn
4990,Candidate 4990,Male,26,Uva Wellassa University,Information Technology,2027,Batticaloa,LinkedIn
4991,Candidate 4991,Male,20,University of Sri Jayewardenepura,Marketing,2028,Kurunegala,Job Portal
4992,Candidate 4992,Male,21,University of Kelaniya,Business Management,2028,Kurunegala,LinkedIn
4993,Candidate 4993,Female,26,Sabaragamuwa University,Computer Science,2026,Ampara,LinkedIn
4994,Candidate 4994,Female,24,South Eastern University of Sri Lanka,Finance,2028,Kandy,Referral
4995,Candidate 4995,Male,24,South Eastern University of Sri Lanka,Business Management,2027,Negombo,Company Website
4996,Candidate 4996,Female,24,South Eastern University of Sri Lanka,Business Management,2026,Kandy,Email Campaign
4997,Candidate 4997,Female,26,South Eastern University of Sri Lanka,Marketing,2026,Matara,Referral
4998,Candidate 4998,Male,20,University of Peradeniya,Marketing,2028,Kandy,Company Website
4999,Candidate 4999,Female,21,University of Kelaniya,Business Management,2027,Negombo,Company Website
5000,Candidate 5000,Female,25,South Eastern University of Sri Lanka,Data Science,2026,Batticaloa,Company Website
