interview_id,application_id,interview_date,interview_round,technical_score,communication_score,overall_score,interview_status
1,2,2026-07-13,Technical,85.37,71.33,79.76,Passed
2,7,2026-04-29,Technical,92.69,52.87,76.76,Passed
3,8,2026-07-04,Technical,69.29,59.25,65.27,Passed
4,10,2026-02-22,Technical,45.87,68.76,55.03,Failed
5,15,2026-06-06,Technical,70.3,92.7,79.26,Passed
6,18,2025-10-19,Technical,80.83,54.64,70.35,Passed
7,19,2026-07-07,Technical,97.96,88.32,94.1,Passed
8,23,2025-11-26,Technical,80.15,66.6,74.73,Passed
9,32,2026-02-14,Technical,58.57,64.42,60.91,Passed
10,34,2026-06-09,Technical,87.24,98.27,91.65,Passed
11,36,2026-03-18,Technical,93.61,62.67,81.23,Passed
12,41,2025-11-18,Technical,56.33,72.11,62.64,Passed
13,44,2025-12-19,Technical,47.24,74.85,58.28,Failed
14,50,2026-01-15,Technical,69.93,63.01,67.16,Passed
15,54,2025-10-02,Technical,49.67,77.7,60.89,Passed
16,66,2025-12-24,Technical,64.54,52.45,59.71,Failed
17,68,2026-02-03,Technical,31.79,69.59,46.91,Failed
18,76,2025-11-24,Technical,96.81,94.92,96.05,Passed
19,97,2026-01-26,Technical,65.6,60.97,63.75,Passed
20,98,2025-11-13,Technical,78.56,55.02,69.15,Passed
21,104,2026-09-19,Technical,76.23,81.49,78.33,Passed
22,109,2025-10-19,Technical,89.18,68.5,80.91,Passed
23,111,2025-09-28,Technical,69.15,56.83,64.22,Passed
24,113,2026-03-25,Technical,60.42,66.6,62.9,Passed
25,114,2026-08-12,Technical,77.14,83.7,79.77,Passed
26,117,2026-09-05,Technical,60.76,92.39,73.41,Passed
27,122,2026-04-25,Technical,68.2,69.68,68.79,Passed
28,138,2026-04-25,Technical,61.54,33.64,50.38,Failed
29,149,2026-01-20,Technical,84.38,81.05,83.05,Passed
30,152,2026-05-05,Technical,68.06,71.0,69.24,Passed
31,155,2026-09-27,Technical,79.22,46.56,66.16,Passed
32,156,2025-12-08,Technical,64.59,81.91,71.52,Passed
33,157,2026-09-19,Technical,54.44,74.4,62.43,Passed
34,165,2025-11-30,Technical,53.01,77.0,62.6,Passed
35,166,2026-06-27,Technical,71.5,45.77,61.21,Passed
36,169,2026-08-26,Technical,88.31,58.98,76.58,Passed
37,175,2026-03-02,Technical,60.66,73.01,65.6,Passed
38,183,2026-04-28,Technical,88.08,54.76,74.75,Passed
39,192,2025-09-20,Technical,72.86,76.43,74.29,Passed
40,193,2025-12-09,Technical,81.7,72.65,78.08,Passed
41,199,2025-11-17,Technical,66.86,57.59,63.15,Passed
42,202,2025-12-04,Technical,73.21,53.92,65.49,Passed
43,208,2026-01-31,Technical,31.1,76.55,49.28,Failed
44,214,2026-02-14,Technical,84.66,34.56,64.62,Passed
45,215,2026-01-22,Technical,57.86,79.29,66.43,Passed
46,220,2025-12-11,Technical,100.0,70.31,88.12,Passed
47,228,2026-03-27,Technical,61.81,67.26,63.99,Passed
48,230,2026-07-09,Technical,91.25,60.31,78.87,Passed
49,232,2026-01-07,Technical,60.81,62.76,61.59,Passed
50,234,2025-10-15,Technical,58.65,71.84,63.93,Passed
51,237,2025-12-21,Technical,94.75,74.85,86.79,Passed
52,238,2025-11-29,Technical,68.47,65.62,67.33,Passed
53,240,2026-08-12,Technical,50.12,83.25,63.37,Passed
54,248,2026-07-19,Technical,70.91,67.29,69.46,Passed
55,257,2026-09-01,Technical,100.0,74.48,89.79,Passed
56,260,2025-10-04,Technical,61.47,63.6,62.33,Passed
57,264,2025-10-30,Technical,88.08,71.7,81.53,Passed
58,269,2026-03-20,Technical,51.86,83.79,64.63,Passed
59,270,2026-08-01,Technical,62.65,98.1,76.83,Passed
60,271,2026-03-05,Technical,87.12,63.29,77.59,Passed
61,287,2025-12-30,Technical,89.93,71.02,82.37,Passed
62,290,2025-10-25,Technical,83.94,77.27,81.27,Passed
63,292,2025-11-30,Technical,60.15,60.35,60.23,Passed
64,305,2025-11-10,Technical,86.42,64.98,77.84,Passed
65,313,2025-12-23,Technical,66.35,55.67,62.08,Passed
66,314,2026-04-30,Technical,77.93,100.0,86.76,Passed
67,315,2026-08-22,Technical,57.05,70.36,62.38,Passed
68,319,2026-05-21,Technical,91.77,68.81,82.58,Passed
69,320,2026-07-23,Technical,78.33,54.06,68.63,Passed
70,323,2026-03-16,Technical,78.0,67.19,73.67,Passed
71,324,2026-06-10,Technical,85.8,87.81,86.6,Passed
72,328,2026-03-09,Technical,100.0,78.69,91.48,Passed
73,329,2025-12-03,Technical,76.56,72.92,75.1,Passed
74,335,2026-01-15,Technical,67.06,75.08,70.26,Passed
75,340,2025-12-16,Technical,67.86,72.53,69.73,Passed
76,341,2026-02-05,Technical,90.45,54.9,76.23,Passed
77,347,2025-11-12,Technical,87.96,89.76,88.68,Passed
78,350,2026-03-20,Technical,70.35,38.17,57.48,Failed
79,352,2026-02-18,Technical,63.49,89.45,73.88,Passed
80,359,2026-04-28,Technical,71.68,55.01,65.01,Passed
81,361,2026-06-10,Technical,64.93,82.61,72.0,Passed
82,362,2026-03-25,Technical,79.65,66.42,74.36,Passed
83,363,2026-08-20,Technical,66.86,64.12,65.77,Passed
84,365,2026-08-06,Technical,59.09,94.23,73.14,Passed
85,366,2026-04-18,Technical,67.49,88.26,75.8,Passed
86,372,2025-11-05,Technical,93.3,84.97,89.97,Passed
87,376,2025-12-24,Technical,65.96,76.06,70.0,Passed
88,380,2025-12-15,Technical,71.66,56.44,65.57,Passed
89,382,2026-04-16,Technical,76.54,52.31,66.85,Passed
90,388,2025-09-26,Technical,88.63,63.03,78.39,Passed
91,389,2025-12-13,Technical,74.82,74.25,74.59,Passed
92,391,2026-07-16,Technical,68.38,78.8,72.55,Passed
93,392,2026-09-06,Technical,65.35,83.07,72.44,Passed
94,393,2026-08-11,Technical,53.16,71.9,60.65,Passed
95,395,2025-12-15,Technical,99.15,55.0,81.49,Passed
96,399,2025-11-04,Technical,62.51,77.71,68.59,Passed
97,402,2026-02-13,Technical,74.51,75.26,74.81,Passed
98,405,2025-11-05,Technical,78.85,79.52,79.12,Passed
99,407,2026-09-06,Technical,87.54,76.15,82.98,Passed
100,413,2026-04-19,Technical,68.62,80.09,73.21,Passed
101,415,2026-09-14,Technical,98.6,68.01,86.36,Passed
102,422,2026-01-02,Technical,58.36,86.61,69.66,Passed
103,428,2026-09-22,Technical,70.31,37.41,57.15,Failed
104,438,2026-01-25,Technical,83.86,61.97,75.11,Passed
105,439,2026-04-28,Technical,70.73,74.98,72.43,Passed
106,450,2025-10-20,Technical,74.67,80.64,77.06,Passed
107,453,2025-11-13,Technical,65.9,77.7,70.62,Passed
108,460,2026-09-14,Technical,68.37,81.08,73.45,Passed
109,462,2025-12-23,Technical,80.62,55.97,70.76,Passed
110,467,2026-06-30,Technical,87.2,61.96,77.11,Passed
111,478,2026-01-29,Technical,83.31,75.51,80.19,Passed
112,482,2025-12-23,Technical,97.73,66.65,85.3,Passed
113,486,2025-12-30,Technical,67.11,69.71,68.15,Passed
114,489,2025-11-11,Technical,67.76,82.0,73.45,Passed
115,494,2025-12-15,Technical,49.37,54.19,51.3,Failed
116,498,2025-11-14,Technical,57.05,84.25,67.93,Passed
117,503,2026-10-02,Technical,95.95,68.43,84.94,Passed
118,506,2025-12-09,Technical,69.64,71.05,70.2,Passed
119,516,2026-06-09,Technical,88.27,56.09,75.4,Passed
120,522,2026-07-22,Technical,75.34,84.63,79.05,Passed
121,526,2026-07-14,Technical,79.02,72.84,76.55,Passed
122,528,2026-01-17,Technical,86.01,29.45,63.39,Passed
123,532,2026-03-11,Technical,81.49,60.19,72.97,Passed
124,544,2025-12-04,Technical,46.37,77.67,58.89,Failed
125,545,2025-12-02,Technical,91.23,67.94,81.91,Passed
126,546,2026-05-04,Technical,85.34,94.18,88.88,Passed
127,556,2026-08-11,Technical,90.41,94.6,92.09,Passed
128,565,2026-07-28,Technical,82.39,71.13,77.89,Passed
129,568,2026-05-11,Technical,49.57,66.31,56.27,Failed
130,577,2025-10-31,Technical,60.19,100.0,76.12,Passed
131,578,2026-06-27,Technical,69.54,71.85,70.46,Passed
132,579,2025-10-10,Technical,79.72,70.65,76.09,Passed
133,582,2026-02-14,Technical,95.73,60.66,81.7,Passed
134,586,2026-02-15,Technical,74.72,58.86,68.38,Passed
135,590,2026-05-13,Technical,53.52,60.82,56.44,Failed
136,596,2025-11-20,Technical,71.48,63.56,68.31,Passed
137,598,2026-05-02,Technical,62.31,48.91,56.95,Failed
138,599,2026-07-25,Technical,70.84,47.43,61.47,Passed
139,600,2026-05-28,Technical,82.64,71.24,78.08,Passed
140,602,2026-08-08,Technical,51.59,65.36,57.1,Failed
141,612,2026-04-17,Technical,61.47,74.79,66.8,Passed
142,614,2025-12-15,Technical,90.77,41.87,71.21,Passed
143,616,2026-05-21,Technical,73.61,67.6,71.21,Passed
144,629,2026-08-28,Technical,81.4,73.2,78.12,Passed
145,634,2025-11-14,Technical,61.47,65.21,62.97,Passed
146,642,2026-04-22,Technical,60.86,86.14,70.97,Passed
147,644,2026-05-01,Technical,72.3,98.52,82.79,Passed
148,647,2026-03-07,Technical,71.15,59.37,66.44,Passed
149,651,2025-12-01,Technical,50.81,42.95,47.67,Failed
150,655,2026-08-12,Technical,49.82,74.01,59.5,Failed
151,656,2025-12-21,Technical,79.12,46.28,65.99,Passed
152,671,2026-02-01,Technical,84.53,62.75,75.82,Passed
153,680,2025-12-25,Technical,74.06,94.18,82.11,Passed
154,682,2026-07-31,Technical,84.56,65.97,77.12,Passed
155,683,2026-01-23,Technical,59.52,37.72,50.8,Failed
156,684,2026-04-04,Technical,61.93,66.83,63.89,Passed
157,686,2025-11-26,Technical,58.18,68.03,62.12,Passed
158,687,2026-08-20,Technical,73.08,66.63,70.5,Passed
159,691,2026-08-18,Technical,62.9,72.53,66.75,Passed
160,695,2026-03-07,Technical,78.19,53.64,68.37,Passed
161,699,2026-02-24,Technical,91.75,68.52,82.46,Passed
162,706,2026-03-16,Technical,72.26,80.62,75.61,Passed
163,708,2026-09-13,Technical,75.27,84.3,78.88,Passed
164,709,2026-03-02,Technical,76.02,60.81,69.94,Passed
165,715,2026-04-12,Technical,77.06,52.84,67.37,Passed
166,722,2026-09-03,Technical,73.52,69.5,71.91,Passed
167,726,2026-02-21,Technical,69.09,68.07,68.68,Passed
168,727,2026-03-25,Technical,45.65,61.77,52.1,Failed
169,730,2026-09-13,Technical,73.3,72.4,72.94,Passed
170,738,2026-07-25,Technical,57.61,88.99,70.16,Passed
171,742,2026-02-02,Technical,59.87,84.54,69.74,Passed
172,749,2026-05-19,Technical,77.98,60.31,70.91,Passed
173,753,2026-05-29,Technical,96.85,52.1,78.95,Passed
174,754,2026-08-09,Technical,84.87,85.01,84.92,Passed
175,756,2025-11-12,Technical,62.61,90.89,73.92,Passed
176,759,2026-07-22,Technical,68.5,74.33,70.83,Passed
177,760,2026-02-19,Technical,75.64,67.99,72.58,Passed
178,765,2026-03-26,Technical,83.35,81.9,82.77,Passed
179,770,2026-02-25,Technical,47.52,89.57,64.34,Passed
180,772,2026-09-18,Technical,48.73,85.49,63.43,Passed
181,776,2025-10-30,Technical,87.77,53.64,74.12,Passed
182,790,2026-01-23,Technical,66.25,53.41,61.11,Passed
183,791,2026-04-10,Technical,68.99,65.38,67.55,Passed
184,792,2025-12-21,Technical,82.92,89.65,85.61,Passed
185,799,2026-02-24,Technical,91.54,61.57,79.55,Passed
186,804,2026-01-22,Technical,69.07,44.75,59.34,Failed
187,809,2026-03-31,Technical,60.72,84.47,70.22,Passed
188,810,2026-07-14,Technical,94.62,51.48,77.36,Passed
189,811,2025-12-11,Technical,63.71,69.6,66.06,Passed
190,817,2026-02-20,Technical,75.92,57.86,68.7,Passed
191,818,2025-10-04,Technical,77.94,62.89,71.92,Passed
192,822,2025-12-16,Technical,71.8,78.19,74.36,Passed
193,826,2026-06-08,Technical,72.09,63.45,68.64,Passed
194,832,2026-03-27,Technical,70.47,68.67,69.75,Passed
195,839,2026-06-04,Technical,66.82,66.12,66.54,Passed
196,852,2026-04-06,Technical,94.38,78.41,87.99,Passed
197,855,2026-03-19,Technical,67.86,80.45,72.9,Passed
198,856,2026-02-19,Technical,67.33,87.6,75.43,Passed
199,857,2025-11-28,Technical,77.17,68.39,73.66,Passed
200,862,2026-07-08,Technical,78.27,46.44,65.54,Passed
201,863,2026-04-25,Technical,56.23,52.09,54.57,Failed
202,869,2026-05-09,Technical,74.0,95.99,82.8,Passed
203,874,2025-10-18,Technical,100.0,79.57,91.83,Passed
204,877,2025-09-20,Technical,79.01,42.98,64.6,Passed
205,878,2025-09-28,Technical,64.4,58.18,61.91,Passed
206,881,2026-07-01,Technical,63.31,67.48,64.98,Passed
207,885,2025-10-26,Technical,65.39,40.31,55.36,Failed
208,888,2025-10-29,Technical,82.47,53.91,71.05,Passed
209,903,2026-03-08,Technical,75.35,100.0,85.21,Passed
210,907,2026-01-23,Technical,59.13,32.05,48.3,Failed
211,912,2026-08-27,Technical,68.0,86.51,75.4,Passed
212,918,2026-01-31,Technical,99.42,51.56,80.27,Passed
213,920,2026-04-15,Technical,78.95,63.02,72.58,Passed
214,923,2025-11-10,Technical,70.52,100.0,82.31,Passed
215,925,2026-08-10,Technical,50.96,73.81,60.1,Passed
216,934,2026-06-08,Technical,78.55,86.29,81.64,Passed
217,942,2025-09-29,Technical,73.37,74.62,73.87,Passed
218,943,2025-10-01,Technical,66.52,74.04,69.52,Passed
219,947,2026-04-16,Technical,67.2,79.32,72.05,Passed
220,958,2026-04-02,Technical,66.83,75.66,70.36,Passed
221,961,2025-09-28,Technical,71.59,86.89,77.71,Passed
222,962,2026-08-28,Technical,71.28,43.4,60.13,Passed
223,963,2026-01-20,Technical,89.67,56.41,76.37,Passed
224,968,2026-01-19,Technical,62.85,61.07,62.13,Passed
225,973,2026-03-04,Technical,91.24,37.96,69.93,Passed
226,980,2025-11-18,Technical,100.0,85.84,94.34,Passed
227,985,2026-06-26,Technical,75.13,69.18,72.75,Passed
228,998,2026-03-15,Technical,76.0,77.82,76.73,Passed
229,1003,2026-02-18,Technical,81.03,78.33,79.95,Passed
230,1006,2026-01-26,Technical,73.25,67.04,70.77,Passed
231,1011,2026-06-05,Technical,69.88,67.08,68.76,Passed
232,1012,2025-11-15,Technical,87.87,78.9,84.29,Passed
233,1013,2026-03-10,Technical,30.83,79.84,50.44,Failed
234,1014,2026-04-08,Technical,74.73,69.72,72.72,Passed
235,1028,2026-07-14,Technical,66.56,86.86,74.68,Passed
236,1030,2025-12-03,Technical,85.27,58.41,74.52,Passed
237,1031,2025-10-08,Technical,77.7,55.43,68.79,Passed
238,1038,2026-08-22,Technical,52.69,60.6,55.85,Failed
239,1046,2026-01-11,Technical,84.07,84.3,84.16,Passed
240,1049,2025-12-14,Technical,79.18,80.88,79.86,Passed
241,1059,2025-12-08,Technical,79.23,60.38,71.69,Passed
242,1063,2026-02-10,Technical,78.05,82.01,79.63,Passed
243,1073,2026-09-18,Technical,82.56,87.83,84.67,Passed
244,1082,2025-12-13,Technical,81.92,75.27,79.26,Passed
245,1087,2026-06-09,Technical,86.98,69.6,80.03,Passed
246,1099,2026-04-01,Technical,59.65,67.55,62.81,Passed
247,1101,2026-07-28,Technical,61.57,59.87,60.89,Passed
248,1102,2026-06-28,Technical,69.98,58.11,65.23,Passed
249,1104,2026-05-05,Technical,67.69,41.6,57.25,Failed
250,1105,2026-08-14,Technical,74.99,70.02,73.0,Passed
251,1110,2026-03-25,Technical,60.56,79.89,68.29,Passed
252,1117,2026-07-24,Technical,85.13,45.89,69.43,Passed
253,1118,2025-11-27,Technical,61.32,58.46,60.18,Passed
254,1126,2026-04-07,Technical,58.84,82.44,68.28,Passed
255,1128,2025-10-26,Technical,69.29,66.03,67.98,Passed
256,1129,2026-07-06,Technical,43.95,79.53,58.18,Failed
257,1140,2026-09-13,Technical,54.65,70.9,61.15,Passed
258,1141,2026-01-05,Technical,75.88,90.41,81.69,Passed
259,1143,2026-08-12,Technical,53.68,24.71,42.09,Failed
260,1145,2026-03-19,Technical,74.57,97.01,83.55,Passed
261,1147,2025-11-26,Technical,89.35,73.14,82.87,Passed
262,1158,2026-03-19,Technical,65.12,82.11,71.91,Passed
263,1160,2025-10-28,Technical,58.37,77.15,65.88,Passed
264,1162,2026-05-24,Technical,79.08,85.9,81.81,Passed
265,1164,2026-02-24,Technical,100.0,75.89,90.35,Passed
266,1166,2025-11-07,Technical,64.87,69.62,66.77,Passed
267,1167,2025-11-22,Technical,47.23,59.58,52.17,Failed
268,1170,2026-09-16,Technical,66.27,62.14,64.62,Passed
269,1172,2026-06-08,Technical,74.13,57.66,67.55,Passed
270,1187,2026-04-04,Technical,87.69,70.0,80.62,Passed
271,1192,2026-02-27,Technical,71.87,65.08,69.15,Passed
272,1197,2025-09-21,Technical,74.17,82.38,77.45,Passed
273,1199,2026-03-12,Technical,59.86,60.13,59.97,Failed
274,1200,2026-08-30,Technical,67.75,49.81,60.57,Passed
275,1202,2026-03-02,Technical,60.53,62.86,61.46,Passed
276,1203,2026-07-28,Technical,84.24,73.94,80.12,Passed
277,1204,2025-10-08,Technical,74.71,82.76,77.93,Passed
278,1209,2026-03-10,Technical,70.08,75.86,72.39,Passed
279,1211,2026-05-12,Technical,70.55,73.98,71.93,Passed
280,1220,2026-06-13,Technical,63.84,33.42,51.67,Failed
281,1223,2026-07-29,Technical,70.12,91.34,78.61,Passed
282,1229,2026-08-14,Technical,84.97,84.48,84.77,Passed
283,1230,2025-11-20,Technical,89.31,71.33,82.12,Passed
284,1236,2025-12-24,Technical,74.76,60.74,69.15,Passed
285,1241,2025-10-18,Technical,67.57,79.24,72.24,Passed
286,1247,2026-09-21,Technical,88.85,67.91,80.48,Passed
287,1248,2026-01-12,Technical,65.7,70.01,67.42,Passed
288,1255,2026-09-15,Technical,80.42,48.34,67.59,Passed
289,1257,2026-05-12,Technical,39.85,61.74,48.61,Failed
290,1271,2026-02-09,Technical,54.91,62.38,57.9,Failed
291,1273,2026-08-20,Technical,69.93,63.2,67.24,Passed
292,1275,2026-01-18,Technical,92.33,74.9,85.36,Passed
293,1282,2026-07-09,Technical,76.21,79.33,77.46,Passed
294,1283,2026-01-07,Technical,56.06,85.59,67.87,Passed
295,1291,2026-02-16,Technical,70.94,80.06,74.59,Passed
296,1300,2026-04-17,Technical,56.99,46.69,52.87,Failed
297,1306,2026-04-26,Technical,83.45,75.65,80.33,Passed
298,1307,2026-01-21,Technical,59.37,56.96,58.4,Failed
299,1313,2025-11-13,Technical,87.76,52.16,73.52,Passed
300,1322,2026-01-03,Technical,95.0,56.49,79.59,Passed
301,1325,2026-02-13,Technical,80.94,65.07,74.59,Passed
302,1327,2026-04-10,Technical,80.44,61.84,73.0,Passed
303,1328,2026-09-09,Technical,69.72,70.61,70.08,Passed
304,1329,2025-10-05,Technical,57.97,81.11,67.23,Passed
305,1330,2026-05-02,Technical,64.82,66.57,65.52,Passed
306,1340,2025-10-20,Technical,58.08,31.56,47.47,Failed
307,1343,2026-04-16,Technical,69.33,100.0,81.6,Passed
308,1344,2026-03-09,Technical,82.98,69.71,77.68,Passed
309,1346,2025-12-09,Technical,68.32,70.34,69.13,Passed
310,1347,2026-07-10,Technical,79.66,52.29,68.71,Passed
311,1355,2026-02-19,Technical,87.6,80.73,84.85,Passed
312,1356,2026-04-01,Technical,82.05,76.58,79.86,Passed
313,1369,2025-11-30,Technical,72.27,80.09,75.4,Passed
314,1373,2026-09-05,Technical,80.29,64.69,74.05,Passed
315,1379,2026-06-01,Technical,63.97,71.53,66.99,Passed
316,1386,2025-11-28,Technical,93.69,51.41,76.78,Passed
317,1387,2025-10-12,Technical,51.45,72.47,59.86,Failed
318,1388,2025-12-02,Technical,72.71,72.6,72.67,Passed
319,1391,2025-12-14,Technical,75.42,66.65,71.91,Passed
320,1396,2026-06-21,Technical,92.86,45.99,74.11,Passed
321,1399,2026-02-15,Technical,60.4,68.45,63.62,Passed
322,1400,2026-05-20,Technical,49.0,67.36,56.34,Failed
323,1411,2026-01-18,Technical,95.26,70.31,85.28,Passed
324,1418,2026-01-15,Technical,75.23,51.1,65.58,Passed
325,1434,2026-04-15,Technical,63.37,64.37,63.77,Passed
326,1440,2026-05-05,Technical,67.55,89.22,76.22,Passed
327,1443,2026-08-21,Technical,79.81,53.33,69.22,Passed
328,1449,2025-12-06,Technical,75.45,77.47,76.26,Passed
329,1450,2026-04-07,Technical,87.96,93.71,90.26,Passed
330,1459,2025-10-01,Technical,57.79,57.84,57.81,Failed
331,1462,2025-12-03,Technical,54.39,66.49,59.23,Failed
332,1463,2026-08-09,Technical,78.53,84.81,81.04,Passed
333,1471,2026-01-22,Technical,70.94,65.2,68.64,Passed
334,1483,2026-04-02,Technical,74.12,57.47,67.46,Passed
335,1486,2026-01-20,Technical,100.0,45.89,78.35,Passed
336,1490,2025-10-06,Technical,74.59,100.0,84.75,Passed
337,1492,2025-11-14,Technical,72.1,67.15,70.12,Passed
338,1493,2025-12-29,Technical,67.0,67.29,67.12,Passed
339,1499,2026-01-22,Technical,91.22,36.82,69.46,Passed
340,1504,2026-04-25,Technical,93.47,48.64,75.54,Passed
341,1509,2026-08-23,Technical,68.27,63.56,66.38,Passed
342,1511,2026-06-25,Technical,80.24,46.03,66.56,Passed
343,1516,2026-04-28,Technical,78.47,100.0,87.08,Passed
344,1517,2026-08-21,Technical,52.92,72.85,60.89,Passed
345,1528,2026-08-15,Technical,62.73,76.39,68.19,Passed
346,1530,2026-04-23,Technical,72.27,60.38,67.51,Passed
347,1531,2025-12-24,Technical,78.83,97.07,86.12,Passed
348,1533,2026-05-01,Technical,69.33,80.8,73.91,Passed
349,1534,2026-07-21,Technical,53.89,55.65,54.6,Failed
350,1535,2026-02-01,Technical,78.61,92.26,84.07,Passed
351,1539,2026-08-27,Technical,76.98,65.3,72.31,Passed
352,1544,2025-11-21,Technical,71.99,51.24,63.69,Passed
353,1559,2026-05-02,Technical,80.46,83.23,81.57,Passed
354,1561,2025-10-13,Technical,65.67,62.95,64.58,Passed
355,1562,2026-01-22,Technical,75.72,63.45,70.81,Passed
356,1563,2025-11-18,Technical,71.07,100.0,82.64,Passed
357,1564,2026-06-01,Technical,68.54,64.62,66.97,Passed
358,1565,2026-08-20,Technical,62.93,81.16,70.23,Passed
359,1571,2026-07-24,Technical,69.46,60.26,65.78,Passed
360,1572,2026-06-09,Technical,90.5,91.29,90.82,Passed
361,1592,2026-01-18,Technical,63.59,42.0,54.96,Failed
362,1595,2026-07-17,Technical,86.11,59.73,75.56,Passed
363,1601,2025-12-22,Technical,83.07,40.45,66.02,Passed
364,1603,2026-02-28,Technical,84.5,51.83,71.43,Passed
365,1605,2026-07-23,Technical,82.23,70.21,77.42,Passed
366,1612,2026-02-05,Technical,58.64,63.89,60.74,Passed
367,1613,2026-01-15,Technical,81.61,71.59,77.6,Passed
368,1621,2026-05-14,Technical,80.18,99.65,87.97,Passed
369,1622,2025-12-31,Technical,50.1,94.26,67.76,Passed
370,1627,2026-09-08,Technical,73.46,56.52,66.68,Passed
371,1633,2026-09-12,Technical,53.38,67.16,58.89,Failed
372,1638,2026-06-04,Technical,84.9,68.09,78.18,Passed
373,1655,2026-04-27,Technical,93.16,48.23,75.19,Passed
374,1658,2026-03-19,Technical,71.83,51.21,63.58,Passed
375,1660,2026-03-27,Technical,77.09,83.3,79.58,Passed
376,1665,2026-09-09,Technical,66.11,30.94,52.04,Failed
377,1677,2026-08-11,Technical,74.79,76.55,75.49,Passed
378,1687,2025-11-10,Technical,77.66,88.54,82.01,Passed
379,1690,2026-08-16,Technical,57.01,80.2,66.28,Passed
380,1692,2026-03-25,Technical,88.7,43.32,70.55,Passed
381,1699,2026-07-02,Technical,76.48,62.44,70.86,Passed
382,1701,2026-08-18,Technical,70.86,75.22,72.6,Passed
383,1707,2026-08-19,Technical,65.18,59.86,63.05,Passed
384,1711,2026-07-25,Technical,72.48,53.69,64.96,Passed
385,1717,2026-09-13,Technical,56.8,80.19,66.16,Passed
386,1725,2026-06-04,Technical,55.92,79.99,65.55,Passed
387,1727,2026-03-25,Technical,78.48,44.11,64.73,Passed
388,1729,2025-12-14,Technical,62.51,87.91,72.67,Passed
389,1738,2026-03-25,Technical,58.26,63.03,60.17,Passed
390,1744,2025-11-04,Technical,78.47,81.75,79.78,Passed
391,1755,2026-01-03,Technical,68.48,61.04,65.5,Passed
392,1760,2026-02-14,Technical,91.91,96.08,93.58,Passed
393,1770,2026-01-28,Technical,85.7,71.28,79.93,Passed
394,1771,2025-10-07,Technical,60.68,57.54,59.43,Failed
395,1773,2026-08-04,Technical,79.32,76.28,78.1,Passed
396,1775,2026-04-25,Technical,91.62,79.76,86.88,Passed
397,1776,2026-02-06,Technical,50.96,85.78,64.89,Passed
398,1777,2026-07-01,Technical,58.03,64.24,60.51,Passed
399,1781,2025-12-16,Technical,75.5,99.94,85.28,Passed
400,1782,2026-03-30,Technical,100.0,79.1,91.64,Passed
401,1788,2026-05-22,Technical,69.44,78.02,72.87,Passed
402,1790,2026-01-17,Technical,84.43,65.19,76.73,Passed
403,1792,2026-08-28,Technical,97.13,73.45,87.66,Passed
404,1794,2026-05-31,Technical,78.97,79.99,79.38,Passed
405,1798,2025-10-10,Technical,77.9,82.58,79.77,Passed
406,1799,2026-02-19,Technical,63.36,61.63,62.67,Passed
407,1800,2026-02-27,Technical,56.6,76.59,64.6,Passed
408,1803,2026-03-03,Technical,82.91,76.87,80.49,Passed
409,1810,2025-12-13,Technical,95.44,69.92,85.23,Passed
410,1827,2026-03-25,Technical,81.36,53.62,70.27,Passed
411,1829,2026-05-05,Technical,66.58,80.43,72.12,Passed
412,1836,2026-08-14,Technical,83.89,65.59,76.57,Passed
413,1838,2025-11-23,Technical,71.0,47.23,61.49,Passed
414,1841,2026-05-22,Technical,67.0,83.36,73.54,Passed
415,1845,2026-01-31,Technical,80.05,77.51,79.04,Passed
416,1846,2026-07-02,Technical,72.7,70.11,71.66,Passed
417,1849,2025-10-02,Technical,62.76,80.48,69.85,Passed
418,1853,2026-06-19,Technical,77.89,77.38,77.69,Passed
419,1858,2026-08-11,Technical,64.64,37.7,53.86,Failed
420,1860,2026-09-02,Technical,87.36,62.82,77.54,Passed
421,1882,2026-07-14,Technical,59.92,80.4,68.11,Passed
422,1885,2026-09-16,Technical,66.51,85.9,74.27,Passed
423,1889,2026-03-18,Technical,80.64,80.25,80.48,Passed
424,1894,2026-04-12,Technical,52.88,88.18,67.0,Passed
425,1895,2025-12-17,Technical,75.66,64.46,71.18,Passed
426,1897,2026-08-17,Technical,74.01,43.36,61.75,Passed
427,1906,2026-07-18,Technical,77.72,54.56,68.46,Passed
428,1914,2026-09-12,Technical,53.06,47.16,50.7,Failed
429,1923,2026-06-21,Technical,87.58,60.56,76.77,Passed
430,1924,2025-12-10,Technical,93.47,61.96,80.87,Passed
431,1925,2025-12-10,Technical,48.1,53.25,50.16,Failed
432,1926,2025-10-09,Technical,89.3,67.66,80.65,Passed
433,1928,2026-07-02,Technical,64.32,72.4,67.55,Passed
434,1929,2026-06-07,Technical,79.02,86.76,82.12,Passed
435,1932,2026-04-01,Technical,92.28,64.6,81.21,Passed
436,1933,2026-02-15,Technical,53.44,63.8,57.58,Failed
437,1936,2025-12-22,Technical,75.64,55.54,67.6,Passed
438,1943,2026-01-07,Technical,58.6,75.16,65.22,Passed
439,1945,2026-08-16,Technical,71.32,70.49,70.99,Passed
440,1946,2025-12-01,Technical,61.38,66.54,63.45,Passed
441,1947,2026-06-07,Technical,59.06,83.35,68.78,Passed
442,1948,2026-07-23,Technical,86.49,42.31,68.82,Passed
443,1952,2026-05-10,Technical,58.99,47.55,54.41,Failed
444,1954,2025-12-22,Technical,62.9,68.75,65.24,Passed
445,1963,2026-01-27,Technical,51.7,56.17,53.49,Failed
446,1965,2025-10-16,Technical,57.94,73.11,64.01,Passed
447,1966,2025-10-04,Technical,72.97,59.17,67.45,Passed
448,1971,2026-01-19,Technical,74.48,61.8,69.41,Passed
449,1979,2026-05-09,Technical,68.2,95.1,78.96,Passed
450,1982,2026-06-02,Technical,90.77,50.51,74.66,Passed
451,1983,2026-05-21,Technical,83.62,82.17,83.04,Passed
452,1991,2025-11-01,Technical,55.92,82.28,66.47,Passed
453,1995,2026-06-03,Technical,93.53,53.16,77.38,Passed
454,2000,2026-06-14,Technical,59.15,85.26,69.6,Passed
455,2003,2026-05-13,Technical,75.8,78.27,76.79,Passed
456,2007,2025-12-16,Technical,76.77,75.86,76.41,Passed
457,2008,2025-11-06,Technical,53.43,85.71,66.34,Passed
458,2016,2026-09-03,Technical,88.37,66.56,79.65,Passed
459,2021,2026-08-15,Technical,71.39,47.03,61.65,Passed
460,2022,2026-02-14,Technical,79.2,78.58,78.95,Passed
461,2030,2026-01-19,Technical,71.13,86.87,77.42,Passed
462,2033,2025-11-11,Technical,67.32,78.47,71.78,Passed
463,2036,2026-03-23,Technical,57.72,69.65,62.49,Passed
464,2038,2026-05-16,Technical,69.56,73.38,71.09,Passed
465,2039,2026-05-02,Technical,66.83,68.03,67.31,Passed
466,2042,2025-12-20,Technical,83.56,63.45,75.52,Passed
467,2047,2026-09-09,Technical,49.51,96.24,68.2,Passed
468,2051,2026-06-21,Technical,91.34,50.62,75.05,Passed
469,2056,2026-09-13,Technical,81.66,62.46,73.98,Passed
470,2062,2025-10-24,Technical,75.69,74.41,75.18,Passed
471,2065,2025-12-26,Technical,68.72,58.24,64.53,Passed
472,2071,2026-07-22,Technical,62.33,56.26,59.9,Failed
473,2078,2026-07-18,Technical,60.35,68.99,63.81,Passed
474,2081,2026-04-11,Technical,61.98,80.23,69.28,Passed
475,2091,2026-05-05,Technical,92.82,61.3,80.21,Passed
476,2093,2025-12-18,Technical,75.35,77.5,76.21,Passed
477,2099,2026-01-05,Technical,78.61,71.14,75.62,Passed
478,2102,2026-09-17,Technical,82.4,77.23,80.33,Passed
479,2104,2026-02-20,Technical,54.67,83.04,66.02,Passed
480,2109,2026-08-20,Technical,84.42,58.55,74.07,Passed
481,2112,2026-05-25,Technical,72.53,80.25,75.62,Passed
482,2114,2026-05-12,Technical,69.07,86.09,75.88,Passed
483,2115,2026-01-08,Technical,100.0,58.21,83.28,Passed
484,2117,2026-04-25,Technical,52.67,74.56,61.42,Passed
485,2118,2026-01-07,Technical,82.1,66.54,75.88,Passed
486,2125,2026-08-14,Technical,92.35,49.92,75.38,Passed
487,2129,2026-01-21,Technical,81.7,60.91,73.39,Passed
488,2131,2026-07-09,Technical,96.07,99.89,97.6,Passed
489,2132,2025-11-30,Technical,61.27,61.76,61.46,Passed
490,2133,2026-09-01,Technical,84.03,64.19,76.1,Passed
491,2135,2026-03-17,Technical,71.36,70.38,70.97,Passed
492,2142,2026-03-11,Technical,45.12,69.79,54.99,Failed
493,2143,2026-06-03,Technical,62.34,62.6,62.45,Passed
494,2149,2025-11-07,Technical,92.21,51.15,75.79,Passed
495,2150,2026-03-24,Technical,83.38,65.82,76.36,Passed
496,2169,2026-09-22,Technical,68.08,81.86,73.59,Passed
497,2171,2026-07-10,Technical,76.76,78.56,77.48,Passed
498,2172,2025-12-31,Technical,85.55,65.03,77.34,Passed
499,2175,2025-09-23,Technical,63.43,53.72,59.55,Failed
500,2176,2025-12-31,Technical,60.44,100.0,76.27,Passed
501,2184,2026-06-26,Technical,89.43,49.73,73.55,Passed
502,2197,2026-05-29,Technical,53.49,77.23,62.98,Passed
503,2209,2026-03-15,Technical,79.66,78.23,79.09,Passed
504,2218,2026-04-24,Technical,68.43,68.12,68.31,Passed
505,2223,2026-04-13,Technical,76.59,71.29,74.47,Passed
506,2225,2025-12-28,Technical,40.93,66.55,51.18,Failed
507,2230,2026-04-11,Technical,60.08,72.63,65.1,Passed
508,2233,2026-02-07,Technical,100.0,75.51,90.2,Passed
509,2238,2025-10-17,Technical,67.61,83.83,74.1,Passed
510,2239,2026-05-01,Technical,78.76,76.3,77.78,Passed
511,2240,2026-04-10,Technical,80.5,100.0,88.3,Passed
512,2245,2026-09-18,Technical,56.17,77.1,64.54,Passed
513,2248,2026-01-11,Technical,59.03,78.33,66.75,Passed
514,2249,2026-06-15,Technical,59.14,63.74,60.98,Passed
515,2252,2026-07-22,Technical,67.87,84.64,74.58,Passed
516,2270,2025-11-12,Technical,84.86,51.31,71.44,Passed
517,2273,2026-07-25,Technical,72.77,59.36,67.4,Passed
518,2282,2025-11-18,Technical,54.38,66.74,59.33,Failed
519,2284,2026-02-22,Technical,67.68,100.0,80.61,Passed
520,2290,2025-12-25,Technical,78.06,49.34,66.57,Passed
521,2294,2025-09-27,Technical,64.09,85.32,72.58,Passed
522,2298,2026-07-18,Technical,100.0,46.21,78.48,Passed
523,2301,2026-01-14,Technical,45.68,98.06,66.63,Passed
524,2311,2026-09-10,Technical,77.45,56.98,69.26,Passed
525,2324,2026-08-07,Technical,79.48,30.46,59.88,Failed
526,2332,2025-10-06,Technical,72.05,74.92,73.2,Passed
527,2338,2026-01-27,Technical,84.94,54.79,72.88,Passed
528,2339,2025-12-10,Technical,73.2,56.12,66.37,Passed
529,2343,2026-02-19,Technical,75.58,56.57,67.97,Passed
530,2345,2026-05-31,Technical,66.29,55.06,61.8,Passed
531,2347,2025-12-25,Technical,81.12,82.88,81.82,Passed
532,2349,2026-04-13,Technical,68.72,70.57,69.46,Passed
533,2351,2026-01-05,Technical,51.72,65.5,57.23,Failed
534,2352,2026-09-01,Technical,71.3,100.0,82.78,Passed
535,2353,2026-04-04,Technical,56.43,91.96,70.64,Passed
536,2354,2026-02-18,Technical,85.96,74.21,81.26,Passed
537,2357,2026-06-28,Technical,96.62,75.58,88.21,Passed
538,2367,2026-09-09,Technical,77.45,69.2,74.15,Passed
539,2368,2026-06-06,Technical,89.13,86.45,88.06,Passed
540,2374,2026-09-09,Technical,63.24,50.21,58.03,Failed
541,2385,2026-01-08,Technical,69.16,58.0,64.69,Passed
542,2399,2026-06-05,Technical,71.11,88.56,78.09,Passed
543,2405,2025-12-16,Technical,65.6,69.36,67.1,Passed
544,2418,2025-12-28,Technical,72.81,82.73,76.78,Passed
545,2423,2026-07-30,Technical,40.54,60.9,48.69,Failed
546,2429,2025-12-11,Technical,74.96,88.0,80.18,Passed
547,2431,2026-06-13,Technical,65.11,41.85,55.81,Failed
548,2434,2026-08-08,Technical,80.68,60.47,72.59,Passed
549,2438,2026-02-23,Technical,55.34,60.63,57.46,Failed
550,2440,2025-11-04,Technical,69.42,60.93,66.02,Passed
551,2443,2026-08-28,Technical,41.12,83.46,58.06,Failed
552,2453,2026-04-14,Technical,89.85,79.77,85.82,Passed
553,2454,2025-10-03,Technical,56.07,66.98,60.43,Passed
554,2455,2026-05-03,Technical,71.91,78.98,74.74,Passed
555,2458,2026-09-02,Technical,81.36,58.99,72.41,Passed
556,2468,2025-11-27,Technical,73.15,76.86,74.63,Passed
557,2488,2026-03-19,Technical,92.38,80.57,87.66,Passed
558,2495,2026-04-06,Technical,83.05,71.26,78.33,Passed
559,2503,2025-09-28,Technical,91.75,76.15,85.51,Passed
560,2504,2026-04-10,Technical,59.94,91.05,72.39,Passed
561,2512,2026-01-20,Technical,81.77,63.35,74.4,Passed
562,2516,2026-02-14,Technical,65.29,74.45,68.95,Passed
563,2518,2026-06-12,Technical,78.48,72.96,76.27,Passed
564,2520,2026-05-03,Technical,76.36,95.5,84.01,Passed
565,2522,2026-01-15,Technical,87.0,72.86,81.34,Passed
566,2528,2026-03-28,Technical,85.18,54.51,72.91,Passed
567,2530,2026-04-22,Technical,77.57,97.14,85.4,Passed
568,2531,2026-08-18,Technical,68.95,57.29,64.28,Passed
569,2538,2026-07-12,Technical,62.87,53.66,59.18,Failed
570,2543,2026-05-11,Technical,61.01,64.44,62.38,Passed
571,2545,2026-09-02,Technical,52.32,70.23,59.49,Failed
572,2549,2026-03-31,Technical,84.63,56.38,73.33,Passed
573,2563,2026-08-17,Technical,93.27,77.66,87.03,Passed
574,2567,2026-07-05,Technical,86.43,60.13,75.91,Passed
575,2569,2026-08-25,Technical,83.96,53.62,71.83,Passed
576,2573,2026-09-26,Technical,84.46,72.58,79.71,Passed
577,2576,2026-02-25,Technical,79.75,52.37,68.79,Passed
578,2577,2026-01-04,Technical,59.47,78.96,67.26,Passed
579,2579,2026-02-22,Technical,58.72,76.95,66.01,Passed
580,2582,2026-03-22,Technical,52.86,82.72,64.81,Passed
581,2583,2025-10-31,Technical,54.74,78.28,64.16,Passed
582,2584,2026-01-10,Technical,80.76,59.55,72.27,Passed
583,2585,2026-01-18,Technical,80.15,73.91,77.65,Passed
584,2587,2026-06-24,Technical,64.46,54.87,60.62,Passed
585,2590,2026-08-28,Technical,44.52,75.24,56.81,Failed
586,2591,2025-09-30,Technical,50.09,71.43,58.63,Failed
587,2604,2026-02-26,Technical,68.31,80.19,73.06,Passed
588,2617,2026-04-10,Technical,67.77,65.06,66.69,Passed
589,2619,2026-02-21,Technical,82.25,75.03,79.36,Passed
590,2637,2025-12-28,Technical,76.43,77.04,76.67,Passed
591,2638,2026-04-09,Technical,50.5,81.35,62.84,Passed
592,2640,2026-07-27,Technical,80.57,54.75,70.24,Passed
593,2644,2026-02-18,Technical,68.58,69.41,68.91,Passed
594,2646,2026-07-07,Technical,70.12,75.01,72.07,Passed
595,2662,2026-03-10,Technical,92.04,86.23,89.71,Passed
596,2666,2026-07-05,Technical,53.63,79.33,63.91,Passed
597,2667,2025-10-24,Technical,90.61,75.8,84.68,Passed
598,2670,2025-12-25,Technical,87.27,100.0,92.36,Passed
599,2676,2026-04-02,Technical,86.33,73.74,81.3,Passed
600,2679,2025-12-27,Technical,86.63,72.17,80.85,Passed
601,2680,2025-12-26,Technical,72.33,64.73,69.29,Passed
602,2681,2026-03-26,Technical,93.89,57.72,79.42,Passed
603,2684,2026-03-02,Technical,93.45,77.5,87.07,Passed
604,2689,2025-12-03,Technical,52.41,75.51,61.65,Passed
605,2691,2026-06-03,Technical,42.6,79.38,57.31,Failed
606,2692,2026-06-05,Technical,84.39,61.11,75.08,Passed
607,2693,2025-10-15,Technical,73.73,99.31,83.96,Passed
608,2695,2026-03-16,Technical,64.92,54.12,60.6,Passed
609,2698,2026-02-20,Technical,92.74,99.44,95.42,Passed
610,2702,2026-03-05,Technical,72.05,85.17,77.3,Passed
611,2705,2026-03-12,Technical,90.78,58.86,78.01,Passed
612,2713,2025-10-25,Technical,65.21,88.46,74.51,Passed
613,2718,2026-03-02,Technical,95.59,78.44,88.73,Passed
614,2720,2026-01-18,Technical,59.68,99.81,75.73,Passed
615,2721,2026-02-01,Technical,64.57,64.97,64.73,Passed
616,2723,2026-09-11,Technical,76.79,93.31,83.4,Passed
617,2724,2025-11-27,Technical,83.96,76.22,80.86,Passed
618,2728,2026-03-18,Technical,78.49,70.65,75.35,Passed
619,2730,2026-04-27,Technical,79.81,32.06,60.71,Passed
620,2731,2026-07-22,Technical,67.85,73.62,70.16,Passed
621,2733,2026-03-24,Technical,55.89,75.79,63.85,Passed
622,2735,2025-12-15,Technical,69.14,96.33,80.02,Passed
623,2746,2026-07-07,Technical,94.02,63.01,81.62,Passed
624,2747,2026-07-04,Technical,69.89,68.89,69.49,Passed
625,2749,2026-04-26,Technical,65.68,72.93,68.58,Passed
626,2755,2026-04-13,Technical,61.38,53.04,58.05,Failed
627,2756,2026-05-28,Technical,80.72,79.44,80.21,Passed
628,2757,2025-11-29,Technical,60.74,83.43,69.82,Passed
629,2761,2025-10-15,Technical,63.16,73.8,67.41,Passed
630,2765,2026-08-24,Technical,83.48,69.5,77.89,Passed
631,2766,2026-08-11,Technical,78.37,62.25,71.92,Passed
632,2767,2025-12-03,Technical,69.25,66.91,68.31,Passed
633,2768,2026-09-21,Technical,61.55,67.35,63.87,Passed
634,2769,2026-04-25,Technical,50.32,62.63,55.24,Failed
635,2770,2026-07-03,Technical,68.01,66.16,67.27,Passed
636,2771,2026-01-02,Technical,68.62,69.07,68.8,Passed
637,2775,2026-05-05,Technical,78.71,83.12,80.47,Passed
638,2778,2026-06-16,Technical,62.9,51.95,58.52,Failed
639,2786,2025-12-09,Technical,57.41,62.69,59.52,Failed
640,2788,2026-04-01,Technical,67.07,58.45,63.62,Passed
641,2791,2025-10-14,Technical,53.85,63.16,57.58,Failed
642,2792,2026-03-04,Technical,74.54,78.93,76.29,Passed
643,2797,2025-11-11,Technical,64.2,63.81,64.04,Passed
644,2798,2026-01-31,Technical,59.03,69.53,63.23,Passed
645,2799,2025-11-01,Technical,60.12,78.6,67.51,Passed
646,2803,2026-08-16,Technical,47.0,64.61,54.04,Failed
647,2806,2026-06-16,Technical,76.22,72.76,74.83,Passed
648,2810,2026-05-18,Technical,100.0,75.25,90.1,Passed
649,2816,2026-06-09,Technical,57.94,68.57,62.19,Passed
650,2819,2025-11-12,Technical,47.13,68.79,55.8,Failed
651,2820,2026-06-16,Technical,60.34,83.73,69.69,Passed
652,2821,2026-05-11,Technical,64.31,68.25,65.88,Passed
653,2824,2026-04-03,Technical,63.1,96.08,76.29,Passed
654,2825,2026-01-14,Technical,67.5,97.49,79.5,Passed
655,2832,2026-04-29,Technical,83.4,77.23,80.93,Passed
656,2852,2026-04-03,Technical,77.16,75.91,76.66,Passed
657,2858,2026-02-04,Technical,45.01,65.82,53.33,Failed
658,2861,2026-04-04,Technical,83.83,69.27,78.01,Passed
659,2864,2025-10-16,Technical,52.33,69.21,59.08,Failed
660,2866,2025-12-18,Technical,95.86,88.7,93.0,Passed
661,2870,2026-04-26,Technical,71.13,84.27,76.39,Passed
662,2871,2026-01-22,Technical,66.87,44.44,57.9,Failed
663,2872,2026-09-12,Technical,59.06,93.44,72.81,Passed
664,2875,2026-01-28,Technical,68.16,66.35,67.44,Passed
665,2886,2026-02-24,Technical,67.8,98.56,80.11,Passed
666,2887,2026-03-21,Technical,94.76,100.0,96.86,Passed
667,2890,2026-06-20,Technical,69.77,74.43,71.64,Passed
668,2893,2026-01-14,Technical,50.77,92.15,67.32,Passed
669,2898,2025-09-29,Technical,55.65,73.25,62.69,Passed
670,2900,2026-03-13,Technical,56.64,61.17,58.45,Failed
671,2902,2026-05-04,Technical,60.28,60.88,60.52,Passed
672,2904,2025-09-29,Technical,64.45,61.78,63.38,Passed
673,2906,2026-04-01,Technical,83.67,53.43,71.57,Passed
674,2908,2026-09-22,Technical,75.09,88.27,80.36,Passed
675,2913,2026-08-17,Technical,64.82,59.23,62.58,Passed
676,2914,2026-05-23,Technical,68.77,87.7,76.34,Passed
677,2915,2025-12-25,Technical,74.72,62.03,69.64,Passed
678,2916,2026-04-09,Technical,78.77,53.47,68.65,Passed
679,2922,2026-07-09,Technical,81.54,76.13,79.38,Passed
680,2923,2026-08-20,Technical,67.69,57.42,63.58,Passed
681,2932,2025-12-30,Technical,59.59,78.02,66.96,Passed
682,2933,2025-09-25,Technical,89.21,60.44,77.7,Passed
683,2935,2026-03-03,Technical,78.42,38.69,62.53,Passed
684,2939,2026-05-10,Technical,63.82,69.53,66.1,Passed
685,2941,2025-10-01,Technical,59.26,55.95,57.94,Failed
686,2942,2026-04-26,Technical,62.65,74.38,67.34,Passed
687,2950,2025-10-07,Technical,69.38,36.43,56.2,Failed
688,2954,2025-10-12,Technical,42.31,60.9,49.74,Failed
689,2964,2025-11-08,Technical,78.41,28.79,58.56,Failed
690,2967,2026-05-01,Technical,65.0,62.11,63.84,Passed
691,2970,2026-06-17,Technical,91.44,64.22,80.55,Passed
692,2971,2025-11-02,Technical,77.36,72.12,75.26,Passed
693,2974,2026-02-01,Technical,42.17,81.52,57.91,Failed
694,2977,2026-02-09,Technical,75.02,77.62,76.06,Passed
695,2978,2026-09-02,Technical,100.0,38.74,75.5,Passed
696,2987,2025-11-15,Technical,96.15,65.69,83.96,Passed
697,2989,2025-10-02,Technical,76.02,69.32,73.34,Passed
698,2990,2026-05-12,Technical,66.06,61.45,64.22,Passed
699,2991,2025-11-25,Technical,76.61,47.24,64.86,Passed
700,2992,2026-01-18,Technical,82.51,63.76,75.01,Passed
701,2995,2025-09-25,Technical,56.18,63.25,59.01,Failed
702,3011,2026-02-01,Technical,89.6,61.97,78.55,Passed
703,3014,2026-07-04,Technical,77.02,59.04,69.83,Passed
704,3016,2025-12-08,Technical,82.61,80.28,81.68,Passed
705,3026,2026-04-12,Technical,97.88,67.37,85.67,Passed
706,3028,2026-09-04,Technical,81.36,71.47,77.41,Passed
707,3031,2026-08-16,Technical,90.14,59.22,77.77,Passed
708,3032,2026-05-01,Technical,82.43,67.08,76.29,Passed
709,3046,2026-09-12,Technical,71.1,71.38,71.21,Passed
710,3055,2026-03-18,Technical,75.53,68.26,72.62,Passed
711,3061,2025-12-26,Technical,75.01,93.67,82.47,Passed
712,3066,2026-07-17,Technical,85.8,83.04,84.69,Passed
713,3069,2026-07-02,Technical,65.62,56.66,62.04,Passed
714,3076,2025-11-10,Technical,85.37,83.14,84.48,Passed
715,3077,2026-09-04,Technical,92.62,60.94,79.95,Passed
716,3078,2026-01-11,Technical,68.79,45.41,59.43,Failed
717,3080,2026-01-19,Technical,66.51,84.95,73.88,Passed
718,3092,2026-02-03,Technical,65.47,79.61,71.12,Passed
719,3094,2026-05-31,Technical,69.33,74.86,71.54,Passed
720,3097,2026-09-08,Technical,55.93,71.28,62.07,Passed
721,3098,2025-12-31,Technical,30.12,67.2,44.95,Failed
722,3106,2026-07-01,Technical,49.17,88.09,64.74,Passed
723,3107,2026-02-04,Technical,82.88,77.0,80.53,Passed
724,3109,2026-08-12,Technical,93.29,55.77,78.28,Passed
725,3110,2026-02-18,Technical,96.46,83.98,91.47,Passed
726,3112,2026-04-15,Technical,68.69,87.03,76.03,Passed
727,3113,2026-01-22,Technical,56.51,57.63,56.96,Failed
728,3115,2026-07-27,Technical,63.48,62.07,62.91,Passed
729,3117,2026-04-16,Technical,57.21,88.35,69.66,Passed
730,3120,2026-07-06,Technical,68.38,75.29,71.14,Passed
731,3122,2026-08-26,Technical,64.02,42.69,55.49,Failed
732,3124,2026-03-20,Technical,75.78,41.32,61.99,Passed
733,3134,2026-02-21,Technical,71.04,49.48,62.41,Passed
734,3135,2026-01-08,Technical,99.82,83.67,93.36,Passed
735,3139,2025-12-25,Technical,73.48,88.96,79.67,Passed
736,3140,2026-05-14,Technical,60.15,78.15,67.35,Passed
737,3145,2026-08-01,Technical,74.8,73.96,74.46,Passed
738,3147,2025-10-04,Technical,89.81,80.99,86.28,Passed
739,3155,2026-08-26,Technical,76.04,45.18,63.7,Passed
740,3156,2025-10-12,Technical,58.56,68.16,62.4,Passed
741,3165,2026-07-16,Technical,73.31,53.05,65.2,Passed
742,3172,2026-06-04,Technical,100.0,92.75,97.1,Passed
743,3173,2025-11-05,Technical,80.43,71.08,76.69,Passed
744,3177,2026-09-01,Technical,69.03,55.72,63.71,Passed
745,3192,2025-11-24,Technical,73.08,73.87,73.4,Passed
746,3193,2025-11-16,Technical,54.62,75.01,62.77,Passed
747,3195,2025-11-20,Technical,69.83,41.38,58.45,Failed
748,3196,2026-05-11,Technical,59.95,63.8,61.49,Passed
749,3200,2026-01-16,Technical,98.43,78.35,90.4,Passed
750,3212,2026-08-23,Technical,53.3,77.29,62.9,Passed
751,3217,2026-03-05,Technical,50.34,86.24,64.7,Passed
752,3221,2026-06-25,Technical,65.4,68.6,66.68,Passed
753,3226,2026-04-16,Technical,90.56,50.69,74.61,Passed
754,3230,2026-09-02,Technical,52.44,61.25,55.96,Failed
755,3237,2025-10-19,Technical,86.54,47.21,70.81,Passed
756,3239,2026-07-30,Technical,32.35,63.23,44.7,Failed
757,3253,2026-05-08,Technical,79.72,88.0,83.04,Passed
758,3255,2026-03-21,Technical,65.52,63.83,64.84,Passed
759,3259,2026-05-03,Technical,88.15,41.95,69.67,Passed
760,3260,2026-06-18,Technical,66.56,72.86,69.08,Passed
761,3272,2026-05-03,Technical,78.29,62.35,71.91,Passed
762,3274,2025-10-29,Technical,72.48,32.68,56.56,Failed
763,3276,2025-11-21,Technical,62.78,76.8,68.39,Passed
764,3278,2026-06-01,Technical,58.25,70.88,63.3,Passed
765,3279,2026-08-15,Technical,78.26,64.86,72.9,Passed
766,3286,2025-11-10,Technical,74.39,55.56,66.86,Passed
767,3291,2025-11-19,Technical,69.11,79.15,73.13,Passed
768,3292,2025-12-30,Technical,74.2,61.2,69.0,Passed
769,3293,2026-01-07,Technical,75.14,80.72,77.37,Passed
770,3299,2026-05-31,Technical,43.3,87.39,60.93,Passed
771,3303,2025-11-06,Technical,67.29,76.38,70.93,Passed
772,3304,2026-01-07,Technical,88.76,49.42,73.03,Passed
773,3305,2025-10-22,Technical,62.07,65.67,63.51,Passed
774,3307,2025-11-03,Technical,61.03,96.02,75.03,Passed
775,3311,2026-04-22,Technical,60.01,61.67,60.67,Passed
776,3312,2026-07-09,Technical,74.86,51.97,65.7,Passed
777,3314,2026-02-16,Technical,66.46,74.76,69.78,Passed
778,3316,2026-03-03,Technical,67.34,68.6,67.84,Passed
779,3318,2025-12-16,Technical,64.59,47.28,57.67,Failed
780,3330,2026-02-21,Technical,76.5,96.32,84.43,Passed
781,3336,2025-09-21,Technical,72.26,73.38,72.71,Passed
782,3337,2025-12-07,Technical,81.7,50.96,69.4,Passed
783,3340,2026-09-02,Technical,95.84,73.03,86.72,Passed
784,3357,2026-06-20,Technical,94.85,59.0,80.51,Passed
785,3364,2025-12-20,Technical,97.45,81.63,91.12,Passed
786,3378,2026-08-06,Technical,79.74,73.51,77.25,Passed
787,3383,2026-06-11,Technical,68.52,88.01,76.32,Passed
788,3404,2026-05-15,Technical,73.97,40.49,60.58,Passed
789,3411,2026-07-22,Technical,56.36,67.21,60.7,Passed
790,3415,2025-12-04,Technical,76.34,69.15,73.46,Passed
791,3421,2026-03-09,Technical,89.07,40.73,69.73,Passed
792,3422,2026-01-08,Technical,74.01,42.73,61.5,Passed
793,3423,2026-06-22,Technical,82.64,68.58,77.01,Passed
794,3427,2025-09-30,Technical,77.87,57.04,69.54,Passed
795,3428,2026-08-04,Technical,89.91,85.63,88.2,Passed
796,3429,2026-01-29,Technical,80.17,68.06,75.32,Passed
797,3432,2026-05-07,Technical,80.12,59.4,71.83,Passed
798,3433,2026-06-14,Technical,83.98,94.74,88.28,Passed
799,3440,2026-09-19,Technical,86.99,59.06,75.82,Passed
800,3442,2025-11-12,Technical,77.06,50.6,66.48,Passed
801,3454,2026-02-02,Technical,80.01,76.76,78.71,Passed
802,3455,2026-06-16,Technical,45.82,52.57,48.52,Failed
803,3458,2026-08-05,Technical,68.04,65.49,67.02,Passed
804,3461,2026-05-29,Technical,55.07,75.83,63.37,Passed
805,3463,2026-07-12,Technical,75.52,67.09,72.15,Passed
806,3465,2025-11-14,Technical,61.42,85.73,71.14,Passed
807,3470,2026-07-02,Technical,95.18,62.75,82.2,Passed
808,3473,2026-06-02,Technical,63.43,77.37,69.01,Passed
809,3475,2025-09-23,Technical,66.99,67.91,67.36,Passed
810,3477,2025-09-28,Technical,82.36,41.36,65.96,Passed
811,3482,2025-11-02,Technical,90.46,71.09,82.71,Passed
812,3492,2026-03-27,Technical,66.24,68.66,67.21,Passed
813,3497,2025-12-21,Technical,71.47,44.03,60.5,Passed
814,3508,2026-03-20,Technical,92.93,70.62,84.01,Passed
815,3514,2025-11-24,Technical,78.2,84.27,80.63,Passed
816,3519,2026-05-20,Technical,57.7,77.1,65.46,Passed
817,3520,2025-09-30,Technical,68.25,82.7,74.03,Passed
818,3526,2026-08-20,Technical,42.22,68.51,52.74,Failed
819,3531,2026-03-19,Technical,63.56,76.48,68.73,Passed
820,3534,2026-02-22,Technical,78.58,59.39,70.9,Passed
821,3539,2026-05-09,Technical,62.03,68.34,64.55,Passed
822,3547,2025-11-24,Technical,59.45,82.63,68.72,Passed
823,3549,2026-02-19,Technical,66.83,26.4,50.66,Failed
824,3550,2026-01-08,Technical,66.75,54.42,61.82,Passed
825,3554,2025-11-13,Technical,49.16,51.44,50.07,Failed
826,3558,2025-10-01,Technical,73.53,89.93,80.09,Passed
827,3559,2026-08-09,Technical,76.38,60.9,70.19,Passed
828,3569,2025-10-27,Technical,78.38,63.11,72.28,Passed
829,3579,2026-04-06,Technical,62.28,52.68,58.44,Failed
830,3584,2026-06-05,Technical,47.47,64.15,54.15,Failed
831,3588,2026-04-26,Technical,74.21,68.55,71.95,Passed
832,3592,2025-11-09,Technical,66.18,55.81,62.03,Passed
833,3593,2026-01-05,Technical,80.52,50.24,68.41,Passed
834,3595,2026-05-19,Technical,82.86,54.97,71.71,Passed
835,3599,2025-12-04,Technical,61.47,48.0,56.08,Failed
836,3601,2025-11-02,Technical,64.98,84.63,72.84,Passed
837,3604,2026-04-30,Technical,79.22,84.68,81.4,Passed
838,3611,2026-06-24,Technical,79.31,53.44,68.96,Passed
839,3621,2026-09-06,Technical,67.37,58.3,63.74,Passed
840,3625,2026-08-17,Technical,90.63,52.05,75.2,Passed
841,3626,2026-06-05,Technical,84.51,83.39,84.06,Passed
842,3630,2026-09-22,Technical,97.61,63.85,84.11,Passed
843,3632,2026-08-28,Technical,81.97,100.0,89.18,Passed
844,3635,2026-06-19,Technical,63.35,46.97,56.8,Failed
845,3640,2026-05-27,Technical,45.68,80.69,59.68,Failed
846,3644,2026-09-21,Technical,45.64,64.42,53.15,Failed
847,3645,2026-09-04,Technical,78.12,72.78,75.98,Passed
848,3651,2026-06-01,Technical,77.96,73.33,76.11,Passed
849,3664,2026-08-20,Technical,89.9,55.72,76.23,Passed
850,3667,2026-06-13,Technical,62.52,58.41,60.88,Passed
851,3673,2025-11-20,Technical,83.62,83.51,83.58,Passed
852,3674,2026-04-17,Technical,78.32,87.75,82.09,Passed
853,3675,2026-04-09,Technical,55.51,95.01,71.31,Passed
854,3676,2025-12-09,Technical,93.33,81.03,88.41,Passed
855,3677,2026-01-16,Technical,96.95,45.15,76.23,Passed
856,3680,2026-07-15,Technical,64.66,58.97,62.38,Passed
857,3686,2025-11-22,Technical,82.1,54.25,70.96,Passed
858,3688,2025-12-18,Technical,82.6,90.56,85.79,Passed
859,3690,2026-07-23,Technical,81.73,74.26,78.74,Passed
860,3691,2026-01-17,Technical,58.17,57.3,57.82,Failed
861,3692,2025-11-27,Technical,89.49,81.69,86.37,Passed
862,3693,2025-12-07,Technical,71.45,63.73,68.36,Passed
863,3697,2026-03-18,Technical,43.64,53.94,47.76,Failed
864,3704,2026-02-05,Technical,98.76,50.79,79.57,Passed
865,3712,2026-06-24,Technical,74.65,85.11,78.84,Passed
866,3718,2026-01-09,Technical,54.43,72.77,61.77,Passed
867,3721,2026-05-03,Technical,85.13,70.19,79.15,Passed
868,3727,2025-11-03,Technical,100.0,44.97,77.99,Passed
869,3729,2026-06-29,Technical,86.82,67.41,79.06,Passed
870,3735,2026-08-10,Technical,82.81,76.62,80.33,Passed
871,3743,2026-09-24,Technical,61.74,73.43,66.42,Passed
872,3745,2025-12-04,Technical,45.99,79.05,59.21,Failed
873,3747,2026-04-04,Technical,76.17,79.58,77.54,Passed
874,3748,2026-01-18,Technical,86.81,75.51,82.29,Passed
875,3756,2026-01-21,Technical,74.07,56.78,67.16,Passed
876,3763,2026-04-30,Technical,62.03,87.8,72.34,Passed
877,3767,2025-11-05,Technical,92.11,66.43,81.84,Passed
878,3768,2026-04-02,Technical,72.64,56.43,66.16,Passed
879,3769,2026-01-28,Technical,88.42,79.98,85.04,Passed
880,3770,2026-05-11,Technical,99.18,56.83,82.24,Passed
881,3772,2026-09-08,Technical,66.71,73.47,69.41,Passed
882,3778,2026-05-20,Technical,81.05,66.76,75.34,Passed
883,3786,2026-05-21,Technical,59.78,83.22,69.16,Passed
884,3798,2025-12-05,Technical,82.1,56.26,71.76,Passed
885,3802,2026-01-21,Technical,90.98,87.55,89.61,Passed
886,3804,2026-02-04,Technical,73.88,71.19,72.81,Passed
887,3809,2026-05-08,Technical,79.76,57.07,70.68,Passed
888,3813,2026-01-02,Technical,72.42,37.71,58.54,Failed
889,3821,2026-09-25,Technical,84.27,46.58,69.19,Passed
890,3824,2026-04-05,Technical,93.05,65.05,81.85,Passed
891,3831,2026-05-06,Technical,69.04,60.58,65.66,Passed
892,3832,2026-01-03,Technical,67.97,91.28,77.29,Passed
893,3845,2026-04-03,Technical,37.17,89.15,57.96,Failed
894,3849,2026-03-24,Technical,76.73,51.89,66.8,Passed
895,3850,2025-10-03,Technical,56.95,95.15,72.23,Passed
896,3851,2026-07-14,Technical,58.76,52.7,56.34,Failed
897,3853,2026-04-12,Technical,87.92,75.08,82.78,Passed
898,3854,2026-03-08,Technical,58.87,73.25,64.62,Passed
899,3856,2025-12-23,Technical,57.64,86.51,69.19,Passed
900,3858,2026-03-21,Technical,86.86,77.98,83.31,Passed
901,3866,2026-09-03,Technical,77.06,96.42,84.81,Passed
902,3869,2026-06-11,Technical,72.0,52.27,64.11,Passed
903,3880,2025-10-06,Technical,78.29,100.0,86.98,Passed
904,3885,2026-05-29,Technical,57.79,64.58,60.51,Passed
905,3889,2026-05-03,Technical,77.83,69.19,74.37,Passed
906,3900,2025-12-11,Technical,58.25,86.83,69.68,Passed
907,3915,2026-08-05,Technical,100.0,72.94,89.18,Passed
908,3917,2026-08-19,Technical,59.34,46.77,54.31,Failed
909,3919,2025-11-02,Technical,75.61,86.56,79.99,Passed
910,3925,2025-10-13,Technical,78.65,69.96,75.18,Passed
911,3926,2026-04-12,Technical,63.75,53.62,59.7,Failed
912,3933,2026-03-05,Technical,83.69,83.71,83.69,Passed
913,3934,2026-09-12,Technical,50.36,93.85,67.75,Passed
914,3936,2026-07-03,Technical,80.04,90.99,84.42,Passed
915,3938,2025-10-08,Technical,53.21,49.51,51.73,Failed
916,3939,2026-03-14,Technical,69.91,77.54,72.97,Passed
917,3944,2026-03-07,Technical,97.15,80.59,90.53,Passed
918,3953,2025-12-03,Technical,68.6,54.6,63.0,Passed
919,3966,2026-07-04,Technical,89.22,55.53,75.74,Passed
920,3974,2025-10-17,Technical,94.8,65.73,83.17,Passed
921,3976,2026-04-08,Technical,94.27,80.18,88.63,Passed
922,3979,2026-03-08,Technical,70.08,62.21,66.93,Passed
923,3991,2025-10-10,Technical,67.23,76.42,70.91,Passed
924,3997,2026-04-09,Technical,73.08,61.09,68.29,Passed
925,4008,2026-07-12,Technical,69.68,71.18,70.28,Passed
926,4009,2026-04-07,Technical,42.2,76.87,56.07,Failed
927,4012,2025-10-31,Technical,58.28,52.7,56.05,Failed
928,4020,2025-12-02,Technical,48.38,43.09,46.26,Failed
929,4023,2026-02-14,Technical,53.02,59.36,55.56,Failed
930,4027,2026-02-20,Technical,99.35,62.11,84.45,Passed
931,4030,2026-01-05,Technical,74.49,76.01,75.1,Passed
932,4031,2026-07-01,Technical,73.83,68.84,71.84,Passed
933,4033,2026-04-07,Technical,55.27,91.76,69.87,Passed
934,4037,2025-12-02,Technical,97.3,44.76,76.28,Passed
935,4040,2026-07-19,Technical,57.66,65.8,60.92,Passed
936,4042,2025-12-01,Technical,58.5,77.59,66.13,Passed
937,4047,2026-06-17,Technical,61.8,100.0,77.08,Passed
938,4054,2026-03-09,Technical,88.67,73.19,82.48,Passed
939,4056,2026-01-15,Technical,86.38,86.59,86.46,Passed
940,4064,2026-02-01,Technical,64.1,57.76,61.57,Passed
941,4065,2026-01-06,Technical,73.09,82.92,77.03,Passed
942,4073,2026-05-28,Technical,73.95,46.35,62.91,Passed
943,4074,2025-11-26,Technical,60.76,68.89,64.01,Passed
944,4075,2026-03-04,Technical,70.94,99.59,82.4,Passed
945,4077,2026-07-09,Technical,52.6,77.58,62.59,Passed
946,4083,2026-01-11,Technical,92.85,100.0,95.71,Passed
947,4087,2026-05-21,Technical,66.34,77.37,70.75,Passed
948,4090,2025-11-17,Technical,79.98,72.93,77.16,Passed
949,4091,2026-07-28,Technical,70.62,76.54,72.99,Passed
950,4095,2025-12-18,Technical,36.55,80.23,54.02,Failed
951,4102,2026-06-03,Technical,73.77,66.66,70.93,Passed
952,4109,2026-06-08,Technical,100.0,59.88,83.95,Passed
953,4115,2025-12-17,Technical,66.36,99.87,79.76,Passed
954,4116,2026-02-25,Technical,60.35,61.75,60.91,Passed
955,4123,2026-02-18,Technical,69.94,82.61,75.01,Passed
956,4127,2025-11-29,Technical,74.91,50.61,65.19,Passed
957,4133,2026-08-24,Technical,64.55,60.89,63.09,Passed
958,4136,2025-11-19,Technical,70.92,76.39,73.11,Passed
959,4141,2026-08-25,Technical,77.85,43.36,64.06,Passed
960,4146,2026-06-16,Technical,86.9,73.79,81.65,Passed
961,4148,2025-09-30,Technical,91.38,76.66,85.5,Passed
962,4149,2026-07-14,Technical,87.42,77.0,83.25,Passed
963,4161,2025-11-23,Technical,90.85,77.83,85.64,Passed
964,4164,2026-08-20,Technical,70.63,100.0,82.38,Passed
965,4181,2026-03-20,Technical,84.45,78.61,82.11,Passed
966,4184,2026-03-29,Technical,54.13,50.68,52.75,Failed
967,4189,2026-02-19,Technical,76.1,72.18,74.53,Passed
968,4197,2025-11-20,Technical,63.4,72.11,66.89,Passed
969,4198,2026-09-02,Technical,94.24,80.43,88.72,Passed
970,4207,2025-11-30,Technical,56.03,68.33,60.95,Passed
971,4209,2025-10-20,Technical,60.73,64.18,62.11,Passed
972,4212,2025-12-11,Technical,66.21,62.84,64.86,Passed
973,4214,2025-10-05,Technical,54.43,68.09,59.89,Failed
974,4216,2026-03-03,Technical,64.15,26.06,48.91,Failed
975,4217,2026-09-15,Technical,100.0,86.33,94.53,Passed
976,4219,2025-11-26,Technical,66.73,70.28,68.15,Passed
977,4220,2026-09-24,Technical,55.6,95.44,71.53,Passed
978,4228,2026-04-29,Technical,98.56,72.35,88.08,Passed
979,4237,2026-03-04,Technical,86.33,72.63,80.85,Passed
980,4249,2026-07-27,Technical,53.29,63.82,57.5,Failed
981,4257,2026-08-30,Technical,73.85,63.18,69.58,Passed
982,4268,2026-06-20,Technical,68.94,68.63,68.81,Passed
983,4275,2026-01-26,Technical,70.87,70.78,70.83,Passed
984,4281,2025-09-24,Technical,57.15,59.24,57.99,Failed
985,4291,2026-01-09,Technical,54.02,84.67,66.28,Passed
986,4295,2026-01-14,Technical,42.52,87.3,60.43,Passed
987,4297,2026-01-22,Technical,91.41,65.47,81.03,Passed
988,4298,2026-07-03,Technical,35.56,64.58,47.17,Failed
989,4300,2026-03-20,Technical,71.1,54.84,64.6,Passed
990,4303,2026-05-26,Technical,64.79,92.95,76.05,Passed
991,4309,2026-01-24,Technical,81.31,56.13,71.24,Passed
992,4314,2025-12-17,Technical,49.63,65.09,55.82,Failed
993,4317,2026-08-30,Technical,69.01,77.44,72.38,Passed
994,4318,2026-02-18,Technical,64.51,77.67,69.77,Passed
995,4319,2025-10-07,Technical,99.09,82.23,92.35,Passed
996,4321,2025-10-24,Technical,71.33,67.25,69.7,Passed
997,4331,2025-12-25,Technical,67.01,87.71,75.29,Passed
998,4335,2025-10-28,Technical,63.22,70.68,66.2,Passed
999,4342,2025-11-08,Technical,72.72,62.47,68.62,Passed
1000,4343,2025-12-02,Technical,52.79,74.84,61.61,Passed
1001,4345,2025-10-08,Technical,71.15,77.5,73.69,Passed
1002,4355,2026-01-09,Technical,64.53,88.31,74.04,Passed
1003,4361,2026-03-11,Technical,59.73,95.68,74.11,Passed
1004,4363,2026-06-13,Technical,47.53,76.52,59.13,Failed
1005,4365,2026-01-22,Technical,78.66,58.07,70.42,Passed
1006,4367,2026-03-13,Technical,77.94,89.19,82.44,Passed
1007,4368,2026-05-31,Technical,40.96,77.54,55.6,Failed
1008,4370,2026-06-05,Technical,37.09,55.52,44.46,Failed
1009,4376,2026-02-26,Technical,94.81,61.27,81.39,Passed
1010,4399,2026-05-01,Technical,55.57,67.03,60.15,Passed
1011,4402,2025-12-30,Technical,100.0,42.52,77.01,Passed
1012,4404,2026-05-10,Technical,57.28,92.46,71.35,Passed
1013,4407,2026-04-27,Technical,98.01,68.45,86.18,Passed
1014,4412,2026-07-16,Technical,54.65,100.0,72.79,Passed
1015,4413,2025-10-22,Technical,94.32,80.18,88.67,Passed
1016,4414,2025-11-17,Technical,60.63,69.26,64.08,Passed
1017,4423,2026-03-12,Technical,69.75,74.96,71.84,Passed
1018,4436,2026-07-11,Technical,92.31,83.19,88.66,Passed
1019,4437,2026-01-15,Technical,56.92,90.65,70.41,Passed
1020,4443,2026-01-01,Technical,76.38,80.31,77.95,Passed
1021,4444,2026-07-22,Technical,92.53,53.33,76.85,Passed
1022,4445,2026-09-12,Technical,71.5,62.03,67.71,Passed
1023,4446,2026-05-12,Technical,50.05,75.2,60.11,Passed
1024,4447,2025-11-08,Technical,100.0,42.4,76.96,Passed
1025,4453,2026-06-09,Technical,71.55,79.61,74.77,Passed
1026,4455,2026-08-22,Technical,73.72,68.3,71.56,Passed
1027,4473,2025-11-09,Technical,53.81,73.49,61.68,Passed
1028,4487,2025-11-02,Technical,61.41,37.15,51.7,Failed
1029,4502,2026-09-18,Technical,88.72,84.38,86.98,Passed
1030,4507,2026-03-11,Technical,72.72,73.44,73.01,Passed
1031,4508,2026-07-28,Technical,87.04,73.37,81.57,Passed
1032,4515,2025-12-11,Technical,84.66,65.54,77.01,Passed
1033,4518,2026-03-11,Technical,90.37,74.81,84.15,Passed
1034,4524,2025-10-08,Technical,74.72,50.95,65.21,Passed
1035,4530,2026-05-07,Technical,76.02,57.52,68.62,Passed
1036,4531,2025-10-18,Technical,63.06,57.77,60.95,Passed
1037,4532,2026-09-21,Technical,57.07,100.0,74.24,Passed
1038,4534,2026-04-19,Technical,90.64,98.81,93.91,Passed
1039,4544,2025-11-14,Technical,54.88,71.07,61.36,Passed
1040,4545,2026-03-02,Technical,53.89,59.56,56.16,Failed
1041,4556,2025-10-05,Technical,59.15,88.59,70.93,Passed
1042,4562,2026-07-10,Technical,66.45,86.03,74.28,Passed
1043,4566,2025-10-12,Technical,80.46,100.0,88.27,Passed
1044,4572,2026-04-11,Technical,51.29,88.89,66.33,Passed
1045,4577,2026-04-11,Technical,88.05,55.4,74.99,Passed
1046,4583,2026-06-12,Technical,86.1,75.04,81.68,Passed
1047,4587,2026-09-01,Technical,68.82,57.64,64.35,Passed
1048,4588,2026-02-26,Technical,61.93,100.0,77.16,Passed
1049,4589,2025-12-21,Technical,72.01,81.73,75.9,Passed
1050,4610,2025-11-04,Technical,60.93,58.3,59.88,Failed
1051,4613,2025-10-09,Technical,87.15,49.76,72.19,Passed
1052,4615,2025-12-17,Technical,66.19,70.51,67.92,Passed
1053,4617,2026-05-30,Technical,73.56,67.31,71.06,Passed
1054,4619,2026-05-13,Technical,77.54,80.39,78.68,Passed
1055,4625,2026-07-26,Technical,82.28,55.21,71.46,Passed
1056,4631,2025-12-24,Technical,68.02,87.92,75.98,Passed
1057,4632,2026-03-11,Technical,84.53,49.41,70.48,Passed
1058,4638,2025-12-06,Technical,76.92,40.33,62.28,Passed
1059,4642,2026-03-05,Technical,72.66,98.47,82.98,Passed
1060,4646,2026-09-27,Technical,58.73,57.49,58.23,Failed
1061,4661,2026-07-23,Technical,82.7,46.86,68.36,Passed
1062,4666,2026-01-04,Technical,63.14,78.95,69.46,Passed
1063,4678,2025-10-24,Technical,63.12,66.46,64.46,Passed
1064,4679,2026-07-10,Technical,82.42,76.32,79.98,Passed
1065,4683,2025-12-02,Technical,75.74,64.91,71.41,Passed
1066,4684,2026-09-22,Technical,77.18,68.14,73.57,Passed
1067,4685,2026-02-19,Technical,78.41,62.55,72.06,Passed
1068,4691,2026-09-20,Technical,69.44,55.15,63.73,Passed
1069,4707,2026-07-19,Technical,71.51,57.83,66.04,Passed
1070,4712,2025-10-09,Technical,56.4,73.88,63.39,Passed
1071,4714,2025-11-06,Technical,74.98,81.74,77.68,Passed
1072,4715,2025-10-19,Technical,65.96,76.12,70.03,Passed
1073,4727,2026-07-24,Technical,79.71,76.67,78.5,Passed
1074,4728,2026-09-25,Technical,60.44,72.24,65.16,Passed
1075,4729,2025-12-11,Technical,77.1,70.11,74.3,Passed
1076,4731,2026-06-16,Technical,42.79,72.41,54.64,Failed
1077,4733,2026-08-16,Technical,100.0,64.6,85.84,Passed
1078,4735,2026-01-07,Technical,61.81,75.6,67.32,Passed
1079,4736,2026-07-13,Technical,76.37,87.89,80.98,Passed
1080,4746,2025-12-26,Technical,54.39,80.97,65.02,Passed
1081,4748,2026-03-12,Technical,80.27,67.87,75.31,Passed
1082,4751,2025-10-20,Technical,76.74,85.44,80.22,Passed
1083,4753,2025-09-27,Technical,84.21,52.85,71.67,Passed
1084,4756,2026-09-07,Technical,83.48,69.03,77.7,Passed
1085,4781,2025-11-16,Technical,73.02,71.1,72.25,Passed
1086,4785,2026-03-15,Technical,69.9,87.88,77.09,Passed
1087,4788,2026-06-24,Technical,70.83,53.21,63.78,Passed
1088,4791,2026-06-15,Technical,66.49,72.68,68.97,Passed
1089,4792,2025-12-24,Technical,89.21,79.05,85.14,Passed
1090,4793,2025-10-06,Technical,60.09,100.0,76.06,Passed
1091,4801,2026-07-14,Technical,75.71,89.13,81.08,Passed
1092,4804,2025-10-05,Technical,69.88,78.0,73.13,Passed
1093,4807,2026-07-21,Technical,83.75,88.27,85.56,Passed
1094,4808,2025-09-27,Technical,86.8,83.08,85.32,Passed
1095,4809,2025-11-24,Technical,67.59,61.42,65.12,Passed
1096,4810,2026-07-21,Technical,76.66,84.0,79.59,Passed
1097,4813,2026-07-28,Technical,68.88,85.98,75.72,Passed
1098,4815,2026-07-28,Technical,92.34,56.26,77.9,Passed
1099,4821,2026-01-19,Technical,60.28,67.89,63.33,Passed
1100,4826,2026-08-14,Technical,76.31,62.13,70.64,Passed
1101,4829,2025-11-13,Technical,90.93,76.36,85.1,Passed
1102,4831,2026-09-03,Technical,72.55,48.46,62.92,Passed
1103,4833,2025-12-03,Technical,53.58,74.22,61.83,Passed
1104,4840,2025-11-20,Technical,42.14,85.19,59.36,Failed
1105,4842,2026-01-26,Technical,69.79,100.0,81.87,Passed
1106,4843,2026-02-09,Technical,100.0,67.28,86.91,Passed
1107,4845,2026-01-24,Technical,70.51,84.93,76.28,Passed
1108,4846,2026-01-08,Technical,95.84,45.43,75.68,Passed
1109,4848,2026-08-23,Technical,46.99,60.67,52.46,Failed
1110,4856,2026-03-05,Technical,80.16,77.45,79.08,Passed
1111,4862,2026-01-05,Technical,86.98,52.0,72.99,Passed
1112,4864,2026-04-13,Technical,39.57,82.87,56.89,Failed
1113,4869,2026-01-19,Technical,60.41,39.72,52.13,Failed
1114,4870,2026-09-07,Technical,74.03,81.9,77.18,Passed
1115,4871,2026-05-11,Technical,70.29,63.13,67.43,Passed
1116,4872,2026-03-06,Technical,69.77,64.44,67.64,Passed
1117,4885,2026-04-25,Technical,53.13,59.28,55.59,Failed
1118,4888,2025-11-23,Technical,79.3,74.83,77.51,Passed
1119,4894,2026-06-20,Technical,74.35,55.07,66.64,Passed
1120,4898,2026-06-22,Technical,69.46,37.34,56.61,Failed
1121,4899,2026-03-04,Technical,74.5,91.43,81.27,Passed
1122,4906,2026-05-14,Technical,51.36,61.21,55.3,Failed
1123,4907,2025-12-10,Technical,76.61,88.79,81.48,Passed
1124,4910,2026-09-18,Technical,65.72,59.62,63.28,Passed
1125,4911,2026-04-20,Technical,44.44,71.55,55.28,Failed
1126,4912,2025-10-26,Technical,100.0,74.16,89.66,Passed
1127,4914,2025-12-24,Technical,71.69,74.83,72.95,Passed
1128,4916,2026-06-08,Technical,71.84,57.8,66.23,Passed
1129,4920,2026-01-01,Technical,83.53,73.39,79.47,Passed
1130,4925,2026-05-28,Technical,72.25,55.37,65.5,Passed
1131,4929,2026-07-28,Technical,90.25,79.97,86.14,Passed
1132,4932,2026-01-28,Technical,64.26,85.03,72.57,Passed
1133,4933,2025-11-25,Technical,65.03,58.27,62.33,Passed
1134,4935,2025-10-22,Technical,61.36,43.43,54.19,Failed
1135,4938,2026-08-01,Technical,78.6,42.53,64.17,Passed
1136,4939,2026-02-24,Technical,54.8,38.87,48.43,Failed
1137,4952,2026-02-05,Technical,70.8,67.75,69.58,Passed
1138,4963,2026-02-02,Technical,67.43,54.36,62.2,Passed
1139,4967,2025-09-29,Technical,55.59,76.97,64.14,Passed
1140,4969,2025-11-04,Technical,64.29,74.75,68.47,Passed
1141,4970,2026-02-01,Technical,59.61,72.72,64.85,Passed
1142,4971,2026-07-16,Technical,90.25,78.79,85.66,Passed
1143,4976,2026-07-23,Technical,66.23,73.86,69.28,Passed
1144,4978,2026-06-15,Technical,68.63,70.12,69.23,Passed
1145,4983,2025-12-23,Technical,67.44,67.53,67.48,Passed
1146,4984,2026-06-17,Technical,74.97,55.1,67.02,Passed
1147,4986,2026-03-08,Technical,57.78,49.17,54.34,Failed
1148,4987,2026-03-12,Technical,49.6,51.74,50.45,Failed
1149,4989,2026-09-13,Technical,74.23,56.61,67.18,Passed
1150,4991,2026-07-20,Technical,79.19,70.52,75.72,Passed
1151,4995,2026-07-16,Technical,44.44,79.82,58.59,Failed
1152,4996,2026-02-14,Technical,83.35,55.09,72.05,Passed
1153,5000,2026-06-16,Technical,77.88,57.15,69.59,Passed
1154,2,2026-07-20,Final,76.17,57.83,68.83,Passed
1155,7,2026-05-06,Final,53.48,68.41,59.45,Failed
1156,8,2026-07-09,Final,73.52,68.23,71.4,Passed
1157,15,2026-06-11,Final,60.79,68.2,63.76,Passed
1158,18,2025-10-25,Final,78.23,72.46,75.92,Passed
1159,19,2026-07-11,Final,77.19,64.96,72.3,Passed
1160,23,2025-12-05,Final,89.06,58.89,76.99,Passed
1161,32,2026-02-21,Final,80.85,87.18,83.38,Passed
1162,34,2026-06-14,Final,80.77,70.57,76.69,Passed
1163,36,2026-03-22,Final,68.66,85.43,75.37,Passed
1164,41,2025-11-23,Final,57.92,61.36,59.3,Failed
1165,50,2026-01-20,Final,70.23,87.85,77.28,Passed
1166,54,2025-10-11,Final,79.56,61.38,72.29,Passed
1167,76,2025-12-02,Final,71.28,65.63,69.02,Passed
1168,97,2026-02-03,Final,66.48,84.75,73.79,Passed
1169,98,2025-11-23,Final,58.54,92.31,72.05,Passed
1170,104,2026-09-22,Final,84.94,86.09,85.4,Passed
1171,109,2025-10-24,Final,69.44,71.2,70.15,Passed
1172,111,2025-10-05,Final,57.8,66.7,61.36,Passed
1173,113,2026-03-29,Final,80.92,88.55,83.98,Passed
1174,114,2026-08-15,Final,61.71,68.61,64.47,Passed
1175,117,2026-09-13,Final,73.18,56.25,66.41,Passed
1176,122,2026-05-03,Final,82.1,64.31,74.98,Passed
1177,149,2026-01-30,Final,72.66,67.58,70.62,Passed
1178,152,2026-05-09,Final,65.53,72.92,68.48,Passed
1179,155,2026-10-05,Final,72.41,68.54,70.86,Passed
1180,156,2025-12-15,Final,66.26,76.83,70.49,Passed
1181,157,2026-09-25,Final,94.84,74.68,86.78,Passed
1182,165,2025-12-07,Final,86.95,56.32,74.7,Passed
1183,166,2026-07-05,Final,76.89,59.83,70.07,Passed
1184,169,2026-09-04,Final,57.28,64.13,60.02,Passed
1185,175,2026-03-10,Final,89.3,84.4,87.34,Passed
1186,183,2026-05-02,Final,77.92,54.61,68.59,Passed
1187,192,2025-09-25,Final,72.64,76.62,74.23,Passed
1188,193,2025-12-15,Final,77.11,50.87,66.61,Passed
1189,199,2025-11-24,Final,64.32,72.23,67.48,Passed
1190,202,2025-12-10,Final,81.44,46.65,67.52,Passed
1191,214,2026-02-21,Final,73.05,74.72,73.72,Passed
1192,215,2026-01-29,Final,85.2,81.31,83.64,Passed
1193,220,2025-12-14,Final,81.99,63.4,74.55,Passed
1194,228,2026-04-06,Final,52.1,68.28,58.58,Failed
1195,230,2026-07-12,Final,87.02,89.72,88.1,Passed
1196,232,2026-01-10,Final,83.53,78.15,81.38,Passed
1197,234,2025-10-24,Final,79.56,66.33,74.26,Passed
1198,237,2025-12-27,Final,73.44,93.03,81.28,Passed
1199,238,2025-12-03,Final,63.69,92.38,75.16,Passed
1200,240,2026-08-18,Final,71.14,88.91,78.24,Passed
1201,248,2026-07-27,Final,58.12,80.03,66.88,Passed
1202,257,2026-09-08,Final,66.16,56.02,62.1,Passed
1203,260,2025-10-10,Final,77.62,85.11,80.62,Passed
1204,264,2025-11-07,Final,64.86,55.01,60.92,Passed
1205,269,2026-03-30,Final,73.9,71.95,73.12,Passed
1206,270,2026-08-08,Final,81.58,84.4,82.71,Passed
1207,271,2026-03-13,Final,74.29,95.27,82.68,Passed
1208,287,2026-01-02,Final,77.69,68.84,74.15,Passed
1209,290,2025-11-04,Final,55.66,69.85,61.34,Passed
1210,292,2025-12-06,Final,70.96,84.52,76.39,Passed
1211,305,2025-11-14,Final,80.55,58.85,71.87,Passed
1212,313,2025-12-28,Final,77.07,81.06,78.66,Passed
1213,314,2026-05-05,Final,93.34,83.65,89.46,Passed
1214,315,2026-08-26,Final,84.13,73.72,79.97,Passed
1215,319,2026-05-25,Final,79.66,87.99,82.99,Passed
1216,320,2026-07-27,Final,59.01,68.81,62.93,Passed
1217,323,2026-03-21,Final,65.73,77.55,70.46,Passed
1218,324,2026-06-19,Final,89.76,65.84,80.19,Passed
1219,328,2026-03-16,Final,46.32,68.05,55.01,Failed
1220,329,2025-12-08,Final,85.96,79.45,83.36,Passed
1221,335,2026-01-19,Final,80.14,69.64,75.94,Passed
1222,340,2025-12-20,Final,59.65,79.18,67.46,Passed
1223,341,2026-02-13,Final,64.99,99.21,78.68,Passed
1224,347,2025-11-19,Final,81.85,66.03,75.52,Passed
1225,352,2026-02-25,Final,67.66,71.88,69.35,Passed
1226,359,2026-05-08,Final,72.13,86.4,77.84,Passed
1227,361,2026-06-16,Final,77.24,64.22,72.03,Passed
1228,362,2026-04-04,Final,97.69,73.59,88.05,Passed
1229,363,2026-08-30,Final,84.23,65.7,76.82,Passed
1230,365,2026-08-09,Final,79.36,76.73,78.31,Passed
1231,366,2026-04-28,Final,52.32,97.18,70.27,Passed
1232,372,2025-11-08,Final,90.49,68.23,81.59,Passed
1233,376,2026-01-01,Final,61.77,77.17,67.93,Passed
1234,380,2025-12-18,Final,76.04,77.27,76.53,Passed
1235,382,2026-04-26,Final,77.3,79.07,78.01,Passed
1236,388,2025-09-29,Final,92.37,79.82,87.35,Passed
1237,389,2025-12-21,Final,62.4,89.35,73.18,Passed
1238,391,2026-07-19,Final,94.69,100.0,96.81,Passed
1239,392,2026-09-15,Final,61.52,75.91,67.28,Passed
1240,393,2026-08-16,Final,50.01,79.64,61.86,Passed
1241,395,2025-12-24,Final,68.42,96.08,79.49,Passed
1242,399,2025-11-10,Final,65.7,52.73,60.51,Passed
1243,402,2026-02-18,Final,69.34,49.29,61.32,Passed
1244,405,2025-11-15,Final,84.01,48.22,69.7,Passed
1245,407,2026-09-15,Final,75.34,48.07,64.43,Passed
1246,413,2026-04-24,Final,71.16,92.72,79.78,Passed
1247,415,2026-09-21,Final,79.33,62.64,72.65,Passed
1248,422,2026-01-08,Final,74.63,73.22,74.06,Passed
1249,438,2026-01-30,Final,80.67,56.6,71.04,Passed
1250,439,2026-05-07,Final,82.11,40.55,65.49,Passed
1251,450,2025-10-28,Final,67.44,67.14,67.32,Passed
1252,453,2025-11-23,Final,82.6,73.27,78.87,Passed
1253,460,2026-09-19,Final,58.13,61.18,59.35,Failed
1254,462,2025-12-26,Final,77.38,72.05,75.25,Passed
1255,467,2026-07-10,Final,68.05,67.23,67.72,Passed
1256,478,2026-02-01,Final,83.35,66.79,76.73,Passed
1257,482,2025-12-30,Final,73.94,99.04,83.98,Passed
1258,486,2026-01-09,Final,57.92,50.78,55.06,Failed
1259,489,2025-11-14,Final,84.4,64.86,76.58,Passed
1260,498,2025-11-24,Final,71.18,63.63,68.16,Passed
1261,503,2026-10-08,Final,71.88,92.18,80.0,Passed
1262,506,2025-12-19,Final,84.63,83.35,84.11,Passed
1263,516,2026-06-19,Final,58.01,59.19,58.48,Failed
1264,522,2026-08-01,Final,40.93,63.29,49.87,Failed
1265,526,2026-07-22,Final,86.48,79.2,83.57,Passed
1266,528,2026-01-22,Final,72.34,72.73,72.5,Passed
1267,532,2026-03-17,Final,66.73,75.46,70.22,Passed
1268,545,2025-12-11,Final,84.19,53.61,71.96,Passed
1269,546,2026-05-10,Final,78.6,84.19,80.83,Passed
1270,556,2026-08-20,Final,70.02,81.41,74.57,Passed
1271,565,2026-08-01,Final,100.0,71.75,88.7,Passed
1272,577,2025-11-07,Final,79.72,64.14,73.49,Passed
1273,578,2026-07-05,Final,77.18,78.52,77.71,Passed
1274,579,2025-10-17,Final,77.34,60.76,70.71,Passed
1275,582,2026-02-21,Final,77.48,90.55,82.7,Passed
1276,586,2026-02-19,Final,80.38,84.54,82.05,Passed
1277,596,2025-11-26,Final,72.16,82.0,76.09,Passed
1278,599,2026-08-02,Final,78.35,61.59,71.65,Passed
1279,600,2026-06-07,Final,78.82,61.1,71.73,Passed
1280,612,2026-04-22,Final,67.41,75.27,70.55,Passed
1281,614,2025-12-20,Final,78.57,58.73,70.63,Passed
1282,616,2026-05-30,Final,87.65,79.86,84.53,Passed
1283,629,2026-09-02,Final,66.54,54.55,61.75,Passed
1284,634,2025-11-17,Final,73.26,67.65,71.02,Passed
1285,642,2026-04-26,Final,76.36,68.64,73.27,Passed
1286,644,2026-05-10,Final,50.91,68.34,57.88,Failed
1287,647,2026-03-15,Final,71.33,80.6,75.04,Passed
1288,656,2025-12-25,Final,66.62,93.14,77.23,Passed
1289,671,2026-02-09,Final,52.06,88.73,66.73,Passed
1290,680,2026-01-02,Final,72.31,83.32,76.71,Passed
1291,682,2026-08-05,Final,75.96,86.67,80.24,Passed
1292,684,2026-04-14,Final,70.35,59.82,66.14,Passed
1293,686,2025-12-03,Final,92.05,71.64,83.88,Passed
1294,687,2026-08-30,Final,77.66,87.82,81.72,Passed
1295,691,2026-08-28,Final,62.62,80.15,69.63,Passed
1296,695,2026-03-11,Final,67.92,71.41,69.32,Passed
1297,699,2026-03-04,Final,75.87,55.0,67.52,Passed
1298,706,2026-03-24,Final,65.65,89.21,75.08,Passed
1299,708,2026-09-19,Final,85.63,72.25,80.28,Passed
1300,709,2026-03-08,Final,77.92,69.47,74.54,Passed
1301,715,2026-04-18,Final,91.28,70.6,83.01,Passed
1302,722,2026-09-07,Final,77.78,86.75,81.37,Passed
1303,726,2026-03-03,Final,65.67,91.71,76.09,Passed
1304,730,2026-09-19,Final,56.63,92.56,71.0,Passed
1305,738,2026-07-29,Final,70.53,70.09,70.35,Passed
1306,742,2026-02-08,Final,52.32,67.54,58.41,Failed
1307,749,2026-05-26,Final,62.52,65.71,63.8,Passed
1308,753,2026-06-08,Final,73.35,84.49,77.81,Passed
1309,754,2026-08-17,Final,77.49,76.69,77.17,Passed
1310,756,2025-11-21,Final,61.85,62.43,62.08,Passed
1311,759,2026-07-26,Final,96.58,64.18,83.62,Passed
1312,760,2026-02-28,Final,94.87,70.08,84.96,Passed
1313,765,2026-03-30,Final,75.03,85.84,79.35,Passed
1314,770,2026-03-07,Final,90.26,71.67,82.83,Passed
1315,772,2026-09-27,Final,70.34,72.33,71.14,Passed
1316,776,2025-11-07,Final,79.06,83.7,80.91,Passed
1317,790,2026-01-26,Final,75.05,80.43,77.2,Passed
1318,791,2026-04-15,Final,94.66,77.58,87.83,Passed
1319,792,2025-12-25,Final,78.74,54.77,69.15,Passed
1320,799,2026-02-27,Final,43.43,77.66,57.12,Failed
1321,809,2026-04-03,Final,73.86,66.82,71.05,Passed
1322,810,2026-07-17,Final,77.92,72.28,75.66,Passed
1323,811,2025-12-16,Final,88.53,74.03,82.73,Passed
1324,817,2026-03-02,Final,66.04,84.88,73.57,Passed
1325,818,2025-10-13,Final,72.39,79.32,75.16,Passed
1326,822,2025-12-23,Final,69.27,65.2,67.64,Passed
1327,826,2026-06-16,Final,76.01,73.15,74.87,Passed
1328,832,2026-04-06,Final,80.76,69.78,76.37,Passed
1329,839,2026-06-07,Final,52.96,67.81,58.9,Failed
1330,852,2026-04-09,Final,84.53,69.43,78.49,Passed
1331,855,2026-03-27,Final,72.04,84.84,77.16,Passed
1332,856,2026-02-23,Final,66.46,54.49,61.67,Passed
1333,857,2025-12-03,Final,73.07,67.19,70.72,Passed
1334,862,2026-07-16,Final,63.41,70.9,66.4,Passed
1335,869,2026-05-15,Final,80.9,72.89,77.69,Passed
1336,874,2025-10-21,Final,78.68,94.76,85.11,Passed
1337,877,2025-09-29,Final,70.89,76.34,73.07,Passed
1338,878,2025-10-04,Final,68.89,62.84,66.47,Passed
1339,881,2026-07-05,Final,67.98,67.25,67.69,Passed
1340,888,2025-11-01,Final,79.31,100.0,87.59,Passed
1341,903,2026-03-16,Final,66.41,68.0,67.04,Passed
1342,912,2026-09-02,Final,74.24,77.75,75.65,Passed
1343,918,2026-02-10,Final,78.16,88.41,82.26,Passed
1344,920,2026-04-24,Final,45.88,44.36,45.27,Failed
1345,923,2025-11-16,Final,69.05,86.17,75.9,Passed
1346,925,2026-08-15,Final,56.21,36.91,48.49,Failed
1347,934,2026-06-18,Final,81.85,75.92,79.48,Passed
1348,942,2025-10-04,Final,61.92,61.17,61.62,Passed
1349,943,2025-10-11,Final,63.36,74.33,67.75,Passed
1350,947,2026-04-23,Final,67.48,78.93,72.06,Passed
1351,958,2026-04-11,Final,40.74,62.72,49.53,Failed
1352,961,2025-10-03,Final,61.49,69.92,64.86,Passed
1353,962,2026-09-02,Final,68.54,82.57,74.16,Passed
1354,963,2026-01-29,Final,52.69,73.55,61.03,Passed
1355,968,2026-01-29,Final,81.7,95.28,87.13,Passed
1356,973,2026-03-12,Final,69.22,76.89,72.29,Passed
1357,980,2025-11-24,Final,53.35,44.3,49.73,Failed
1358,985,2026-06-30,Final,85.14,72.93,80.26,Passed
1359,998,2026-03-19,Final,89.14,56.52,76.09,Passed
1360,1003,2026-02-26,Final,81.24,95.43,86.91,Passed
1361,1006,2026-01-31,Final,80.04,76.32,78.55,Passed
1362,1011,2026-06-12,Final,75.1,54.15,66.72,Passed
1363,1012,2025-11-21,Final,91.27,65.67,81.03,Passed
1364,1014,2026-04-18,Final,81.05,54.24,70.33,Passed
1365,1028,2026-07-19,Final,60.85,90.22,72.6,Passed
1366,1030,2025-12-06,Final,70.83,90.44,78.68,Passed
1367,1031,2025-10-18,Final,74.06,50.9,64.8,Passed
1368,1046,2026-01-19,Final,85.7,65.92,77.79,Passed
1369,1049,2025-12-24,Final,83.38,73.3,79.35,Passed
1370,1059,2025-12-14,Final,56.48,74.97,63.88,Passed
1371,1063,2026-02-14,Final,100.0,78.92,91.57,Passed
1372,1073,2026-09-25,Final,74.31,85.9,78.95,Passed
1373,1082,2025-12-20,Final,77.53,75.51,76.72,Passed
1374,1087,2026-06-16,Final,61.9,75.81,67.46,Passed
1375,1099,2026-04-08,Final,87.43,62.97,77.64,Passed
1376,1101,2026-08-01,Final,92.09,71.9,84.02,Passed
1377,1102,2026-07-07,Final,64.35,84.97,72.6,Passed
1378,1105,2026-08-21,Final,71.56,82.11,75.78,Passed
1379,1110,2026-04-02,Final,71.5,72.28,71.81,Passed
1380,1117,2026-08-02,Final,80.92,76.49,79.15,Passed
1381,1118,2025-12-02,Final,51.05,59.55,54.45,Failed
1382,1126,2026-04-14,Final,86.15,71.41,80.26,Passed
1383,1128,2025-11-01,Final,68.72,56.7,63.91,Passed
1384,1140,2026-09-20,Final,62.04,48.74,56.72,Failed
1385,1141,2026-01-08,Final,73.78,65.82,70.6,Passed
1386,1145,2026-03-24,Final,63.4,72.18,66.91,Passed
1387,1147,2025-12-06,Final,79.37,98.12,86.87,Passed
1388,1158,2026-03-29,Final,56.86,86.91,68.88,Passed
1389,1160,2025-11-01,Final,86.68,63.65,77.47,Passed
1390,1162,2026-06-01,Final,77.44,67.51,73.47,Passed
1391,1164,2026-03-06,Final,77.23,91.11,82.78,Passed
1392,1166,2025-11-13,Final,82.27,79.1,81.0,Passed
1393,1170,2026-09-25,Final,69.84,55.19,63.98,Passed
1394,1172,2026-06-16,Final,72.5,87.48,78.49,Passed
1395,1187,2026-04-07,Final,56.67,60.34,58.14,Failed
1396,1192,2026-03-09,Final,76.52,61.18,70.38,Passed
1397,1197,2025-09-24,Final,65.49,67.92,66.46,Passed
1398,1200,2026-09-07,Final,58.61,61.31,59.69,Failed
1399,1202,2026-03-06,Final,83.44,57.31,72.99,Passed
1400,1203,2026-08-02,Final,55.83,65.44,59.67,Failed
1401,1204,2025-10-16,Final,83.78,70.64,78.52,Passed
1402,1209,2026-03-14,Final,69.43,73.53,71.07,Passed
1403,1211,2026-05-16,Final,54.05,78.94,64.01,Passed
1404,1223,2026-08-01,Final,79.6,68.09,75.0,Passed
1405,1229,2026-08-20,Final,87.07,59.47,76.03,Passed
1406,1230,2025-11-24,Final,88.53,74.85,83.06,Passed
1407,1236,2026-01-02,Final,70.96,72.76,71.68,Passed
1408,1241,2025-10-28,Final,73.71,87.64,79.29,Passed
1409,1247,2026-09-26,Final,62.08,63.85,62.79,Passed
1410,1248,2026-01-15,Final,87.44,65.85,78.8,Passed
1411,1255,2026-09-25,Final,85.81,93.39,88.84,Passed
1412,1273,2026-08-28,Final,70.18,81.18,74.58,Passed
1413,1275,2026-01-22,Final,61.16,82.06,69.52,Passed
1414,1282,2026-07-16,Final,77.39,78.68,77.91,Passed
1415,1283,2026-01-14,Final,67.25,53.07,61.58,Passed
1416,1291,2026-02-24,Final,81.04,48.24,67.92,Passed
1417,1306,2026-05-05,Final,71.19,84.29,76.43,Passed
1418,1313,2025-11-22,Final,77.3,96.38,84.93,Passed
1419,1322,2026-01-07,Final,87.3,65.15,78.44,Passed
1420,1325,2026-02-22,Final,75.33,72.43,74.17,Passed
1421,1327,2026-04-19,Final,56.01,61.72,58.29,Failed
1422,1328,2026-09-19,Final,68.27,48.57,60.39,Passed
1423,1329,2025-10-14,Final,75.57,70.01,73.35,Passed
1424,1330,2026-05-05,Final,54.93,77.85,64.1,Passed
1425,1343,2026-04-20,Final,83.59,75.72,80.44,Passed
1426,1344,2026-03-17,Final,71.11,80.1,74.71,Passed
1427,1346,2025-12-12,Final,83.16,76.69,80.57,Passed
1428,1347,2026-07-17,Final,65.1,76.32,69.59,Passed
1429,1355,2026-02-25,Final,89.35,65.84,79.94,Passed
1430,1356,2026-04-08,Final,100.0,66.69,86.68,Passed
1431,1369,2025-12-03,Final,75.39,64.93,71.21,Passed
1432,1373,2026-09-09,Final,77.68,52.09,67.44,Passed
1433,1379,2026-06-04,Final,68.45,59.89,65.03,Passed
1434,1386,2025-12-03,Final,76.62,84.93,79.95,Passed
1435,1388,2025-12-11,Final,82.75,44.54,67.47,Passed
1436,1391,2025-12-22,Final,99.5,76.54,90.32,Passed
1437,1396,2026-06-29,Final,65.68,74.89,69.36,Passed
1438,1399,2026-02-25,Final,77.11,65.0,72.27,Passed
1439,1411,2026-01-27,Final,77.38,65.71,72.71,Passed
1440,1418,2026-01-22,Final,70.15,64.76,67.99,Passed
1441,1434,2026-04-25,Final,57.81,74.75,64.58,Passed
1442,1440,2026-05-13,Final,82.02,79.18,80.89,Passed
1443,1443,2026-08-30,Final,84.84,76.89,81.66,Passed
1444,1449,2025-12-15,Final,68.61,83.08,74.39,Passed
1445,1450,2026-04-15,Final,58.71,62.19,60.1,Passed
1446,1463,2026-08-19,Final,63.43,85.96,72.44,Passed
1447,1471,2026-01-28,Final,86.31,78.85,83.33,Passed
1448,1483,2026-04-07,Final,87.86,62.45,77.7,Passed
1449,1486,2026-01-30,Final,79.18,71.5,76.11,Passed
1450,1490,2025-10-16,Final,85.16,71.62,79.74,Passed
1451,1492,2025-11-21,Final,70.38,79.49,74.02,Passed
1452,1493,2026-01-02,Final,85.51,64.98,77.3,Passed
1453,1499,2026-01-25,Final,74.27,60.3,68.68,Passed
1454,1504,2026-05-03,Final,45.02,75.41,57.18,Failed
1455,1509,2026-08-26,Final,82.31,76.14,79.84,Passed
1456,1511,2026-07-04,Final,51.61,68.79,58.48,Failed
1457,1516,2026-05-06,Final,48.38,89.44,64.8,Passed
1458,1517,2026-08-24,Final,61.97,88.06,72.41,Passed
1459,1528,2026-08-20,Final,86.35,62.19,76.69,Passed
1460,1530,2026-04-29,Final,61.41,77.2,67.73,Passed
1461,1531,2025-12-30,Final,64.87,74.23,68.61,Passed
1462,1533,2026-05-04,Final,69.21,51.63,62.17,Passed
1463,1535,2026-02-08,Final,48.23,75.72,59.23,Failed
1464,1539,2026-09-05,Final,68.26,66.36,67.5,Passed
1465,1544,2025-11-26,Final,83.35,87.08,84.84,Passed
1466,1559,2026-05-06,Final,71.73,68.91,70.6,Passed
1467,1561,2025-10-20,Final,81.0,56.72,71.29,Passed
1468,1562,2026-02-01,Final,77.68,79.62,78.46,Passed
1469,1563,2025-11-21,Final,83.16,49.76,69.8,Passed
1470,1564,2026-06-10,Final,65.86,62.46,64.5,Passed
1471,1565,2026-08-24,Final,76.2,78.77,77.23,Passed
1472,1571,2026-08-02,Final,92.96,67.06,82.6,Passed
1473,1572,2026-06-17,Final,69.03,86.8,76.14,Passed
1474,1595,2026-07-23,Final,78.56,88.21,82.42,Passed
1475,1601,2026-01-01,Final,78.46,59.11,70.72,Passed
1476,1603,2026-03-06,Final,59.0,54.38,57.15,Failed
1477,1605,2026-07-26,Final,82.94,87.26,84.67,Passed
1478,1612,2026-02-13,Final,97.19,83.12,91.56,Passed
1479,1613,2026-01-21,Final,88.95,66.04,79.79,Passed
1480,1621,2026-05-21,Final,61.12,83.2,69.95,Passed
1481,1622,2026-01-05,Final,80.01,74.29,77.72,Passed
1482,1627,2026-09-11,Final,79.65,76.88,78.54,Passed
1483,1638,2026-06-14,Final,90.41,88.54,89.66,Passed
1484,1655,2026-05-01,Final,81.53,83.15,82.18,Passed
1485,1658,2026-03-28,Final,81.17,67.47,75.69,Passed
1486,1660,2026-04-01,Final,84.08,56.27,72.95,Passed
1487,1677,2026-08-17,Final,87.65,58.67,76.05,Passed
1488,1687,2025-11-13,Final,78.43,62.86,72.2,Passed
1489,1690,2026-08-25,Final,81.64,72.59,78.02,Passed
1490,1692,2026-03-29,Final,55.86,78.05,64.74,Passed
1491,1699,2026-07-10,Final,68.06,83.57,74.27,Passed
1492,1701,2026-08-21,Final,75.02,77.75,76.11,Passed
1493,1707,2026-08-29,Final,63.51,65.93,64.48,Passed
1494,1711,2026-07-29,Final,69.5,83.28,75.01,Passed
1495,1717,2026-09-16,Final,95.13,63.34,82.41,Passed
1496,1725,2026-06-13,Final,87.92,46.96,71.54,Passed
1497,1727,2026-04-03,Final,60.67,61.49,61.0,Passed
1498,1729,2025-12-18,Final,58.77,54.0,56.86,Failed
1499,1738,2026-04-03,Final,79.96,70.43,76.15,Passed
1500,1744,2025-11-07,Final,79.55,81.29,80.25,Passed
1501,1755,2026-01-09,Final,78.19,80.89,79.27,Passed
1502,1760,2026-02-23,Final,74.17,58.76,68.0,Passed
1503,1770,2026-02-07,Final,87.69,65.93,78.99,Passed
1504,1773,2026-08-07,Final,63.77,70.86,66.61,Passed
1505,1775,2026-05-03,Final,64.05,67.99,65.62,Passed
1506,1776,2026-02-09,Final,79.13,77.18,78.35,Passed
1507,1777,2026-07-08,Final,64.23,67.15,65.39,Passed
1508,1781,2025-12-20,Final,87.89,78.96,84.32,Passed
1509,1782,2026-04-03,Final,99.9,87.16,94.81,Passed
1510,1788,2026-06-01,Final,88.73,56.35,75.78,Passed
1511,1790,2026-01-27,Final,84.17,72.36,79.44,Passed
1512,1792,2026-09-07,Final,68.39,75.02,71.04,Passed
1513,1794,2026-06-09,Final,86.34,79.01,83.41,Passed
1514,1798,2025-10-16,Final,64.46,81.91,71.44,Passed
1515,1799,2026-02-23,Final,67.35,75.6,70.65,Passed
1516,1800,2026-03-06,Final,71.36,70.37,70.97,Passed
1517,1803,2026-03-12,Final,84.19,60.52,74.72,Passed
1518,1810,2025-12-23,Final,98.34,51.15,79.46,Passed
1519,1827,2026-03-28,Final,67.83,77.44,71.67,Passed
1520,1829,2026-05-14,Final,82.01,71.79,77.92,Passed
1521,1836,2026-08-17,Final,74.31,77.93,75.76,Passed
1522,1838,2025-12-03,Final,72.23,89.72,79.22,Passed
1523,1841,2026-05-29,Final,85.07,83.47,84.43,Passed
1524,1845,2026-02-09,Final,63.41,72.05,66.86,Passed
1525,1846,2026-07-06,Final,71.39,60.93,67.21,Passed
1526,1849,2025-10-07,Final,79.32,66.55,74.21,Passed
1527,1853,2026-06-24,Final,82.86,60.16,73.78,Passed
1528,1860,2026-09-08,Final,95.63,62.24,82.27,Passed
1529,1882,2026-07-17,Final,77.63,82.5,79.58,Passed
1530,1885,2026-09-26,Final,68.15,83.23,74.18,Passed
1531,1889,2026-03-25,Final,60.25,90.43,72.32,Passed
1532,1894,2026-04-22,Final,75.17,65.84,71.44,Passed
1533,1895,2025-12-27,Final,71.41,82.71,75.93,Passed
1534,1897,2026-08-22,Final,67.99,64.01,66.4,Passed
1535,1906,2026-07-25,Final,72.34,58.88,66.96,Passed
1536,1923,2026-06-27,Final,96.85,66.2,84.59,Passed
1537,1924,2025-12-20,Final,84.98,75.51,81.19,Passed
1538,1926,2025-10-17,Final,63.19,72.93,67.08,Passed
1539,1928,2026-07-11,Final,84.41,70.74,78.94,Passed
1540,1929,2026-06-16,Final,89.32,85.26,87.69,Passed
1541,1932,2026-04-10,Final,86.03,67.48,78.61,Passed
1542,1936,2025-12-27,Final,62.04,65.64,63.48,Passed
1543,1943,2026-01-17,Final,77.35,79.55,78.23,Passed
1544,1945,2026-08-23,Final,48.94,72.9,58.53,Failed
1545,1946,2025-12-06,Final,76.9,69.67,74.01,Passed
1546,1947,2026-06-13,Final,90.5,78.06,85.52,Passed
1547,1948,2026-07-26,Final,90.72,70.41,82.6,Passed
1548,1954,2025-12-25,Final,86.25,92.62,88.8,Passed
1549,1965,2025-10-26,Final,90.74,59.89,78.4,Passed
1550,1966,2025-10-08,Final,71.96,68.86,70.72,Passed
1551,1971,2026-01-27,Final,80.87,81.24,81.02,Passed
1552,1979,2026-05-16,Final,64.93,73.81,68.49,Passed
1553,1982,2026-06-12,Final,50.76,90.3,66.58,Passed
1554,1983,2026-05-29,Final,68.85,73.67,70.78,Passed
1555,1991,2025-11-09,Final,71.28,86.75,77.47,Passed
1556,1995,2026-06-06,Final,40.95,72.8,53.69,Failed
1557,2000,2026-06-18,Final,73.73,67.56,71.26,Passed
1558,2003,2026-05-19,Final,95.71,62.35,82.37,Passed
1559,2007,2025-12-22,Final,84.26,77.28,81.47,Passed
1560,2008,2025-11-15,Final,90.14,64.99,80.08,Passed
1561,2016,2026-09-13,Final,66.2,86.15,74.18,Passed
1562,2021,2026-08-20,Final,80.1,54.46,69.85,Passed
1563,2022,2026-02-18,Final,68.53,77.64,72.17,Passed
1564,2030,2026-01-23,Final,85.05,64.85,76.97,Passed
1565,2033,2025-11-19,Final,40.03,79.28,55.73,Failed
1566,2036,2026-04-01,Final,60.36,48.79,55.73,Failed
1567,2038,2026-05-26,Final,41.01,82.77,57.71,Failed
1568,2039,2026-05-06,Final,76.54,70.29,74.04,Passed
1569,2042,2025-12-27,Final,91.67,80.65,87.26,Passed
1570,2047,2026-09-12,Final,94.4,56.29,79.15,Passed
1571,2051,2026-06-26,Final,74.59,53.6,66.19,Passed
1572,2056,2026-09-18,Final,72.25,70.02,71.36,Passed
1573,2062,2025-10-31,Final,82.52,73.55,78.93,Passed
1574,2065,2026-01-04,Final,82.48,81.44,82.07,Passed
1575,2078,2026-07-25,Final,100.0,69.22,87.69,Passed
1576,2081,2026-04-15,Final,63.71,75.95,68.61,Passed
1577,2091,2026-05-11,Final,65.37,90.78,75.54,Passed
1578,2093,2025-12-28,Final,71.6,66.21,69.45,Passed
1579,2099,2026-01-09,Final,69.34,81.62,74.25,Passed
1580,2102,2026-09-26,Final,73.11,65.3,69.98,Passed
1581,2104,2026-02-28,Final,94.98,62.73,82.08,Passed
1582,2109,2026-08-23,Final,75.43,80.83,77.59,Passed
1583,2112,2026-06-01,Final,55.42,78.76,64.76,Passed
1584,2114,2026-05-17,Final,62.34,82.87,70.55,Passed
1585,2115,2026-01-14,Final,63.45,81.31,70.59,Passed
1586,2117,2026-04-29,Final,88.27,83.34,86.3,Passed
1587,2118,2026-01-15,Final,78.02,70.22,74.9,Passed
1588,2125,2026-08-23,Final,68.08,90.65,77.11,Passed
1589,2129,2026-01-27,Final,66.61,60.56,64.19,Passed
1590,2131,2026-07-19,Final,82.98,63.45,75.17,Passed
1591,2132,2025-12-04,Final,63.6,55.68,60.43,Passed
1592,2133,2026-09-07,Final,69.21,72.01,70.33,Passed
1593,2135,2026-03-21,Final,77.92,84.42,80.52,Passed
1594,2143,2026-06-07,Final,81.32,70.71,77.08,Passed
1595,2149,2025-11-15,Final,72.62,79.12,75.22,Passed
1596,2150,2026-03-28,Final,90.27,74.52,83.97,Passed
1597,2169,2026-09-26,Final,69.37,61.09,66.06,Passed
1598,2171,2026-07-16,Final,57.66,81.0,66.99,Passed
1599,2172,2026-01-09,Final,81.94,79.93,81.13,Passed
1600,2176,2026-01-03,Final,73.46,89.88,80.03,Passed
1601,2184,2026-06-29,Final,69.19,84.46,75.3,Passed
1602,2197,2026-06-05,Final,74.54,65.7,71.0,Passed
1603,2209,2026-03-25,Final,82.11,77.92,80.43,Passed
1604,2218,2026-04-27,Final,79.28,73.98,77.16,Passed
1605,2223,2026-04-20,Final,74.55,100.0,84.73,Passed
1606,2230,2026-04-20,Final,89.21,81.67,86.2,Passed
1607,2233,2026-02-14,Final,76.34,85.09,79.84,Passed
1608,2238,2025-10-24,Final,81.22,73.31,78.06,Passed
1609,2239,2026-05-08,Final,71.36,72.03,71.63,Passed
1610,2240,2026-04-13,Final,36.95,75.53,52.38,Failed
1611,2245,2026-09-26,Final,69.14,92.11,78.33,Passed
1612,2248,2026-01-15,Final,75.23,58.73,68.63,Passed
1613,2249,2026-06-23,Final,74.4,60.45,68.82,Passed
1614,2252,2026-07-26,Final,80.68,76.49,79.01,Passed
1615,2270,2025-11-18,Final,86.49,63.51,77.3,Passed
1616,2273,2026-08-01,Final,75.41,56.62,67.89,Passed
1617,2284,2026-02-27,Final,83.42,79.23,81.74,Passed
1618,2290,2026-01-04,Final,80.95,73.02,77.78,Passed
1619,2294,2025-10-01,Final,79.98,92.25,84.89,Passed
1620,2298,2026-07-22,Final,71.58,74.66,72.81,Passed
1621,2301,2026-01-19,Final,61.97,62.58,62.21,Passed
1622,2311,2026-09-19,Final,76.17,86.25,80.2,Passed
1623,2332,2025-10-09,Final,71.92,70.17,71.22,Passed
1624,2338,2026-01-30,Final,70.12,66.58,68.7,Passed
1625,2339,2025-12-19,Final,78.54,55.03,69.14,Passed
1626,2343,2026-02-22,Final,90.37,65.01,80.23,Passed
1627,2345,2026-06-09,Final,83.66,57.76,73.3,Passed
1628,2347,2025-12-29,Final,83.03,81.06,82.24,Passed
1629,2349,2026-04-20,Final,79.61,61.07,72.19,Passed
1630,2352,2026-09-08,Final,77.99,58.8,70.32,Passed
1631,2353,2026-04-08,Final,71.97,85.35,77.32,Passed
1632,2354,2026-02-27,Final,84.56,73.18,80.01,Passed
1633,2357,2026-07-07,Final,63.3,80.75,70.28,Passed
1634,2367,2026-09-18,Final,75.23,45.16,63.2,Passed
1635,2368,2026-06-10,Final,84.39,72.71,79.72,Passed
1636,2385,2026-01-12,Final,89.43,59.86,77.6,Passed
1637,2399,2026-06-15,Final,36.88,76.35,52.67,Failed
1638,2405,2025-12-26,Final,78.5,52.71,68.18,Passed
1639,2418,2026-01-02,Final,63.26,100.0,77.95,Passed
1640,2429,2025-12-18,Final,71.33,81.77,75.51,Passed
1641,2434,2026-08-13,Final,67.19,47.92,59.48,Failed
1642,2440,2025-11-07,Final,72.96,69.81,71.7,Passed
1643,2453,2026-04-23,Final,70.2,71.62,70.77,Passed
1644,2454,2025-10-13,Final,78.17,71.2,75.38,Passed
1645,2455,2026-05-06,Final,59.83,78.83,67.43,Passed
1646,2458,2026-09-05,Final,51.61,48.4,50.32,Failed
1647,2468,2025-12-05,Final,83.87,79.08,81.96,Passed
1648,2488,2026-03-27,Final,74.31,56.25,67.09,Passed
1649,2495,2026-04-11,Final,66.51,69.85,67.84,Passed
1650,2503,2025-10-05,Final,55.85,64.13,59.16,Failed
1651,2504,2026-04-13,Final,82.83,90.13,85.75,Passed
1652,2512,2026-01-27,Final,69.97,82.08,74.81,Passed
1653,2516,2026-02-24,Final,52.03,80.91,63.58,Passed
1654,2518,2026-06-22,Final,65.35,76.69,69.89,Passed
1655,2520,2026-05-11,Final,72.03,88.84,78.75,Passed
1656,2522,2026-01-25,Final,64.51,80.53,70.92,Passed
1657,2528,2026-04-02,Final,71.65,71.1,71.43,Passed
1658,2530,2026-04-29,Final,72.79,62.85,68.82,Passed
1659,2531,2026-08-21,Final,74.83,72.25,73.8,Passed
1660,2543,2026-05-14,Final,77.89,74.01,76.34,Passed
1661,2549,2026-04-06,Final,84.58,84.08,84.38,Passed
1662,2563,2026-08-20,Final,62.39,83.43,70.81,Passed
1663,2567,2026-07-11,Final,60.76,80.05,68.48,Passed
1664,2569,2026-08-29,Final,82.44,50.06,69.49,Passed
1665,2573,2026-10-04,Final,76.12,67.38,72.62,Passed
1666,2576,2026-03-01,Final,65.89,89.21,75.22,Passed
1667,2577,2026-01-13,Final,67.16,63.32,65.62,Passed
1668,2579,2026-02-26,Final,75.91,81.23,78.04,Passed
1669,2582,2026-04-01,Final,73.3,87.0,78.78,Passed
1670,2583,2025-11-08,Final,81.37,46.86,67.57,Passed
1671,2584,2026-01-19,Final,68.65,66.26,67.69,Passed
1672,2585,2026-01-23,Final,80.75,41.5,65.05,Passed
1673,2587,2026-06-29,Final,100.0,79.37,91.75,Passed
1674,2604,2026-03-05,Final,76.79,87.18,80.94,Passed
1675,2617,2026-04-17,Final,100.0,83.45,93.38,Passed
1676,2619,2026-03-03,Final,86.39,74.57,81.66,Passed
1677,2637,2026-01-06,Final,73.3,67.29,70.9,Passed
1678,2638,2026-04-16,Final,65.09,64.76,64.95,Passed
1679,2640,2026-07-31,Final,58.79,72.09,64.11,Passed
1680,2644,2026-02-25,Final,54.78,75.29,62.99,Passed
1681,2646,2026-07-15,Final,74.56,74.76,74.64,Passed
1682,2662,2026-03-16,Final,68.73,100.0,81.24,Passed
1683,2666,2026-07-10,Final,91.32,58.07,78.02,Passed
1684,2667,2025-11-01,Final,77.79,65.7,72.96,Passed
1685,2670,2025-12-29,Final,62.83,56.92,60.46,Passed
1686,2676,2026-04-05,Final,80.19,64.82,74.04,Passed
1687,2679,2025-12-31,Final,86.61,84.93,85.94,Passed
1688,2680,2025-12-29,Final,91.49,62.77,80.0,Passed
1689,2681,2026-03-31,Final,80.7,80.59,80.66,Passed
1690,2684,2026-03-11,Final,69.31,63.74,67.08,Passed
1691,2689,2025-12-09,Final,94.31,75.73,86.88,Passed
1692,2692,2026-06-11,Final,82.63,63.14,74.83,Passed
1693,2693,2025-10-22,Final,60.37,66.17,62.69,Passed
1694,2695,2026-03-21,Final,73.51,60.23,68.2,Passed
1695,2698,2026-02-25,Final,74.88,52.74,66.02,Passed
1696,2702,2026-03-15,Final,61.56,81.05,69.36,Passed
1697,2705,2026-03-22,Final,82.25,68.3,76.67,Passed
1698,2713,2025-11-04,Final,62.79,60.67,61.94,Passed
1699,2718,2026-03-05,Final,70.52,80.73,74.61,Passed
1700,2720,2026-01-26,Final,86.14,67.04,78.5,Passed
1701,2721,2026-02-08,Final,61.16,76.21,67.18,Passed
1702,2723,2026-09-16,Final,65.12,66.78,65.78,Passed
1703,2724,2025-12-06,Final,90.9,82.93,87.71,Passed
1704,2728,2026-03-23,Final,76.9,57.74,69.23,Passed
1705,2730,2026-05-03,Final,77.54,85.75,80.82,Passed
1706,2731,2026-07-30,Final,70.49,89.21,77.98,Passed
1707,2733,2026-04-01,Final,90.51,92.96,91.49,Passed
1708,2735,2025-12-22,Final,78.66,80.05,79.22,Passed
1709,2746,2026-07-13,Final,91.97,78.37,86.53,Passed
1710,2747,2026-07-11,Final,68.99,67.62,68.44,Passed
1711,2749,2026-05-03,Final,77.86,57.51,69.72,Passed
1712,2756,2026-06-02,Final,73.28,86.16,78.43,Passed
1713,2757,2025-12-03,Final,48.7,91.41,65.79,Passed
1714,2761,2025-10-21,Final,88.47,67.48,80.07,Passed
1715,2765,2026-08-27,Final,81.52,73.04,78.13,Passed
1716,2766,2026-08-15,Final,89.76,84.79,87.77,Passed
1717,2767,2025-12-07,Final,58.2,80.05,66.94,Passed
1718,2768,2026-09-29,Final,72.53,73.99,73.12,Passed
1719,2770,2026-07-11,Final,66.26,93.98,77.35,Passed
1720,2771,2026-01-12,Final,87.48,64.12,78.14,Passed
1721,2775,2026-05-14,Final,58.98,68.37,62.74,Passed
1722,2788,2026-04-08,Final,80.21,75.88,78.48,Passed
1723,2792,2026-03-08,Final,90.04,82.48,87.01,Passed
1724,2797,2025-11-19,Final,86.63,76.92,82.75,Passed
1725,2798,2026-02-04,Final,58.33,70.65,63.26,Passed
1726,2799,2025-11-07,Final,87.72,72.38,81.59,Passed
1727,2806,2026-06-24,Final,81.04,69.18,76.29,Passed
1728,2810,2026-05-26,Final,62.64,71.52,66.19,Passed
1729,2816,2026-06-15,Final,78.71,65.13,73.28,Passed
1730,2820,2026-06-21,Final,72.17,61.73,67.99,Passed
1731,2821,2026-05-17,Final,88.43,69.47,80.85,Passed
1732,2824,2026-04-13,Final,92.43,91.34,92.0,Passed
1733,2825,2026-01-22,Final,74.03,60.9,68.78,Passed
1734,2832,2026-05-02,Final,49.97,55.34,52.12,Failed
1735,2852,2026-04-09,Final,58.51,89.54,70.93,Passed
1736,2861,2026-04-14,Final,76.39,77.68,76.9,Passed
1737,2866,2025-12-24,Final,48.35,58.62,52.46,Failed
1738,2870,2026-04-30,Final,85.64,76.44,81.96,Passed
1739,2872,2026-09-22,Final,73.23,79.78,75.85,Passed
1740,2875,2026-02-05,Final,94.63,70.35,84.92,Passed
1741,2886,2026-03-01,Final,75.83,75.31,75.62,Passed
1742,2887,2026-03-29,Final,100.0,47.81,79.12,Passed
1743,2890,2026-06-25,Final,83.2,71.62,78.57,Passed
1744,2893,2026-01-20,Final,81.8,65.11,75.13,Passed
1745,2898,2025-10-04,Final,74.41,81.54,77.26,Passed
1746,2902,2026-05-11,Final,100.0,82.7,93.08,Passed
1747,2904,2025-10-05,Final,64.82,67.91,66.06,Passed
1748,2906,2026-04-08,Final,69.56,51.45,62.32,Passed
1749,2908,2026-09-27,Final,71.04,81.79,75.34,Passed
1750,2913,2026-08-21,Final,59.71,85.58,70.06,Passed
1751,2914,2026-05-29,Final,80.85,64.19,74.19,Passed
1752,2915,2026-01-02,Final,73.3,92.18,80.85,Passed
1753,2916,2026-04-19,Final,83.8,73.11,79.52,Passed
1754,2922,2026-07-18,Final,72.15,73.92,72.86,Passed
1755,2923,2026-08-28,Final,68.86,47.74,60.41,Passed
1756,2932,2026-01-08,Final,99.51,74.86,89.65,Passed
1757,2933,2025-09-30,Final,79.78,72.31,76.79,Passed
1758,2935,2026-03-06,Final,66.18,70.77,68.01,Passed
1759,2939,2026-05-20,Final,55.81,100.0,73.48,Passed
1760,2942,2026-05-02,Final,60.19,60.62,60.36,Passed
1761,2967,2026-05-07,Final,69.72,88.46,77.21,Passed
1762,2970,2026-06-25,Final,75.17,58.17,68.37,Passed
1763,2971,2025-11-05,Final,90.05,81.77,86.74,Passed
1764,2977,2026-02-12,Final,81.46,81.59,81.51,Passed
1765,2978,2026-09-11,Final,100.0,99.22,99.69,Passed
1766,2987,2025-11-22,Final,66.76,92.49,77.05,Passed
1767,2989,2025-10-10,Final,79.6,78.99,79.35,Passed
1768,2990,2026-05-20,Final,54.69,70.96,61.2,Passed
1769,2991,2025-11-28,Final,65.25,82.94,72.32,Passed
1770,2992,2026-01-25,Final,87.85,48.11,71.95,Passed
1771,3011,2026-02-06,Final,74.74,86.46,79.43,Passed
1772,3014,2026-07-11,Final,72.76,81.75,76.36,Passed
1773,3016,2025-12-11,Final,79.21,77.1,78.37,Passed
1774,3026,2026-04-22,Final,71.74,58.4,66.41,Passed
1775,3028,2026-09-09,Final,61.54,81.51,69.53,Passed
1776,3031,2026-08-25,Final,75.23,71.34,73.68,Passed
1777,3032,2026-05-06,Final,69.91,69.34,69.68,Passed
1778,3046,2026-09-20,Final,87.56,68.98,80.13,Passed
1779,3055,2026-03-26,Final,58.91,81.92,68.11,Passed
1780,3061,2026-01-05,Final,72.54,73.38,72.88,Passed
1781,3066,2026-07-22,Final,94.29,72.75,85.68,Passed
1782,3069,2026-07-08,Final,78.47,58.85,70.62,Passed
1783,3076,2025-11-20,Final,72.36,80.31,75.54,Passed
1784,3077,2026-09-07,Final,56.34,75.41,63.97,Passed
1785,3080,2026-01-28,Final,76.21,73.5,75.12,Passed
1786,3092,2026-02-08,Final,87.45,77.01,83.27,Passed
1787,3094,2026-06-08,Final,92.74,61.08,80.07,Passed
1788,3097,2026-09-18,Final,76.63,74.01,75.58,Passed
1789,3106,2026-07-07,Final,62.17,84.48,71.09,Passed
1790,3107,2026-02-13,Final,100.0,72.8,89.12,Passed
1791,3109,2026-08-15,Final,81.06,74.01,78.24,Passed
1792,3110,2026-02-21,Final,66.44,51.15,60.32,Passed
1793,3112,2026-04-23,Final,66.53,56.3,62.44,Passed
1794,3115,2026-08-04,Final,95.45,71.62,85.92,Passed
1795,3117,2026-04-21,Final,70.85,83.67,75.98,Passed
1796,3120,2026-07-11,Final,61.54,63.8,62.44,Passed
1797,3124,2026-03-29,Final,75.82,85.35,79.63,Passed
1798,3134,2026-02-26,Final,81.02,75.98,79.0,Passed
1799,3135,2026-01-14,Final,75.94,77.8,76.68,Passed
1800,3139,2025-12-29,Final,77.42,60.64,70.71,Passed
1801,3140,2026-05-23,Final,75.55,60.12,69.38,Passed
1802,3145,2026-08-11,Final,75.97,67.23,72.48,Passed
1803,3147,2025-10-12,Final,100.0,72.52,89.01,Passed
1804,3155,2026-08-29,Final,58.15,71.39,63.45,Passed
1805,3156,2025-10-16,Final,81.23,93.08,85.97,Passed
1806,3165,2026-07-20,Final,67.93,54.01,62.36,Passed
1807,3172,2026-06-12,Final,84.8,56.43,73.45,Passed
1808,3173,2025-11-11,Final,69.77,69.91,69.82,Passed
1809,3177,2026-09-06,Final,74.16,81.27,77.01,Passed
1810,3192,2025-12-04,Final,66.8,69.72,67.96,Passed
1811,3193,2025-11-19,Final,74.83,74.8,74.82,Passed
1812,3196,2026-05-17,Final,76.17,78.23,77.0,Passed
1813,3200,2026-01-23,Final,85.13,77.71,82.16,Passed
1814,3212,2026-08-27,Final,80.44,54.01,69.87,Passed
1815,3217,2026-03-12,Final,75.6,78.75,76.86,Passed
1816,3221,2026-07-05,Final,83.75,64.69,76.13,Passed
1817,3226,2026-04-26,Final,67.09,66.11,66.7,Passed
1818,3237,2025-10-27,Final,81.44,85.41,83.02,Passed
1819,3253,2026-05-17,Final,70.11,83.9,75.62,Passed
1820,3255,2026-03-30,Final,76.48,71.51,74.49,Passed
1821,3259,2026-05-09,Final,72.46,81.96,76.26,Passed
1822,3260,2026-06-28,Final,78.91,100.0,87.34,Passed
1823,3272,2026-05-07,Final,64.77,79.22,70.55,Passed
1824,3276,2025-11-27,Final,68.65,62.57,66.22,Passed
1825,3278,2026-06-11,Final,74.87,74.65,74.78,Passed
1826,3279,2026-08-25,Final,100.0,70.79,88.32,Passed
1827,3286,2025-11-13,Final,61.44,76.28,67.37,Passed
1828,3291,2025-11-22,Final,50.1,71.9,58.82,Failed
1829,3292,2026-01-07,Final,75.19,82.54,78.13,Passed
1830,3293,2026-01-13,Final,86.68,66.96,78.79,Passed
1831,3299,2026-06-05,Final,73.19,63.81,69.44,Passed
1832,3303,2025-11-10,Final,61.46,76.72,67.57,Passed
1833,3304,2026-01-12,Final,59.72,68.02,63.04,Passed
1834,3305,2025-10-27,Final,63.06,79.6,69.67,Passed
1835,3307,2025-11-09,Final,96.62,57.38,80.92,Passed
1836,3311,2026-05-01,Final,52.76,71.5,60.26,Passed
1837,3312,2026-07-17,Final,75.19,75.62,75.36,Passed
1838,3314,2026-02-26,Final,69.64,70.59,70.02,Passed
1839,3316,2026-03-11,Final,79.41,85.49,81.84,Passed
1840,3330,2026-02-27,Final,51.54,68.57,58.35,Failed
1841,3336,2025-10-01,Final,77.57,61.98,71.33,Passed
1842,3337,2025-12-16,Final,95.77,65.38,83.61,Passed
1843,3340,2026-09-09,Final,74.5,79.67,76.57,Passed
1844,3357,2026-06-27,Final,67.9,50.84,61.08,Passed
1845,3364,2025-12-28,Final,69.86,85.35,76.06,Passed
1846,3378,2026-08-10,Final,70.96,62.84,67.71,Passed
1847,3383,2026-06-16,Final,86.11,69.03,79.28,Passed
1848,3404,2026-05-23,Final,68.88,74.79,71.24,Passed
1849,3411,2026-07-31,Final,84.25,100.0,90.55,Passed
1850,3415,2025-12-09,Final,84.93,86.92,85.72,Passed
1851,3421,2026-03-14,Final,68.93,60.69,65.63,Passed
1852,3422,2026-01-13,Final,75.75,74.29,75.16,Passed
1853,3423,2026-06-25,Final,62.06,70.9,65.59,Passed
1854,3427,2025-10-06,Final,79.79,77.32,78.8,Passed
1855,3428,2026-08-11,Final,81.05,76.49,79.23,Passed
1856,3429,2026-02-07,Final,68.92,66.83,68.08,Passed
1857,3432,2026-05-14,Final,60.61,94.42,74.13,Passed
1858,3433,2026-06-21,Final,75.16,70.3,73.22,Passed
1859,3440,2026-09-24,Final,63.85,100.0,78.31,Passed
1860,3442,2025-11-21,Final,62.12,67.85,64.41,Passed
1861,3454,2026-02-06,Final,79.99,80.2,80.08,Passed
1862,3458,2026-08-11,Final,86.5,94.69,89.77,Passed
1863,3461,2026-06-01,Final,81.07,60.33,72.78,Passed
1864,3463,2026-07-22,Final,71.92,76.69,73.83,Passed
1865,3465,2025-11-18,Final,99.82,56.23,82.38,Passed
1866,3470,2026-07-11,Final,89.43,75.16,83.72,Passed
1867,3473,2026-06-05,Final,85.05,71.78,79.74,Passed
1868,3475,2025-10-02,Final,64.89,82.01,71.74,Passed
1869,3477,2025-10-04,Final,82.85,84.66,83.58,Passed
1870,3482,2025-11-09,Final,74.84,65.8,71.23,Passed
1871,3492,2026-04-04,Final,56.29,82.83,66.91,Passed
1872,3497,2025-12-25,Final,80.09,61.41,72.62,Passed
1873,3508,2026-03-23,Final,68.54,67.4,68.08,Passed
1874,3514,2025-12-03,Final,57.2,63.19,59.6,Failed
1875,3519,2026-05-26,Final,61.39,68.05,64.06,Passed
1876,3520,2025-10-05,Final,66.14,53.48,61.07,Passed
1877,3531,2026-03-24,Final,99.27,88.03,94.77,Passed
1878,3534,2026-02-26,Final,65.65,76.27,69.9,Passed
1879,3539,2026-05-18,Final,80.01,87.29,82.92,Passed
1880,3547,2025-11-29,Final,65.18,86.11,73.55,Passed
1881,3550,2026-01-17,Final,68.43,56.97,63.84,Passed
1882,3558,2025-10-04,Final,83.69,88.49,85.61,Passed
1883,3559,2026-08-16,Final,100.0,58.6,83.44,Passed
1884,3569,2025-11-01,Final,83.39,68.08,77.27,Passed
1885,3588,2026-05-06,Final,84.4,55.35,72.78,Passed
1886,3592,2025-11-17,Final,59.85,63.69,61.38,Passed
1887,3593,2026-01-15,Final,75.95,65.31,71.69,Passed
1888,3595,2026-05-23,Final,82.91,85.32,83.87,Passed
1889,3601,2025-11-05,Final,82.19,92.43,86.29,Passed
1890,3604,2026-05-06,Final,79.99,58.4,71.35,Passed
1891,3611,2026-07-03,Final,91.36,65.74,81.11,Passed
1892,3621,2026-09-12,Final,85.93,91.88,88.31,Passed
1893,3625,2026-08-20,Final,80.48,55.05,70.31,Passed
1894,3626,2026-06-13,Final,63.98,88.87,73.94,Passed
1895,3630,2026-10-01,Final,72.97,73.95,73.36,Passed
1896,3632,2026-09-05,Final,84.11,81.36,83.01,Passed
1897,3645,2026-09-13,Final,78.35,70.5,75.21,Passed
1898,3651,2026-06-06,Final,71.25,83.29,76.07,Passed
1899,3664,2026-08-28,Final,81.64,69.91,76.95,Passed
1900,3667,2026-06-16,Final,87.99,71.45,81.37,Passed
1901,3673,2025-11-29,Final,64.78,63.89,64.42,Passed
1902,3674,2026-04-24,Final,63.26,69.73,65.85,Passed
1903,3675,2026-04-13,Final,89.8,63.34,79.22,Passed
1904,3676,2025-12-14,Final,77.26,65.12,72.4,Passed
1905,3677,2026-01-22,Final,71.88,54.88,65.08,Passed
1906,3680,2026-07-23,Final,72.35,70.68,71.68,Passed
1907,3686,2025-11-27,Final,81.48,75.68,79.16,Passed
1908,3688,2025-12-21,Final,60.62,86.01,70.78,Passed
1909,3690,2026-08-01,Final,77.52,75.38,76.67,Passed
1910,3692,2025-11-30,Final,74.89,66.79,71.65,Passed
1911,3693,2025-12-11,Final,77.61,78.71,78.05,Passed
1912,3704,2026-02-09,Final,54.04,66.53,59.04,Failed
1913,3712,2026-06-27,Final,71.94,76.07,73.59,Passed
1914,3718,2026-01-19,Final,89.32,63.74,79.09,Passed
1915,3721,2026-05-07,Final,69.02,66.85,68.15,Passed
1916,3727,2025-11-10,Final,65.38,68.83,66.76,Passed
1917,3729,2026-07-04,Final,84.25,60.35,74.69,Passed
1918,3735,2026-08-16,Final,80.13,52.58,69.11,Passed
1919,3743,2026-10-03,Final,68.26,69.05,68.58,Passed
1920,3747,2026-04-07,Final,95.1,69.7,84.94,Passed
1921,3748,2026-01-24,Final,48.59,49.01,48.76,Failed
1922,3756,2026-01-30,Final,75.41,80.37,77.39,Passed
1923,3763,2026-05-03,Final,79.51,75.01,77.71,Passed
1924,3767,2025-11-13,Final,88.95,66.52,79.98,Passed
1925,3768,2026-04-09,Final,85.74,53.42,72.81,Passed
1926,3769,2026-02-04,Final,64.14,51.32,59.01,Failed
1927,3770,2026-05-18,Final,71.7,72.44,72.0,Passed
1928,3772,2026-09-14,Final,76.37,73.74,75.32,Passed
1929,3778,2026-05-30,Final,63.87,70.72,66.61,Passed
1930,3786,2026-05-26,Final,57.03,89.36,69.96,Passed
1931,3798,2025-12-09,Final,71.36,67.13,69.67,Passed
1932,3802,2026-01-27,Final,94.07,58.09,79.68,Passed
1933,3804,2026-02-09,Final,61.49,59.85,60.83,Passed
1934,3809,2026-05-17,Final,74.19,78.18,75.78,Passed
1935,3821,2026-10-05,Final,83.88,100.0,90.33,Passed
1936,3824,2026-04-15,Final,48.01,80.3,60.93,Passed
1937,3831,2026-05-15,Final,68.31,65.96,67.37,Passed
1938,3832,2026-01-09,Final,67.56,62.09,65.38,Passed
1939,3849,2026-03-30,Final,95.21,83.11,90.37,Passed
1940,3850,2025-10-07,Final,75.28,89.21,80.85,Passed
1941,3853,2026-04-16,Final,56.85,57.03,56.92,Failed
1942,3854,2026-03-11,Final,48.86,64.61,55.16,Failed
1943,3856,2025-12-30,Final,76.94,74.23,75.86,Passed
1944,3858,2026-03-27,Final,76.79,56.07,68.5,Passed
1945,3866,2026-09-10,Final,84.64,75.88,81.13,Passed
1946,3869,2026-06-17,Final,83.8,50.29,70.39,Passed
1947,3880,2025-10-09,Final,78.74,58.75,70.74,Passed
1948,3885,2026-06-08,Final,70.23,79.41,73.9,Passed
1949,3889,2026-05-13,Final,76.09,62.78,70.77,Passed
1950,3900,2025-12-19,Final,75.08,54.62,66.89,Passed
1951,3915,2026-08-14,Final,88.8,70.54,81.5,Passed
1952,3919,2025-11-09,Final,88.42,66.68,79.73,Passed
1953,3925,2025-10-18,Final,68.72,63.83,66.76,Passed
1954,3933,2026-03-09,Final,85.51,64.49,77.1,Passed
1955,3934,2026-09-16,Final,82.74,68.41,77.01,Passed
1956,3936,2026-07-06,Final,51.29,66.16,57.24,Failed
1957,3939,2026-03-18,Final,60.85,73.41,65.87,Passed
1958,3944,2026-03-17,Final,60.72,84.11,70.07,Passed
1959,3953,2025-12-10,Final,73.91,70.87,72.69,Passed
1960,3966,2026-07-14,Final,82.87,84.57,83.55,Passed
1961,3974,2025-10-22,Final,74.76,63.75,70.35,Passed
1962,3976,2026-04-12,Final,53.71,64.77,58.13,Failed
1963,3979,2026-03-14,Final,67.59,74.28,70.27,Passed
1964,3991,2025-10-14,Final,70.86,81.26,75.02,Passed
1965,3997,2026-04-13,Final,67.64,72.32,69.51,Passed
1966,4008,2026-07-17,Final,89.21,77.1,84.37,Passed
1967,4027,2026-03-01,Final,74.28,65.78,70.88,Passed
1968,4030,2026-01-13,Final,67.4,62.79,65.56,Passed
1969,4031,2026-07-11,Final,68.51,82.07,73.93,Passed
1970,4033,2026-04-14,Final,72.34,56.8,66.12,Passed
1971,4037,2025-12-11,Final,96.22,76.84,88.47,Passed
1972,4040,2026-07-22,Final,58.12,67.7,61.95,Passed
1973,4042,2025-12-07,Final,76.33,93.46,83.18,Passed
1974,4047,2026-06-20,Final,61.7,84.71,70.91,Passed
1975,4054,2026-03-14,Final,91.79,65.46,81.26,Passed
1976,4056,2026-01-21,Final,71.67,60.56,67.23,Passed
1977,4064,2026-02-05,Final,72.56,72.56,72.56,Passed
1978,4065,2026-01-11,Final,82.92,86.08,84.18,Passed
1979,4073,2026-06-01,Final,66.02,49.39,59.37,Failed
1980,4074,2025-12-06,Final,74.75,76.52,75.46,Passed
1981,4075,2026-03-08,Final,77.99,69.08,74.43,Passed
1982,4077,2026-07-19,Final,76.5,91.19,82.37,Passed
1983,4083,2026-01-14,Final,79.58,68.52,75.16,Passed
1984,4087,2026-05-28,Final,69.0,70.96,69.78,Passed
1985,4090,2025-11-22,Final,94.64,70.8,85.1,Passed
1986,4091,2026-08-03,Final,74.76,67.21,71.74,Passed
1987,4102,2026-06-08,Final,88.19,96.52,91.52,Passed
1988,4109,2026-06-18,Final,80.41,73.99,77.84,Passed
1989,4115,2025-12-25,Final,75.44,44.39,63.02,Passed
1990,4116,2026-03-01,Final,83.94,74.61,80.21,Passed
1991,4123,2026-02-22,Final,80.14,64.46,73.87,Passed
1992,4127,2025-12-07,Final,70.39,68.07,69.46,Passed
1993,4133,2026-08-29,Final,87.26,68.45,79.74,Passed
1994,4136,2025-11-22,Final,99.99,78.17,91.26,Passed
1995,4141,2026-09-03,Final,59.69,71.46,64.4,Passed
1996,4146,2026-06-22,Final,67.18,46.67,58.97,Failed
1997,4148,2025-10-03,Final,94.19,81.44,89.09,Passed
1998,4149,2026-07-21,Final,81.4,74.98,78.83,Passed
1999,4161,2025-11-27,Final,58.42,67.2,61.93,Passed
2000,4164,2026-08-29,Final,85.1,60.39,75.21,Passed
2001,4181,2026-03-28,Final,44.62,70.27,54.88,Failed
2002,4189,2026-02-24,Final,73.3,74.63,73.83,Passed
2003,4197,2025-11-30,Final,83.74,80.65,82.51,Passed
2004,4198,2026-09-07,Final,78.11,87.35,81.8,Passed
2005,4207,2025-12-09,Final,56.77,79.05,65.69,Passed
2006,4209,2025-10-24,Final,82.52,58.13,72.76,Passed
2007,4212,2025-12-15,Final,56.97,64.05,59.8,Failed
2008,4217,2026-09-18,Final,67.06,82.04,73.05,Passed
2009,4219,2025-12-04,Final,67.63,62.72,65.66,Passed
2010,4220,2026-09-30,Final,67.66,86.42,75.17,Passed
2011,4228,2026-05-03,Final,75.16,70.85,73.43,Passed
2012,4237,2026-03-07,Final,73.68,88.5,79.61,Passed
2013,4257,2026-09-02,Final,66.01,88.79,75.12,Passed
2014,4268,2026-06-24,Final,77.53,71.07,74.95,Passed
2015,4275,2026-02-05,Final,100.0,60.33,84.13,Passed
2016,4291,2026-01-14,Final,70.76,58.21,65.74,Passed
2017,4295,2026-01-22,Final,86.43,93.27,89.17,Passed
2018,4297,2026-01-26,Final,95.04,87.69,92.1,Passed
2019,4300,2026-03-26,Final,72.63,68.62,71.02,Passed
2020,4303,2026-06-04,Final,54.95,97.43,71.94,Passed
2021,4309,2026-01-29,Final,80.63,67.1,75.22,Passed
2022,4317,2026-09-04,Final,90.94,61.33,79.09,Passed
2023,4318,2026-02-24,Final,79.88,70.93,76.3,Passed
2024,4319,2025-10-10,Final,82.66,72.24,78.49,Passed
2025,4321,2025-10-28,Final,57.59,73.91,64.12,Passed
2026,4331,2025-12-31,Final,87.59,72.65,81.61,Passed
2027,4335,2025-11-07,Final,84.3,60.45,74.76,Passed
2028,4342,2025-11-11,Final,74.68,65.51,71.01,Passed
2029,4343,2025-12-07,Final,83.96,73.38,79.73,Passed
2030,4345,2025-10-11,Final,83.28,86.05,84.39,Passed
2031,4355,2026-01-13,Final,83.3,76.28,80.49,Passed
2032,4361,2026-03-18,Final,63.02,72.97,67.0,Passed
2033,4365,2026-01-25,Final,68.6,68.87,68.71,Passed
2034,4367,2026-03-17,Final,70.51,61.24,66.8,Passed
2035,4376,2026-03-05,Final,51.51,64.98,56.9,Failed
2036,4399,2026-05-10,Final,77.32,56.82,69.12,Passed
2037,4402,2026-01-08,Final,75.19,95.8,83.43,Passed
2038,4404,2026-05-14,Final,87.28,92.72,89.46,Passed
2039,4407,2026-05-03,Final,79.69,87.01,82.62,Passed
2040,4412,2026-07-25,Final,66.31,65.27,65.89,Passed
2041,4413,2025-10-25,Final,42.13,87.23,60.17,Passed
2042,4414,2025-11-27,Final,93.48,66.36,82.64,Passed
2043,4423,2026-03-22,Final,71.95,63.95,68.75,Passed
2044,4436,2026-07-16,Final,79.59,86.5,82.35,Passed
2045,4437,2026-01-25,Final,54.09,77.91,63.62,Passed
2046,4443,2026-01-06,Final,71.68,74.36,72.75,Passed
2047,4444,2026-07-25,Final,80.51,70.74,76.6,Passed
2048,4445,2026-09-19,Final,73.76,70.43,72.43,Passed
2049,4446,2026-05-20,Final,86.64,78.03,83.2,Passed
2050,4447,2025-11-11,Final,77.65,57.75,69.69,Passed
2051,4453,2026-06-12,Final,70.46,83.78,75.79,Passed
2052,4455,2026-08-31,Final,75.45,80.91,77.64,Passed
2053,4473,2025-11-15,Final,96.2,85.46,91.9,Passed
2054,4502,2026-09-26,Final,76.12,66.87,72.42,Passed
2055,4507,2026-03-17,Final,44.36,70.98,55.01,Failed
2056,4508,2026-08-03,Final,71.09,77.68,73.73,Passed
2057,4515,2025-12-17,Final,73.15,69.16,71.55,Passed
2058,4518,2026-03-19,Final,53.65,61.72,56.88,Failed
2059,4524,2025-10-11,Final,80.72,93.59,85.87,Passed
2060,4530,2026-05-11,Final,73.83,76.93,75.07,Passed
2061,4531,2025-10-27,Final,86.43,63.27,77.17,Passed
2062,4532,2026-09-26,Final,79.4,64.11,73.29,Passed
2063,4534,2026-04-28,Final,85.38,74.82,81.15,Passed
2064,4544,2025-11-19,Final,78.58,63.61,72.59,Passed
2065,4556,2025-10-13,Final,83.48,98.02,89.3,Passed
2066,4562,2026-07-14,Final,62.91,68.92,65.31,Passed
2067,4566,2025-10-15,Final,77.78,82.44,79.64,Passed
2068,4572,2026-04-18,Final,68.29,39.0,56.57,Failed
2069,4577,2026-04-18,Final,91.31,82.13,87.64,Passed
2070,4583,2026-06-21,Final,54.08,65.71,58.73,Failed
2071,4587,2026-09-05,Final,93.82,90.37,92.44,Passed
2072,4588,2026-03-08,Final,86.26,70.89,80.11,Passed
2073,4589,2025-12-27,Final,76.0,71.43,74.17,Passed
2074,4613,2025-10-12,Final,88.54,62.49,78.12,Passed
2075,4615,2025-12-25,Final,65.33,85.12,73.25,Passed
2076,4617,2026-06-03,Final,74.47,89.54,80.5,Passed
2077,4619,2026-05-21,Final,66.94,72.34,69.1,Passed
2078,4625,2026-07-30,Final,63.93,73.09,67.59,Passed
2079,4631,2025-12-30,Final,57.26,67.15,61.21,Passed
2080,4632,2026-03-17,Final,57.76,81.33,67.19,Passed
2081,4638,2025-12-11,Final,83.6,52.24,71.05,Passed
2082,4642,2026-03-08,Final,91.01,100.0,94.6,Passed
2083,4661,2026-08-01,Final,75.55,65.31,71.45,Passed
2084,4666,2026-01-14,Final,100.0,57.17,82.87,Passed
2085,4678,2025-10-30,Final,75.24,75.16,75.21,Passed
2086,4679,2026-07-13,Final,91.14,77.32,85.61,Passed
2087,4683,2025-12-07,Final,69.02,61.59,66.04,Passed
2088,4684,2026-09-29,Final,70.9,60.92,66.91,Passed
2089,4685,2026-02-22,Final,75.57,66.23,71.84,Passed
2090,4691,2026-09-30,Final,57.07,88.06,69.47,Passed
2091,4707,2026-07-26,Final,69.03,57.78,64.53,Passed
2092,4712,2025-10-13,Final,72.98,73.82,73.32,Passed
2093,4714,2025-11-12,Final,54.04,76.98,63.22,Passed
2094,4715,2025-10-27,Final,62.43,93.53,74.87,Passed
2095,4727,2026-08-02,Final,81.29,68.2,76.05,Passed
2096,4728,2026-10-04,Final,66.06,71.74,68.33,Passed
2097,4729,2025-12-19,Final,82.35,72.69,78.49,Passed
2098,4733,2026-08-22,Final,72.39,73.7,72.92,Passed
2099,4735,2026-01-13,Final,67.75,68.88,68.2,Passed
2100,4736,2026-07-16,Final,49.97,84.68,63.86,Passed
2101,4746,2026-01-01,Final,78.59,63.72,72.64,Passed
2102,4748,2026-03-21,Final,97.78,74.04,88.29,Passed
2103,4751,2025-10-26,Final,62.57,83.28,70.85,Passed
2104,4753,2025-10-05,Final,79.78,77.73,78.96,Passed
2105,4756,2026-09-17,Final,69.89,78.41,73.3,Passed
2106,4781,2025-11-23,Final,71.86,79.67,74.98,Passed
2107,4785,2026-03-21,Final,52.14,67.79,58.4,Failed
2108,4788,2026-06-30,Final,95.67,63.8,82.92,Passed
2109,4791,2026-06-19,Final,67.75,67.62,67.7,Passed
2110,4792,2026-01-01,Final,60.42,46.5,54.85,Failed
2111,4793,2025-10-09,Final,72.23,74.63,73.19,Passed
2112,4801,2026-07-17,Final,74.37,71.26,73.13,Passed
2113,4804,2025-10-08,Final,75.52,85.27,79.42,Passed
2114,4807,2026-07-28,Final,72.71,66.11,70.07,Passed
2115,4808,2025-10-01,Final,71.63,79.95,74.96,Passed
2116,4809,2025-12-03,Final,91.94,65.46,81.35,Passed
2117,4810,2026-07-26,Final,76.19,77.06,76.54,Passed
2118,4813,2026-08-06,Final,63.09,73.25,67.15,Passed
2119,4815,2026-08-07,Final,57.41,51.77,55.16,Failed
2120,4821,2026-01-27,Final,79.4,68.39,75.0,Passed
2121,4826,2026-08-17,Final,77.43,72.79,75.57,Passed
2122,4829,2025-11-17,Final,63.28,72.46,66.95,Passed
2123,4831,2026-09-10,Final,60.2,89.69,72.0,Passed
2124,4833,2025-12-12,Final,58.73,70.65,63.5,Passed
2125,4842,2026-02-01,Final,62.49,79.85,69.43,Passed
2126,4843,2026-02-13,Final,71.02,66.78,69.32,Passed
2127,4845,2026-01-31,Final,85.24,73.35,80.48,Passed
2128,4846,2026-01-17,Final,81.2,61.22,73.21,Passed
2129,4856,2026-03-13,Final,58.14,74.29,64.6,Passed
2130,4862,2026-01-08,Final,71.17,80.52,74.91,Passed
2131,4870,2026-09-10,Final,74.04,75.46,74.61,Passed
2132,4871,2026-05-17,Final,55.52,95.66,71.58,Passed
2133,4872,2026-03-13,Final,73.03,81.37,76.37,Passed
2134,4888,2025-12-01,Final,64.97,76.7,69.66,Passed
2135,4894,2026-06-28,Final,59.37,78.42,66.99,Passed
2136,4899,2026-03-11,Final,70.73,73.35,71.78,Passed
2137,4907,2025-12-19,Final,83.38,58.21,73.31,Passed
2138,4910,2026-09-25,Final,66.79,78.49,71.47,Passed
2139,4912,2025-10-31,Final,100.0,71.34,88.54,Passed
2140,4914,2025-12-27,Final,82.09,71.72,77.94,Passed
2141,4916,2026-06-12,Final,98.31,52.03,79.8,Passed
2142,4920,2026-01-05,Final,76.14,53.49,67.08,Passed
2143,4925,2026-05-31,Final,44.92,76.57,57.58,Failed
2144,4929,2026-08-02,Final,76.67,69.58,73.84,Passed
2145,4932,2026-02-03,Final,73.73,100.0,84.24,Passed
2146,4933,2025-11-30,Final,71.9,79.12,74.79,Passed
2147,4938,2026-08-04,Final,67.21,76.54,70.94,Passed
2148,4952,2026-02-09,Final,72.14,68.07,70.51,Passed
2149,4963,2026-02-11,Final,96.83,87.13,92.95,Passed
2150,4967,2025-10-07,Final,76.64,45.35,64.12,Passed
2151,4969,2025-11-08,Final,70.67,100.0,82.4,Passed
2152,4970,2026-02-04,Final,72.23,86.24,77.83,Passed
2153,4971,2026-07-25,Final,92.3,75.63,85.63,Passed
2154,4976,2026-07-26,Final,64.9,43.78,56.45,Failed
2155,4978,2026-06-19,Final,83.21,63.22,75.22,Passed
2156,4983,2026-01-02,Final,77.11,58.0,69.47,Passed
2157,4984,2026-06-25,Final,71.82,73.4,72.45,Passed
2158,4989,2026-09-16,Final,78.22,59.62,70.78,Passed
2159,4991,2026-07-30,Final,89.36,65.84,79.95,Passed
2160,4996,2026-02-22,Final,54.91,71.69,61.62,Passed
2161,5000,2026-06-20,Final,75.41,74.93,75.22,Passed
